student_id,name,attendance,total_classes,section,branch,semester,subject,week,attendance_percentage,phone_number
STU001,Vikram Rao,4,4,A,ECE,3,Maths,Week 1,100.0,7790779946
STU001,Vikram Rao,3,4,A,ECE,3,Maths,Week 2,75.0,7790779946
STU001,Vikram Rao,4,4,A,ECE,3,Maths,Week 3,100.0,7790779946
STU001,Vikram Rao,4,4,A,ECE,3,Maths,Week 4,100.0,7790779946
STU001,Vikram Rao,3,4,A,ECE,3,Maths,Week 5,75.0,7790779946
STU001,Vikram Rao,4,5,A,ECE,3,Maths,Week 6,80.0,7790779946
STU001,Vikram Rao,2,4,A,ECE,3,Maths,Week 7,50.0,7790779946
STU001,Vikram Rao,4,4,A,ECE,3,Maths,Week 8,100.0,7790779946
STU001,Vikram Rao,2,2,A,ECE,3,Python,Week 1,100.0,7790779946
STU001,Vikram Rao,3,3,A,ECE,3,Python,Week 2,100.0,7790779946
STU001,Vikram Rao,3,3,A,ECE,3,Python,Week 3,100.0,7790779946
STU001,Vikram Rao,3,4,A,ECE,3,Python,Week 4,75.0,7790779946
STU001,Vikram Rao,3,3,A,ECE,3,Python,Week 5,100.0,7790779946
STU001,Vikram Rao,3,3,A,ECE,3,Python,Week 6,100.0,7790779946
STU001,Vikram Rao,3,3,A,ECE,3,Python,Week 7,100.0,7790779946
STU001,Vikram Rao,4,4,A,ECE,3,Python,Week 8,100.0,7790779946
STU001,Vikram Rao,3,3,A,ECE,3,AI,Week 1,100.0,7790779946
STU001,Vikram Rao,3,3,A,ECE,3,AI,Week 2,100.0,7790779946
STU001,Vikram Rao,3,3,A,ECE,3,AI,Week 3,100.0,7790779946
STU001,Vikram Rao,2,2,A,ECE,3,AI,Week 4,100.0,7790779946
STU001,Vikram Rao,3,3,A,ECE,3,AI,Week 5,100.0,7790779946
STU001,Vikram Rao,3,4,A,ECE,3,AI,Week 6,75.0,7790779946
STU001,Vikram Rao,3,3,A,ECE,3,AI,Week 7,100.0,7790779946
STU001,Vikram Rao,3,3,A,ECE,3,AI,Week 8,100.0,7790779946
STU001,Vikram Rao,5,5,A,ECE,3,DSA,Week 1,100.0,7790779946
STU001,Vikram Rao,3,3,A,ECE,3,DSA,Week 2,100.0,7790779946
STU001,Vikram Rao,4,4,A,ECE,3,DSA,Week 3,100.0,7790779946
STU001,Vikram Rao,5,5,A,ECE,3,DSA,Week 4,100.0,7790779946
STU001,Vikram Rao,5,5,A,ECE,3,DSA,Week 5,100.0,7790779946
STU001,Vikram Rao,3,4,A,ECE,3,DSA,Week 6,75.0,7790779946
STU001,Vikram Rao,3,4,A,ECE,3,DSA,Week 7,75.0,7790779946
STU001,Vikram Rao,5,5,A,ECE,3,DSA,Week 8,100.0,7790779946
STU001,Vikram Rao,1,1,A,ECE,3,Code Lab,Week 1,100.0,7790779946
STU001,Vikram Rao,2,2,A,ECE,3,Code Lab,Week 2,100.0,7790779946
STU001,Vikram Rao,2,2,A,ECE,3,Code Lab,Week 3,100.0,7790779946
STU001,Vikram Rao,2,2,A,ECE,3,Code Lab,Week 4,100.0,7790779946
STU001,Vikram Rao,2,2,A,ECE,3,Code Lab,Week 5,100.0,7790779946
STU001,Vikram Rao,3,3,A,ECE,3,Code Lab,Week 6,100.0,7790779946
STU001,Vikram Rao,2,2,A,ECE,3,Code Lab,Week 7,100.0,7790779946
STU001,Vikram Rao,2,2,A,ECE,3,Code Lab,Week 8,100.0,7790779946
STU001,Vikram Rao,3,3,A,ECE,3,Communication Skills,Week 1,100.0,7790779946
STU001,Vikram Rao,1,1,A,ECE,3,Communication Skills,Week 2,100.0,7790779946
STU001,Vikram Rao,2,2,A,ECE,3,Communication Skills,Week 3,100.0,7790779946
STU001,Vikram Rao,1,2,A,ECE,3,Communication Skills,Week 4,50.0,7790779946
STU001,Vikram Rao,2,2,A,ECE,3,Communication Skills,Week 5,100.0,7790779946
STU001,Vikram Rao,2,2,A,ECE,3,Communication Skills,Week 6,100.0,7790779946
STU001,Vikram Rao,3,3,A,ECE,3,Communication Skills,Week 7,100.0,7790779946
STU001,Vikram Rao,2,2,A,ECE,3,Communication Skills,Week 8,100.0,7790779946
STU002,Simran Verma,4,4,B,MECH,3,Maths,Week 1,100.0,6100604502
STU002,Simran Verma,4,4,B,MECH,3,Maths,Week 2,100.0,6100604502
STU002,Simran Verma,3,3,B,MECH,3,Maths,Week 3,100.0,6100604502
STU002,Simran Verma,3,3,B,MECH,3,Maths,Week 4,100.0,6100604502
STU002,Simran Verma,4,4,B,MECH,3,Maths,Week 5,100.0,6100604502
STU002,Simran Verma,4,4,B,MECH,3,Maths,Week 6,100.0,6100604502
STU002,Simran Verma,3,3,B,MECH,3,Maths,Week 7,100.0,6100604502
STU002,Simran Verma,3,4,B,MECH,3,Maths,Week 8,75.0,6100604502
STU002,Simran Verma,3,3,B,MECH,3,Python,Week 1,100.0,6100604502
STU002,Simran Verma,4,4,B,MECH,3,Python,Week 2,100.0,6100604502
STU002,Simran Verma,2,2,B,MECH,3,Python,Week 3,100.0,6100604502
STU002,Simran Verma,4,4,B,MECH,3,Python,Week 4,100.0,6100604502
STU002,Simran Verma,2,3,B,MECH,3,Python,Week 5,66.67,6100604502
STU002,Simran Verma,2,2,B,MECH,3,Python,Week 6,100.0,6100604502
STU002,Simran Verma,3,3,B,MECH,3,Python,Week 7,100.0,6100604502
STU002,Simran Verma,4,4,B,MECH,3,Python,Week 8,100.0,6100604502
STU002,Simran Verma,3,3,B,MECH,3,AI,Week 1,100.0,6100604502
STU002,Simran Verma,2,2,B,MECH,3,AI,Week 2,100.0,6100604502
STU002,Simran Verma,3,3,B,MECH,3,AI,Week 3,100.0,6100604502
STU002,Simran Verma,4,4,B,MECH,3,AI,Week 4,100.0,6100604502
STU002,Simran Verma,3,3,B,MECH,3,AI,Week 5,100.0,6100604502
STU002,Simran Verma,3,4,B,MECH,3,AI,Week 6,75.0,6100604502
STU002,Simran Verma,2,2,B,MECH,3,AI,Week 7,100.0,6100604502
STU002,Simran Verma,1,3,B,MECH,3,AI,Week 8,33.33,6100604502
STU002,Simran Verma,4,4,B,MECH,3,DSA,Week 1,100.0,6100604502
STU002,Simran Verma,4,4,B,MECH,3,DSA,Week 2,100.0,6100604502
STU002,Simran Verma,4,4,B,MECH,3,DSA,Week 3,100.0,6100604502
STU002,Simran Verma,3,4,B,MECH,3,DSA,Week 4,75.0,6100604502
STU002,Simran Verma,2,3,B,MECH,3,DSA,Week 5,66.67,6100604502
STU002,Simran Verma,3,3,B,MECH,3,DSA,Week 6,100.0,6100604502
STU002,Simran Verma,5,5,B,MECH,3,DSA,Week 7,100.0,6100604502
STU002,Simran Verma,3,4,B,MECH,3,DSA,Week 8,75.0,6100604502
STU002,Simran Verma,2,2,B,MECH,3,Code Lab,Week 1,100.0,6100604502
STU002,Simran Verma,2,2,B,MECH,3,Code Lab,Week 2,100.0,6100604502
STU002,Simran Verma,3,3,B,MECH,3,Code Lab,Week 3,100.0,6100604502
STU002,Simran Verma,2,2,B,MECH,3,Code Lab,Week 4,100.0,6100604502
STU002,Simran Verma,2,2,B,MECH,3,Code Lab,Week 5,100.0,6100604502
STU002,Simran Verma,2,2,B,MECH,3,Code Lab,Week 6,100.0,6100604502
STU002,Simran Verma,1,1,B,MECH,3,Code Lab,Week 7,100.0,6100604502
STU002,Simran Verma,2,2,B,MECH,3,Code Lab,Week 8,100.0,6100604502
STU002,Simran Verma,1,1,B,MECH,3,Communication Skills,Week 1,100.0,6100604502
STU002,Simran Verma,2,2,B,MECH,3,Communication Skills,Week 2,100.0,6100604502
STU002,Simran Verma,2,2,B,MECH,3,Communication Skills,Week 3,100.0,6100604502
STU002,Simran Verma,3,3,B,MECH,3,Communication Skills,Week 4,100.0,6100604502
STU002,Simran Verma,1,1,B,MECH,3,Communication Skills,Week 5,100.0,6100604502
STU002,Simran Verma,1,1,B,MECH,3,Communication Skills,Week 6,100.0,6100604502
STU002,Simran Verma,1,1,B,MECH,3,Communication Skills,Week 7,100.0,6100604502
STU002,Simran Verma,1,1,B,MECH,3,Communication Skills,Week 8,100.0,6100604502
STU003,Payal Rao,3,4,A,MECH,5,Maths,Week 1,75.0,9236696312
STU003,Payal Rao,2,4,A,MECH,5,Maths,Week 2,50.0,9236696312
STU003,Payal Rao,2,4,A,MECH,5,Maths,Week 3,50.0,9236696312
STU003,Payal Rao,3,5,A,MECH,5,Maths,Week 4,60.0,9236696312
STU003,Payal Rao,0,4,A,MECH,5,Maths,Week 5,0.0,9236696312
STU003,Payal Rao,3,4,A,MECH,5,Maths,Week 6,75.0,9236696312
STU003,Payal Rao,3,4,A,MECH,5,Maths,Week 7,75.0,9236696312
STU003,Payal Rao,4,4,A,MECH,5,Maths,Week 8,100.0,9236696312
STU003,Payal Rao,3,3,A,MECH,5,Python,Week 1,100.0,9236696312
STU003,Payal Rao,2,3,A,MECH,5,Python,Week 2,66.67,9236696312
STU003,Payal Rao,1,2,A,MECH,5,Python,Week 3,50.0,9236696312
STU003,Payal Rao,2,4,A,MECH,5,Python,Week 4,50.0,9236696312
STU003,Payal Rao,1,3,A,MECH,5,Python,Week 5,33.33,9236696312
STU003,Payal Rao,2,3,A,MECH,5,Python,Week 6,66.67,9236696312
STU003,Payal Rao,1,3,A,MECH,5,Python,Week 7,33.33,9236696312
STU003,Payal Rao,2,3,A,MECH,5,Python,Week 8,66.67,9236696312
STU003,Payal Rao,3,4,A,MECH,5,AI,Week 1,75.0,9236696312
STU003,Payal Rao,2,4,A,MECH,5,AI,Week 2,50.0,9236696312
STU003,Payal Rao,0,3,A,MECH,5,AI,Week 3,0.0,9236696312
STU003,Payal Rao,1,2,A,MECH,5,AI,Week 4,50.0,9236696312
STU003,Payal Rao,1,3,A,MECH,5,AI,Week 5,33.33,9236696312
STU003,Payal Rao,3,4,A,MECH,5,AI,Week 6,75.0,9236696312
STU003,Payal Rao,0,2,A,MECH,5,AI,Week 7,0.0,9236696312
STU003,Payal Rao,1,4,A,MECH,5,AI,Week 8,25.0,9236696312
STU003,Payal Rao,1,4,A,MECH,5,DSA,Week 1,25.0,9236696312
STU003,Payal Rao,3,3,A,MECH,5,DSA,Week 2,100.0,9236696312
STU003,Payal Rao,3,5,A,MECH,5,DSA,Week 3,60.0,9236696312
STU003,Payal Rao,3,4,A,MECH,5,DSA,Week 4,75.0,9236696312
STU003,Payal Rao,2,5,A,MECH,5,DSA,Week 5,40.0,9236696312
STU003,Payal Rao,4,4,A,MECH,5,DSA,Week 6,100.0,9236696312
STU003,Payal Rao,1,3,A,MECH,5,DSA,Week 7,33.33,9236696312
STU003,Payal Rao,1,4,A,MECH,5,DSA,Week 8,25.0,9236696312
STU003,Payal Rao,2,2,A,MECH,5,Code Lab,Week 1,100.0,9236696312
STU003,Payal Rao,1,1,A,MECH,5,Code Lab,Week 2,100.0,9236696312
STU003,Payal Rao,1,2,A,MECH,5,Code Lab,Week 3,50.0,9236696312
STU003,Payal Rao,1,2,A,MECH,5,Code Lab,Week 4,50.0,9236696312
STU003,Payal Rao,0,2,A,MECH,5,Code Lab,Week 5,0.0,9236696312
STU003,Payal Rao,0,2,A,MECH,5,Code Lab,Week 6,0.0,9236696312
STU003,Payal Rao,2,2,A,MECH,5,Code Lab,Week 7,100.0,9236696312
STU003,Payal Rao,1,2,A,MECH,5,Code Lab,Week 8,50.0,9236696312
STU003,Payal Rao,0,3,A,MECH,5,Communication Skills,Week 1,0.0,9236696312
STU003,Payal Rao,0,2,A,MECH,5,Communication Skills,Week 2,0.0,9236696312
STU003,Payal Rao,3,3,A,MECH,5,Communication Skills,Week 3,100.0,9236696312
STU003,Payal Rao,3,3,A,MECH,5,Communication Skills,Week 4,100.0,9236696312
STU003,Payal Rao,0,3,A,MECH,5,Communication Skills,Week 5,0.0,9236696312
STU003,Payal Rao,2,3,A,MECH,5,Communication Skills,Week 6,66.67,9236696312
STU003,Payal Rao,0,2,A,MECH,5,Communication Skills,Week 7,0.0,9236696312
STU003,Payal Rao,2,2,A,MECH,5,Communication Skills,Week 8,100.0,9236696312
STU004,Nikhil Rao,3,3,C,AI&DS,4,Maths,Week 1,100.0,8298362082
STU004,Nikhil Rao,4,5,C,AI&DS,4,Maths,Week 2,80.0,8298362082
STU004,Nikhil Rao,4,4,C,AI&DS,4,Maths,Week 3,100.0,8298362082
STU004,Nikhil Rao,3,5,C,AI&DS,4,Maths,Week 4,60.0,8298362082
STU004,Nikhil Rao,3,5,C,AI&DS,4,Maths,Week 5,60.0,8298362082
STU004,Nikhil Rao,3,4,C,AI&DS,4,Maths,Week 6,75.0,8298362082
STU004,Nikhil Rao,3,3,C,AI&DS,4,Maths,Week 7,100.0,8298362082
STU004,Nikhil Rao,3,4,C,AI&DS,4,Maths,Week 8,75.0,8298362082
STU004,Nikhil Rao,2,2,C,AI&DS,4,Python,Week 1,100.0,8298362082
STU004,Nikhil Rao,3,3,C,AI&DS,4,Python,Week 2,100.0,8298362082
STU004,Nikhil Rao,4,4,C,AI&DS,4,Python,Week 3,100.0,8298362082
STU004,Nikhil Rao,3,3,C,AI&DS,4,Python,Week 4,100.0,8298362082
STU004,Nikhil Rao,1,4,C,AI&DS,4,Python,Week 5,25.0,8298362082
STU004,Nikhil Rao,4,4,C,AI&DS,4,Python,Week 6,100.0,8298362082
STU004,Nikhil Rao,3,4,C,AI&DS,4,Python,Week 7,75.0,8298362082
STU004,Nikhil Rao,3,3,C,AI&DS,4,Python,Week 8,100.0,8298362082
STU004,Nikhil Rao,3,3,C,AI&DS,4,AI,Week 1,100.0,8298362082
STU004,Nikhil Rao,2,3,C,AI&DS,4,AI,Week 2,66.67,8298362082
STU004,Nikhil Rao,3,3,C,AI&DS,4,AI,Week 3,100.0,8298362082
STU004,Nikhil Rao,3,3,C,AI&DS,4,AI,Week 4,100.0,8298362082
STU004,Nikhil Rao,4,4,C,AI&DS,4,AI,Week 5,100.0,8298362082
STU004,Nikhil Rao,2,3,C,AI&DS,4,AI,Week 6,66.67,8298362082
STU004,Nikhil Rao,1,3,C,AI&DS,4,AI,Week 7,33.33,8298362082
STU004,Nikhil Rao,3,3,C,AI&DS,4,AI,Week 8,100.0,8298362082
STU004,Nikhil Rao,3,4,C,AI&DS,4,DSA,Week 1,75.0,8298362082
STU004,Nikhil Rao,5,5,C,AI&DS,4,DSA,Week 2,100.0,8298362082
STU004,Nikhil Rao,3,3,C,AI&DS,4,DSA,Week 3,100.0,8298362082
STU004,Nikhil Rao,4,4,C,AI&DS,4,DSA,Week 4,100.0,8298362082
STU004,Nikhil Rao,4,5,C,AI&DS,4,DSA,Week 5,80.0,8298362082
STU004,Nikhil Rao,5,5,C,AI&DS,4,DSA,Week 6,100.0,8298362082
STU004,Nikhil Rao,4,4,C,AI&DS,4,DSA,Week 7,100.0,8298362082
STU004,Nikhil Rao,4,4,C,AI&DS,4,DSA,Week 8,100.0,8298362082
STU004,Nikhil Rao,1,2,C,AI&DS,4,Code Lab,Week 1,50.0,8298362082
STU004,Nikhil Rao,2,2,C,AI&DS,4,Code Lab,Week 2,100.0,8298362082
STU004,Nikhil Rao,3,3,C,AI&DS,4,Code Lab,Week 3,100.0,8298362082
STU004,Nikhil Rao,1,1,C,AI&DS,4,Code Lab,Week 4,100.0,8298362082
STU004,Nikhil Rao,2,2,C,AI&DS,4,Code Lab,Week 5,100.0,8298362082
STU004,Nikhil Rao,2,2,C,AI&DS,4,Code Lab,Week 6,100.0,8298362082
STU004,Nikhil Rao,2,2,C,AI&DS,4,Code Lab,Week 7,100.0,8298362082
STU004,Nikhil Rao,1,1,C,AI&DS,4,Code Lab,Week 8,100.0,8298362082
STU004,Nikhil Rao,2,2,C,AI&DS,4,Communication Skills,Week 1,100.0,8298362082
STU004,Nikhil Rao,2,2,C,AI&DS,4,Communication Skills,Week 2,100.0,8298362082
STU004,Nikhil Rao,2,2,C,AI&DS,4,Communication Skills,Week 3,100.0,8298362082
STU004,Nikhil Rao,1,2,C,AI&DS,4,Communication Skills,Week 4,50.0,8298362082
STU004,Nikhil Rao,2,2,C,AI&DS,4,Communication Skills,Week 5,100.0,8298362082
STU004,Nikhil Rao,2,3,C,AI&DS,4,Communication Skills,Week 6,66.67,8298362082
STU004,Nikhil Rao,2,2,C,AI&DS,4,Communication Skills,Week 7,100.0,8298362082
STU004,Nikhil Rao,1,1,C,AI&DS,4,Communication Skills,Week 8,100.0,8298362082
STU005,Siddharth Iyer,2,4,B,CSE,3,Maths,Week 1,50.0,8909990148
STU005,Siddharth Iyer,1,4,B,CSE,3,Maths,Week 2,25.0,8909990148
STU005,Siddharth Iyer,4,4,B,CSE,3,Maths,Week 3,100.0,8909990148
STU005,Siddharth Iyer,1,5,B,CSE,3,Maths,Week 4,20.0,8909990148
STU005,Siddharth Iyer,4,5,B,CSE,3,Maths,Week 5,80.0,8909990148
STU005,Siddharth Iyer,1,4,B,CSE,3,Maths,Week 6,25.0,8909990148
STU005,Siddharth Iyer,3,3,B,CSE,3,Maths,Week 7,100.0,8909990148
STU005,Siddharth Iyer,0,4,B,CSE,3,Maths,Week 8,0.0,8909990148
STU005,Siddharth Iyer,2,3,B,CSE,3,Python,Week 1,66.67,8909990148
STU005,Siddharth Iyer,2,3,B,CSE,3,Python,Week 2,66.67,8909990148
STU005,Siddharth Iyer,1,3,B,CSE,3,Python,Week 3,33.33,8909990148
STU005,Siddharth Iyer,2,3,B,CSE,3,Python,Week 4,66.67,8909990148
STU005,Siddharth Iyer,2,3,B,CSE,3,Python,Week 5,66.67,8909990148
STU005,Siddharth Iyer,1,2,B,CSE,3,Python,Week 6,50.0,8909990148
STU005,Siddharth Iyer,3,4,B,CSE,3,Python,Week 7,75.0,8909990148
STU005,Siddharth Iyer,2,3,B,CSE,3,Python,Week 8,66.67,8909990148
STU005,Siddharth Iyer,0,4,B,CSE,3,AI,Week 1,0.0,8909990148
STU005,Siddharth Iyer,1,2,B,CSE,3,AI,Week 2,50.0,8909990148
STU005,Siddharth Iyer,2,3,B,CSE,3,AI,Week 3,66.67,8909990148
STU005,Siddharth Iyer,2,2,B,CSE,3,AI,Week 4,100.0,8909990148
STU005,Siddharth Iyer,3,3,B,CSE,3,AI,Week 5,100.0,8909990148
STU005,Siddharth Iyer,2,4,B,CSE,3,AI,Week 6,50.0,8909990148
STU005,Siddharth Iyer,2,2,B,CSE,3,AI,Week 7,100.0,8909990148
STU005,Siddharth Iyer,0,3,B,CSE,3,AI,Week 8,0.0,8909990148
STU005,Siddharth Iyer,4,5,B,CSE,3,DSA,Week 1,80.0,8909990148
STU005,Siddharth Iyer,1,4,B,CSE,3,DSA,Week 2,25.0,8909990148
STU005,Siddharth Iyer,2,3,B,CSE,3,DSA,Week 3,66.67,8909990148
STU005,Siddharth Iyer,1,3,B,CSE,3,DSA,Week 4,33.33,8909990148
STU005,Siddharth Iyer,2,4,B,CSE,3,DSA,Week 5,50.0,8909990148
STU005,Siddharth Iyer,2,3,B,CSE,3,DSA,Week 6,66.67,8909990148
STU005,Siddharth Iyer,2,3,B,CSE,3,DSA,Week 7,66.67,8909990148
STU005,Siddharth Iyer,1,3,B,CSE,3,DSA,Week 8,33.33,8909990148
STU005,Siddharth Iyer,0,2,B,CSE,3,Code Lab,Week 1,0.0,8909990148
STU005,Siddharth Iyer,1,3,B,CSE,3,Code Lab,Week 2,33.33,8909990148
STU005,Siddharth Iyer,2,2,B,CSE,3,Code Lab,Week 3,100.0,8909990148
STU005,Siddharth Iyer,0,1,B,CSE,3,Code Lab,Week 4,0.0,8909990148
STU005,Siddharth Iyer,2,3,B,CSE,3,Code Lab,Week 5,66.67,8909990148
STU005,Siddharth Iyer,0,1,B,CSE,3,Code Lab,Week 6,0.0,8909990148
STU005,Siddharth Iyer,1,2,B,CSE,3,Code Lab,Week 7,50.0,8909990148
STU005,Siddharth Iyer,1,2,B,CSE,3,Code Lab,Week 8,50.0,8909990148
STU005,Siddharth Iyer,1,2,B,CSE,3,Communication Skills,Week 1,50.0,8909990148
STU005,Siddharth Iyer,0,2,B,CSE,3,Communication Skills,Week 2,0.0,8909990148
STU005,Siddharth Iyer,1,2,B,CSE,3,Communication Skills,Week 3,50.0,8909990148
STU005,Siddharth Iyer,1,2,B,CSE,3,Communication Skills,Week 4,50.0,8909990148
STU005,Siddharth Iyer,1,2,B,CSE,3,Communication Skills,Week 5,50.0,8909990148
STU005,Siddharth Iyer,0,2,B,CSE,3,Communication Skills,Week 6,0.0,8909990148
STU005,Siddharth Iyer,0,2,B,CSE,3,Communication Skills,Week 7,0.0,8909990148
STU005,Siddharth Iyer,0,2,B,CSE,3,Communication Skills,Week 8,0.0,8909990148
STU006,Pooja Sharma,3,4,C,IT,3,Maths,Week 1,75.0,9084611066
STU006,Pooja Sharma,4,5,C,IT,3,Maths,Week 2,80.0,9084611066
STU006,Pooja Sharma,3,4,C,IT,3,Maths,Week 3,75.0,9084611066
STU006,Pooja Sharma,1,3,C,IT,3,Maths,Week 4,33.33,9084611066
STU006,Pooja Sharma,3,4,C,IT,3,Maths,Week 5,75.0,9084611066
STU006,Pooja Sharma,1,4,C,IT,3,Maths,Week 6,25.0,9084611066
STU006,Pooja Sharma,1,3,C,IT,3,Maths,Week 7,33.33,9084611066
STU006,Pooja Sharma,1,4,C,IT,3,Maths,Week 8,25.0,9084611066
STU006,Pooja Sharma,3,3,C,IT,3,Python,Week 1,100.0,9084611066
STU006,Pooja Sharma,2,2,C,IT,3,Python,Week 2,100.0,9084611066
STU006,Pooja Sharma,2,3,C,IT,3,Python,Week 3,66.67,9084611066
STU006,Pooja Sharma,2,3,C,IT,3,Python,Week 4,66.67,9084611066
STU006,Pooja Sharma,2,3,C,IT,3,Python,Week 5,66.67,9084611066
STU006,Pooja Sharma,2,2,C,IT,3,Python,Week 6,100.0,9084611066
STU006,Pooja Sharma,2,4,C,IT,3,Python,Week 7,50.0,9084611066
STU006,Pooja Sharma,1,3,C,IT,3,Python,Week 8,33.33,9084611066
STU006,Pooja Sharma,3,3,C,IT,3,AI,Week 1,100.0,9084611066
STU006,Pooja Sharma,2,2,C,IT,3,AI,Week 2,100.0,9084611066
STU006,Pooja Sharma,3,3,C,IT,3,AI,Week 3,100.0,9084611066
STU006,Pooja Sharma,1,3,C,IT,3,AI,Week 4,33.33,9084611066
STU006,Pooja Sharma,2,3,C,IT,3,AI,Week 5,66.67,9084611066
STU006,Pooja Sharma,2,3,C,IT,3,AI,Week 6,66.67,9084611066
STU006,Pooja Sharma,1,4,C,IT,3,AI,Week 7,25.0,9084611066
STU006,Pooja Sharma,0,2,C,IT,3,AI,Week 8,0.0,9084611066
STU006,Pooja Sharma,3,4,C,IT,3,DSA,Week 1,75.0,9084611066
STU006,Pooja Sharma,3,4,C,IT,3,DSA,Week 2,75.0,9084611066
STU006,Pooja Sharma,4,5,C,IT,3,DSA,Week 3,80.0,9084611066
STU006,Pooja Sharma,4,4,C,IT,3,DSA,Week 4,100.0,9084611066
STU006,Pooja Sharma,2,3,C,IT,3,DSA,Week 5,66.67,9084611066
STU006,Pooja Sharma,4,4,C,IT,3,DSA,Week 6,100.0,9084611066
STU006,Pooja Sharma,2,4,C,IT,3,DSA,Week 7,50.0,9084611066
STU006,Pooja Sharma,2,4,C,IT,3,DSA,Week 8,50.0,9084611066
STU006,Pooja Sharma,1,1,C,IT,3,Code Lab,Week 1,100.0,9084611066
STU006,Pooja Sharma,2,2,C,IT,3,Code Lab,Week 2,100.0,9084611066
STU006,Pooja Sharma,1,2,C,IT,3,Code Lab,Week 3,50.0,9084611066
STU006,Pooja Sharma,0,1,C,IT,3,Code Lab,Week 4,0.0,9084611066
STU006,Pooja Sharma,0,2,C,IT,3,Code Lab,Week 5,0.0,9084611066
STU006,Pooja Sharma,1,1,C,IT,3,Code Lab,Week 6,100.0,9084611066
STU006,Pooja Sharma,0,1,C,IT,3,Code Lab,Week 7,0.0,9084611066
STU006,Pooja Sharma,1,2,C,IT,3,Code Lab,Week 8,50.0,9084611066
STU006,Pooja Sharma,2,2,C,IT,3,Communication Skills,Week 1,100.0,9084611066
STU006,Pooja Sharma,3,3,C,IT,3,Communication Skills,Week 2,100.0,9084611066
STU006,Pooja Sharma,3,3,C,IT,3,Communication Skills,Week 3,100.0,9084611066
STU006,Pooja Sharma,1,2,C,IT,3,Communication Skills,Week 4,50.0,9084611066
STU006,Pooja Sharma,1,2,C,IT,3,Communication Skills,Week 5,50.0,9084611066
STU006,Pooja Sharma,3,3,C,IT,3,Communication Skills,Week 6,100.0,9084611066
STU006,Pooja Sharma,1,3,C,IT,3,Communication Skills,Week 7,33.33,9084611066
STU006,Pooja Sharma,1,3,C,IT,3,Communication Skills,Week 8,33.33,9084611066
STU007,Ravi Singh,2,4,A,MECH,5,Maths,Week 1,50.0,6049203558
STU007,Ravi Singh,2,4,A,MECH,5,Maths,Week 2,50.0,6049203558
STU007,Ravi Singh,1,4,A,MECH,5,Maths,Week 3,25.0,6049203558
STU007,Ravi Singh,3,4,A,MECH,5,Maths,Week 4,75.0,6049203558
STU007,Ravi Singh,3,4,A,MECH,5,Maths,Week 5,75.0,6049203558
STU007,Ravi Singh,4,4,A,MECH,5,Maths,Week 6,100.0,6049203558
STU007,Ravi Singh,2,3,A,MECH,5,Maths,Week 7,66.67,6049203558
STU007,Ravi Singh,3,3,A,MECH,5,Maths,Week 8,100.0,6049203558
STU007,Ravi Singh,2,3,A,MECH,5,Python,Week 1,66.67,6049203558
STU007,Ravi Singh,1,3,A,MECH,5,Python,Week 2,33.33,6049203558
STU007,Ravi Singh,2,4,A,MECH,5,Python,Week 3,50.0,6049203558
STU007,Ravi Singh,1,2,A,MECH,5,Python,Week 4,50.0,6049203558
STU007,Ravi Singh,2,3,A,MECH,5,Python,Week 5,66.67,6049203558
STU007,Ravi Singh,2,3,A,MECH,5,Python,Week 6,66.67,6049203558
STU007,Ravi Singh,3,4,A,MECH,5,Python,Week 7,75.0,6049203558
STU007,Ravi Singh,2,4,A,MECH,5,Python,Week 8,50.0,6049203558
STU007,Ravi Singh,2,3,A,MECH,5,AI,Week 1,66.67,6049203558
STU007,Ravi Singh,2,4,A,MECH,5,AI,Week 2,50.0,6049203558
STU007,Ravi Singh,1,3,A,MECH,5,AI,Week 3,33.33,6049203558
STU007,Ravi Singh,2,3,A,MECH,5,AI,Week 4,66.67,6049203558
STU007,Ravi Singh,1,2,A,MECH,5,AI,Week 5,50.0,6049203558
STU007,Ravi Singh,2,3,A,MECH,5,AI,Week 6,66.67,6049203558
STU007,Ravi Singh,4,4,A,MECH,5,AI,Week 7,100.0,6049203558
STU007,Ravi Singh,3,4,A,MECH,5,AI,Week 8,75.0,6049203558
STU007,Ravi Singh,3,5,A,MECH,5,DSA,Week 1,60.0,6049203558
STU007,Ravi Singh,0,4,A,MECH,5,DSA,Week 2,0.0,6049203558
STU007,Ravi Singh,0,4,A,MECH,5,DSA,Week 3,0.0,6049203558
STU007,Ravi Singh,1,4,A,MECH,5,DSA,Week 4,25.0,6049203558
STU007,Ravi Singh,4,5,A,MECH,5,DSA,Week 5,80.0,6049203558
STU007,Ravi Singh,4,4,A,MECH,5,DSA,Week 6,100.0,6049203558
STU007,Ravi Singh,4,4,A,MECH,5,DSA,Week 7,100.0,6049203558
STU007,Ravi Singh,3,3,A,MECH,5,DSA,Week 8,100.0,6049203558
STU007,Ravi Singh,2,2,A,MECH,5,Code Lab,Week 1,100.0,6049203558
STU007,Ravi Singh,3,3,A,MECH,5,Code Lab,Week 2,100.0,6049203558
STU007,Ravi Singh,0,1,A,MECH,5,Code Lab,Week 3,0.0,6049203558
STU007,Ravi Singh,1,1,A,MECH,5,Code Lab,Week 4,100.0,6049203558
STU007,Ravi Singh,1,1,A,MECH,5,Code Lab,Week 5,100.0,6049203558
STU007,Ravi Singh,0,2,A,MECH,5,Code Lab,Week 6,0.0,6049203558
STU007,Ravi Singh,2,3,A,MECH,5,Code Lab,Week 7,66.67,6049203558
STU007,Ravi Singh,1,2,A,MECH,5,Code Lab,Week 8,50.0,6049203558
STU007,Ravi Singh,1,1,A,MECH,5,Communication Skills,Week 1,100.0,6049203558
STU007,Ravi Singh,0,2,A,MECH,5,Communication Skills,Week 2,0.0,6049203558
STU007,Ravi Singh,3,3,A,MECH,5,Communication Skills,Week 3,100.0,6049203558
STU007,Ravi Singh,1,1,A,MECH,5,Communication Skills,Week 4,100.0,6049203558
STU007,Ravi Singh,0,2,A,MECH,5,Communication Skills,Week 5,0.0,6049203558
STU007,Ravi Singh,3,3,A,MECH,5,Communication Skills,Week 6,100.0,6049203558
STU007,Ravi Singh,1,2,A,MECH,5,Communication Skills,Week 7,50.0,6049203558
STU007,Ravi Singh,1,1,A,MECH,5,Communication Skills,Week 8,100.0,6049203558
STU008,Riya Verma,5,5,A,AI&DS,4,Maths,Week 1,100.0,8486845604
STU008,Riya Verma,4,5,A,AI&DS,4,Maths,Week 2,80.0,8486845604
STU008,Riya Verma,3,5,A,AI&DS,4,Maths,Week 3,60.0,8486845604
STU008,Riya Verma,4,5,A,AI&DS,4,Maths,Week 4,80.0,8486845604
STU008,Riya Verma,1,5,A,AI&DS,4,Maths,Week 5,20.0,8486845604
STU008,Riya Verma,3,4,A,AI&DS,4,Maths,Week 6,75.0,8486845604
STU008,Riya Verma,2,4,A,AI&DS,4,Maths,Week 7,50.0,8486845604
STU008,Riya Verma,3,5,A,AI&DS,4,Maths,Week 8,60.0,8486845604
STU008,Riya Verma,3,3,A,AI&DS,4,Python,Week 1,100.0,8486845604
STU008,Riya Verma,2,3,A,AI&DS,4,Python,Week 2,66.67,8486845604
STU008,Riya Verma,3,4,A,AI&DS,4,Python,Week 3,75.0,8486845604
STU008,Riya Verma,3,3,A,AI&DS,4,Python,Week 4,100.0,8486845604
STU008,Riya Verma,3,3,A,AI&DS,4,Python,Week 5,100.0,8486845604
STU008,Riya Verma,2,3,A,AI&DS,4,Python,Week 6,66.67,8486845604
STU008,Riya Verma,1,3,A,AI&DS,4,Python,Week 7,33.33,8486845604
STU008,Riya Verma,2,4,A,AI&DS,4,Python,Week 8,50.0,8486845604
STU008,Riya Verma,3,3,A,AI&DS,4,AI,Week 1,100.0,8486845604
STU008,Riya Verma,3,3,A,AI&DS,4,AI,Week 2,100.0,8486845604
STU008,Riya Verma,3,3,A,AI&DS,4,AI,Week 3,100.0,8486845604
STU008,Riya Verma,4,4,A,AI&DS,4,AI,Week 4,100.0,8486845604
STU008,Riya Verma,3,3,A,AI&DS,4,AI,Week 5,100.0,8486845604
STU008,Riya Verma,3,3,A,AI&DS,4,AI,Week 6,100.0,8486845604
STU008,Riya Verma,2,3,A,AI&DS,4,AI,Week 7,66.67,8486845604
STU008,Riya Verma,0,3,A,AI&DS,4,AI,Week 8,0.0,8486845604
STU008,Riya Verma,4,4,A,AI&DS,4,DSA,Week 1,100.0,8486845604
STU008,Riya Verma,4,4,A,AI&DS,4,DSA,Week 2,100.0,8486845604
STU008,Riya Verma,1,4,A,AI&DS,4,DSA,Week 3,25.0,8486845604
STU008,Riya Verma,3,3,A,AI&DS,4,DSA,Week 4,100.0,8486845604
STU008,Riya Verma,3,3,A,AI&DS,4,DSA,Week 5,100.0,8486845604
STU008,Riya Verma,2,5,A,AI&DS,4,DSA,Week 6,40.0,8486845604
STU008,Riya Verma,1,4,A,AI&DS,4,DSA,Week 7,25.0,8486845604
STU008,Riya Verma,2,4,A,AI&DS,4,DSA,Week 8,50.0,8486845604
STU008,Riya Verma,2,2,A,AI&DS,4,Code Lab,Week 1,100.0,8486845604
STU008,Riya Verma,1,1,A,AI&DS,4,Code Lab,Week 2,100.0,8486845604
STU008,Riya Verma,2,2,A,AI&DS,4,Code Lab,Week 3,100.0,8486845604
STU008,Riya Verma,2,2,A,AI&DS,4,Code Lab,Week 4,100.0,8486845604
STU008,Riya Verma,2,2,A,AI&DS,4,Code Lab,Week 5,100.0,8486845604
STU008,Riya Verma,1,1,A,AI&DS,4,Code Lab,Week 6,100.0,8486845604
STU008,Riya Verma,0,2,A,AI&DS,4,Code Lab,Week 7,0.0,8486845604
STU008,Riya Verma,0,2,A,AI&DS,4,Code Lab,Week 8,0.0,8486845604
STU008,Riya Verma,2,2,A,AI&DS,4,Communication Skills,Week 1,100.0,8486845604
STU008,Riya Verma,3,3,A,AI&DS,4,Communication Skills,Week 2,100.0,8486845604
STU008,Riya Verma,0,2,A,AI&DS,4,Communication Skills,Week 3,0.0,8486845604
STU008,Riya Verma,1,1,A,AI&DS,4,Communication Skills,Week 4,100.0,8486845604
STU008,Riya Verma,1,2,A,AI&DS,4,Communication Skills,Week 5,50.0,8486845604
STU008,Riya Verma,1,2,A,AI&DS,4,Communication Skills,Week 6,50.0,8486845604
STU008,Riya Verma,1,2,A,AI&DS,4,Communication Skills,Week 7,50.0,8486845604
STU008,Riya Verma,1,1,A,AI&DS,4,Communication Skills,Week 8,100.0,8486845604
STU009,Yash Gupta,4,4,B,ECE,3,Maths,Week 1,100.0,8753573823
STU009,Yash Gupta,4,4,B,ECE,3,Maths,Week 2,100.0,8753573823
STU009,Yash Gupta,4,4,B,ECE,3,Maths,Week 3,100.0,8753573823
STU009,Yash Gupta,4,4,B,ECE,3,Maths,Week 4,100.0,8753573823
STU009,Yash Gupta,3,3,B,ECE,3,Maths,Week 5,100.0,8753573823
STU009,Yash Gupta,2,3,B,ECE,3,Maths,Week 6,66.67,8753573823
STU009,Yash Gupta,3,4,B,ECE,3,Maths,Week 7,75.0,8753573823
STU009,Yash Gupta,3,4,B,ECE,3,Maths,Week 8,75.0,8753573823
STU009,Yash Gupta,3,3,B,ECE,3,Python,Week 1,100.0,8753573823
STU009,Yash Gupta,3,4,B,ECE,3,Python,Week 2,75.0,8753573823
STU009,Yash Gupta,3,3,B,ECE,3,Python,Week 3,100.0,8753573823
STU009,Yash Gupta,2,3,B,ECE,3,Python,Week 4,66.67,8753573823
STU009,Yash Gupta,3,4,B,ECE,3,Python,Week 5,75.0,8753573823
STU009,Yash Gupta,3,3,B,ECE,3,Python,Week 6,100.0,8753573823
STU009,Yash Gupta,2,3,B,ECE,3,Python,Week 7,66.67,8753573823
STU009,Yash Gupta,0,4,B,ECE,3,Python,Week 8,0.0,8753573823
STU009,Yash Gupta,2,4,B,ECE,3,AI,Week 1,50.0,8753573823
STU009,Yash Gupta,4,4,B,ECE,3,AI,Week 2,100.0,8753573823
STU009,Yash Gupta,2,3,B,ECE,3,AI,Week 3,66.67,8753573823
STU009,Yash Gupta,3,3,B,ECE,3,AI,Week 4,100.0,8753573823
STU009,Yash Gupta,2,2,B,ECE,3,AI,Week 5,100.0,8753573823
STU009,Yash Gupta,1,2,B,ECE,3,AI,Week 6,50.0,8753573823
STU009,Yash Gupta,3,4,B,ECE,3,AI,Week 7,75.0,8753573823
STU009,Yash Gupta,1,3,B,ECE,3,AI,Week 8,33.33,8753573823
STU009,Yash Gupta,2,4,B,ECE,3,DSA,Week 1,50.0,8753573823
STU009,Yash Gupta,4,4,B,ECE,3,DSA,Week 2,100.0,8753573823
STU009,Yash Gupta,4,4,B,ECE,3,DSA,Week 3,100.0,8753573823
STU009,Yash Gupta,5,5,B,ECE,3,DSA,Week 4,100.0,8753573823
STU009,Yash Gupta,3,3,B,ECE,3,DSA,Week 5,100.0,8753573823
STU009,Yash Gupta,3,4,B,ECE,3,DSA,Week 6,75.0,8753573823
STU009,Yash Gupta,2,3,B,ECE,3,DSA,Week 7,66.67,8753573823
STU009,Yash Gupta,3,3,B,ECE,3,DSA,Week 8,100.0,8753573823
STU009,Yash Gupta,1,2,B,ECE,3,Code Lab,Week 1,50.0,8753573823
STU009,Yash Gupta,1,1,B,ECE,3,Code Lab,Week 2,100.0,8753573823
STU009,Yash Gupta,1,2,B,ECE,3,Code Lab,Week 3,50.0,8753573823
STU009,Yash Gupta,1,2,B,ECE,3,Code Lab,Week 4,50.0,8753573823
STU009,Yash Gupta,2,2,B,ECE,3,Code Lab,Week 5,100.0,8753573823
STU009,Yash Gupta,1,2,B,ECE,3,Code Lab,Week 6,50.0,8753573823
STU009,Yash Gupta,2,3,B,ECE,3,Code Lab,Week 7,66.67,8753573823
STU009,Yash Gupta,0,1,B,ECE,3,Code Lab,Week 8,0.0,8753573823
STU009,Yash Gupta,2,2,B,ECE,3,Communication Skills,Week 1,100.0,8753573823
STU009,Yash Gupta,1,1,B,ECE,3,Communication Skills,Week 2,100.0,8753573823
STU009,Yash Gupta,1,3,B,ECE,3,Communication Skills,Week 3,33.33,8753573823
STU009,Yash Gupta,3,3,B,ECE,3,Communication Skills,Week 4,100.0,8753573823
STU009,Yash Gupta,2,2,B,ECE,3,Communication Skills,Week 5,100.0,8753573823
STU009,Yash Gupta,2,2,B,ECE,3,Communication Skills,Week 6,100.0,8753573823
STU009,Yash Gupta,0,2,B,ECE,3,Communication Skills,Week 7,0.0,8753573823
STU009,Yash Gupta,2,2,B,ECE,3,Communication Skills,Week 8,100.0,8753573823
STU010,Priya Gupta,1,4,C,MECH,3,Maths,Week 1,25.0,7496348124
STU010,Priya Gupta,1,4,C,MECH,3,Maths,Week 2,25.0,7496348124
STU010,Priya Gupta,0,3,C,MECH,3,Maths,Week 3,0.0,7496348124
STU010,Priya Gupta,1,3,C,MECH,3,Maths,Week 4,33.33,7496348124
STU010,Priya Gupta,1,3,C,MECH,3,Maths,Week 5,33.33,7496348124
STU010,Priya Gupta,2,5,C,MECH,3,Maths,Week 6,40.0,7496348124
STU010,Priya Gupta,3,3,C,MECH,3,Maths,Week 7,100.0,7496348124
STU010,Priya Gupta,3,4,C,MECH,3,Maths,Week 8,75.0,7496348124
STU010,Priya Gupta,2,3,C,MECH,3,Python,Week 1,66.67,7496348124
STU010,Priya Gupta,1,3,C,MECH,3,Python,Week 2,33.33,7496348124
STU010,Priya Gupta,0,2,C,MECH,3,Python,Week 3,0.0,7496348124
STU010,Priya Gupta,1,4,C,MECH,3,Python,Week 4,25.0,7496348124
STU010,Priya Gupta,1,2,C,MECH,3,Python,Week 5,50.0,7496348124
STU010,Priya Gupta,1,2,C,MECH,3,Python,Week 6,50.0,7496348124
STU010,Priya Gupta,3,4,C,MECH,3,Python,Week 7,75.0,7496348124
STU010,Priya Gupta,2,4,C,MECH,3,Python,Week 8,50.0,7496348124
STU010,Priya Gupta,1,3,C,MECH,3,AI,Week 1,33.33,7496348124
STU010,Priya Gupta,1,4,C,MECH,3,AI,Week 2,25.0,7496348124
STU010,Priya Gupta,1,2,C,MECH,3,AI,Week 3,50.0,7496348124
STU010,Priya Gupta,2,3,C,MECH,3,AI,Week 4,66.67,7496348124
STU010,Priya Gupta,1,3,C,MECH,3,AI,Week 5,33.33,7496348124
STU010,Priya Gupta,1,3,C,MECH,3,AI,Week 6,33.33,7496348124
STU010,Priya Gupta,1,3,C,MECH,3,AI,Week 7,33.33,7496348124
STU010,Priya Gupta,3,3,C,MECH,3,AI,Week 8,100.0,7496348124
STU010,Priya Gupta,2,4,C,MECH,3,DSA,Week 1,50.0,7496348124
STU010,Priya Gupta,2,5,C,MECH,3,DSA,Week 2,40.0,7496348124
STU010,Priya Gupta,2,4,C,MECH,3,DSA,Week 3,50.0,7496348124
STU010,Priya Gupta,2,4,C,MECH,3,DSA,Week 4,50.0,7496348124
STU010,Priya Gupta,2,4,C,MECH,3,DSA,Week 5,50.0,7496348124
STU010,Priya Gupta,3,5,C,MECH,3,DSA,Week 6,60.0,7496348124
STU010,Priya Gupta,2,3,C,MECH,3,DSA,Week 7,66.67,7496348124
STU010,Priya Gupta,3,4,C,MECH,3,DSA,Week 8,75.0,7496348124
STU010,Priya Gupta,2,2,C,MECH,3,Code Lab,Week 1,100.0,7496348124
STU010,Priya Gupta,2,3,C,MECH,3,Code Lab,Week 2,66.67,7496348124
STU010,Priya Gupta,2,3,C,MECH,3,Code Lab,Week 3,66.67,7496348124
STU010,Priya Gupta,0,1,C,MECH,3,Code Lab,Week 4,0.0,7496348124
STU010,Priya Gupta,2,2,C,MECH,3,Code Lab,Week 5,100.0,7496348124
STU010,Priya Gupta,0,1,C,MECH,3,Code Lab,Week 6,0.0,7496348124
STU010,Priya Gupta,1,1,C,MECH,3,Code Lab,Week 7,100.0,7496348124
STU010,Priya Gupta,2,3,C,MECH,3,Code Lab,Week 8,66.67,7496348124
STU010,Priya Gupta,0,1,C,MECH,3,Communication Skills,Week 1,0.0,7496348124
STU010,Priya Gupta,1,2,C,MECH,3,Communication Skills,Week 2,50.0,7496348124
STU010,Priya Gupta,0,3,C,MECH,3,Communication Skills,Week 3,0.0,7496348124
STU010,Priya Gupta,1,3,C,MECH,3,Communication Skills,Week 4,33.33,7496348124
STU010,Priya Gupta,0,2,C,MECH,3,Communication Skills,Week 5,0.0,7496348124
STU010,Priya Gupta,2,2,C,MECH,3,Communication Skills,Week 6,100.0,7496348124
STU010,Priya Gupta,1,3,C,MECH,3,Communication Skills,Week 7,33.33,7496348124
STU010,Priya Gupta,0,1,C,MECH,3,Communication Skills,Week 8,0.0,7496348124
STU011,Vivek Reddy,4,5,A,ECE,3,Maths,Week 1,80.0,6864411347
STU011,Vivek Reddy,3,5,A,ECE,3,Maths,Week 2,60.0,6864411347
STU011,Vivek Reddy,2,4,A,ECE,3,Maths,Week 3,50.0,6864411347
STU011,Vivek Reddy,1,4,A,ECE,3,Maths,Week 4,25.0,6864411347
STU011,Vivek Reddy,3,4,A,ECE,3,Maths,Week 5,75.0,6864411347
STU011,Vivek Reddy,0,4,A,ECE,3,Maths,Week 6,0.0,6864411347
STU011,Vivek Reddy,3,4,A,ECE,3,Maths,Week 7,75.0,6864411347
STU011,Vivek Reddy,1,4,A,ECE,3,Maths,Week 8,25.0,6864411347
STU011,Vivek Reddy,0,2,A,ECE,3,Python,Week 1,0.0,6864411347
STU011,Vivek Reddy,2,3,A,ECE,3,Python,Week 2,66.67,6864411347
STU011,Vivek Reddy,0,3,A,ECE,3,Python,Week 3,0.0,6864411347
STU011,Vivek Reddy,3,3,A,ECE,3,Python,Week 4,100.0,6864411347
STU011,Vivek Reddy,4,4,A,ECE,3,Python,Week 5,100.0,6864411347
STU011,Vivek Reddy,3,3,A,ECE,3,Python,Week 6,100.0,6864411347
STU011,Vivek Reddy,2,4,A,ECE,3,Python,Week 7,50.0,6864411347
STU011,Vivek Reddy,1,3,A,ECE,3,Python,Week 8,33.33,6864411347
STU011,Vivek Reddy,4,4,A,ECE,3,AI,Week 1,100.0,6864411347
STU011,Vivek Reddy,2,2,A,ECE,3,AI,Week 2,100.0,6864411347
STU011,Vivek Reddy,2,4,A,ECE,3,AI,Week 3,50.0,6864411347
STU011,Vivek Reddy,1,4,A,ECE,3,AI,Week 4,25.0,6864411347
STU011,Vivek Reddy,1,2,A,ECE,3,AI,Week 5,50.0,6864411347
STU011,Vivek Reddy,1,3,A,ECE,3,AI,Week 6,33.33,6864411347
STU011,Vivek Reddy,1,3,A,ECE,3,AI,Week 7,33.33,6864411347
STU011,Vivek Reddy,1,3,A,ECE,3,AI,Week 8,33.33,6864411347
STU011,Vivek Reddy,1,4,A,ECE,3,DSA,Week 1,25.0,6864411347
STU011,Vivek Reddy,2,4,A,ECE,3,DSA,Week 2,50.0,6864411347
STU011,Vivek Reddy,3,4,A,ECE,3,DSA,Week 3,75.0,6864411347
STU011,Vivek Reddy,0,5,A,ECE,3,DSA,Week 4,0.0,6864411347
STU011,Vivek Reddy,2,4,A,ECE,3,DSA,Week 5,50.0,6864411347
STU011,Vivek Reddy,0,4,A,ECE,3,DSA,Week 6,0.0,6864411347
STU011,Vivek Reddy,2,4,A,ECE,3,DSA,Week 7,50.0,6864411347
STU011,Vivek Reddy,2,3,A,ECE,3,DSA,Week 8,66.67,6864411347
STU011,Vivek Reddy,0,2,A,ECE,3,Code Lab,Week 1,0.0,6864411347
STU011,Vivek Reddy,1,2,A,ECE,3,Code Lab,Week 2,50.0,6864411347
STU011,Vivek Reddy,0,2,A,ECE,3,Code Lab,Week 3,0.0,6864411347
STU011,Vivek Reddy,2,2,A,ECE,3,Code Lab,Week 4,100.0,6864411347
STU011,Vivek Reddy,2,2,A,ECE,3,Code Lab,Week 5,100.0,6864411347
STU011,Vivek Reddy,1,2,A,ECE,3,Code Lab,Week 6,50.0,6864411347
STU011,Vivek Reddy,0,2,A,ECE,3,Code Lab,Week 7,0.0,6864411347
STU011,Vivek Reddy,3,3,A,ECE,3,Code Lab,Week 8,100.0,6864411347
STU011,Vivek Reddy,1,1,A,ECE,3,Communication Skills,Week 1,100.0,6864411347
STU011,Vivek Reddy,1,1,A,ECE,3,Communication Skills,Week 2,100.0,6864411347
STU011,Vivek Reddy,0,1,A,ECE,3,Communication Skills,Week 3,0.0,6864411347
STU011,Vivek Reddy,0,2,A,ECE,3,Communication Skills,Week 4,0.0,6864411347
STU011,Vivek Reddy,1,2,A,ECE,3,Communication Skills,Week 5,50.0,6864411347
STU011,Vivek Reddy,0,2,A,ECE,3,Communication Skills,Week 6,0.0,6864411347
STU011,Vivek Reddy,1,1,A,ECE,3,Communication Skills,Week 7,100.0,6864411347
STU011,Vivek Reddy,1,2,A,ECE,3,Communication Skills,Week 8,50.0,6864411347
STU012,Nikhil Verma,3,4,C,AI&DS,5,Maths,Week 1,75.0,8228306011
STU012,Nikhil Verma,4,5,C,AI&DS,5,Maths,Week 2,80.0,8228306011
STU012,Nikhil Verma,2,5,C,AI&DS,5,Maths,Week 3,40.0,8228306011
STU012,Nikhil Verma,1,5,C,AI&DS,5,Maths,Week 4,20.0,8228306011
STU012,Nikhil Verma,4,4,C,AI&DS,5,Maths,Week 5,100.0,8228306011
STU012,Nikhil Verma,3,4,C,AI&DS,5,Maths,Week 6,75.0,8228306011
STU012,Nikhil Verma,3,3,C,AI&DS,5,Maths,Week 7,100.0,8228306011
STU012,Nikhil Verma,3,5,C,AI&DS,5,Maths,Week 8,60.0,8228306011
STU012,Nikhil Verma,1,3,C,AI&DS,5,Python,Week 1,33.33,8228306011
STU012,Nikhil Verma,3,4,C,AI&DS,5,Python,Week 2,75.0,8228306011
STU012,Nikhil Verma,1,2,C,AI&DS,5,Python,Week 3,50.0,8228306011
STU012,Nikhil Verma,1,2,C,AI&DS,5,Python,Week 4,50.0,8228306011
STU012,Nikhil Verma,3,3,C,AI&DS,5,Python,Week 5,100.0,8228306011
STU012,Nikhil Verma,1,2,C,AI&DS,5,Python,Week 6,50.0,8228306011
STU012,Nikhil Verma,3,3,C,AI&DS,5,Python,Week 7,100.0,8228306011
STU012,Nikhil Verma,2,4,C,AI&DS,5,Python,Week 8,50.0,8228306011
STU012,Nikhil Verma,0,4,C,AI&DS,5,AI,Week 1,0.0,8228306011
STU012,Nikhil Verma,1,3,C,AI&DS,5,AI,Week 2,33.33,8228306011
STU012,Nikhil Verma,3,3,C,AI&DS,5,AI,Week 3,100.0,8228306011
STU012,Nikhil Verma,0,2,C,AI&DS,5,AI,Week 4,0.0,8228306011
STU012,Nikhil Verma,3,4,C,AI&DS,5,AI,Week 5,75.0,8228306011
STU012,Nikhil Verma,3,3,C,AI&DS,5,AI,Week 6,100.0,8228306011
STU012,Nikhil Verma,2,3,C,AI&DS,5,AI,Week 7,66.67,8228306011
STU012,Nikhil Verma,3,3,C,AI&DS,5,AI,Week 8,100.0,8228306011
STU012,Nikhil Verma,2,3,C,AI&DS,5,DSA,Week 1,66.67,8228306011
STU012,Nikhil Verma,0,4,C,AI&DS,5,DSA,Week 2,0.0,8228306011
STU012,Nikhil Verma,2,4,C,AI&DS,5,DSA,Week 3,50.0,8228306011
STU012,Nikhil Verma,2,3,C,AI&DS,5,DSA,Week 4,66.67,8228306011
STU012,Nikhil Verma,3,4,C,AI&DS,5,DSA,Week 5,75.0,8228306011
STU012,Nikhil Verma,3,4,C,AI&DS,5,DSA,Week 6,75.0,8228306011
STU012,Nikhil Verma,4,4,C,AI&DS,5,DSA,Week 7,100.0,8228306011
STU012,Nikhil Verma,4,4,C,AI&DS,5,DSA,Week 8,100.0,8228306011
STU012,Nikhil Verma,1,2,C,AI&DS,5,Code Lab,Week 1,50.0,8228306011
STU012,Nikhil Verma,0,2,C,AI&DS,5,Code Lab,Week 2,0.0,8228306011
STU012,Nikhil Verma,2,2,C,AI&DS,5,Code Lab,Week 3,100.0,8228306011
STU012,Nikhil Verma,1,2,C,AI&DS,5,Code Lab,Week 4,50.0,8228306011
STU012,Nikhil Verma,3,3,C,AI&DS,5,Code Lab,Week 5,100.0,8228306011
STU012,Nikhil Verma,1,1,C,AI&DS,5,Code Lab,Week 6,100.0,8228306011
STU012,Nikhil Verma,2,2,C,AI&DS,5,Code Lab,Week 7,100.0,8228306011
STU012,Nikhil Verma,1,3,C,AI&DS,5,Code Lab,Week 8,33.33,8228306011
STU012,Nikhil Verma,1,3,C,AI&DS,5,Communication Skills,Week 1,33.33,8228306011
STU012,Nikhil Verma,0,2,C,AI&DS,5,Communication Skills,Week 2,0.0,8228306011
STU012,Nikhil Verma,2,2,C,AI&DS,5,Communication Skills,Week 3,100.0,8228306011
STU012,Nikhil Verma,1,2,C,AI&DS,5,Communication Skills,Week 4,50.0,8228306011
STU012,Nikhil Verma,1,2,C,AI&DS,5,Communication Skills,Week 5,50.0,8228306011
STU012,Nikhil Verma,1,1,C,AI&DS,5,Communication Skills,Week 6,100.0,8228306011
STU012,Nikhil Verma,2,2,C,AI&DS,5,Communication Skills,Week 7,100.0,8228306011
STU012,Nikhil Verma,2,2,C,AI&DS,5,Communication Skills,Week 8,100.0,8228306011
STU013,Abhishek Pillai,3,4,B,AI&DS,3,Maths,Week 1,75.0,7799925830
STU013,Abhishek Pillai,2,4,B,AI&DS,3,Maths,Week 2,50.0,7799925830
STU013,Abhishek Pillai,4,4,B,AI&DS,3,Maths,Week 3,100.0,7799925830
STU013,Abhishek Pillai,2,4,B,AI&DS,3,Maths,Week 4,50.0,7799925830
STU013,Abhishek Pillai,4,4,B,AI&DS,3,Maths,Week 5,100.0,7799925830
STU013,Abhishek Pillai,5,5,B,AI&DS,3,Maths,Week 6,100.0,7799925830
STU013,Abhishek Pillai,0,5,B,AI&DS,3,Maths,Week 7,0.0,7799925830
STU013,Abhishek Pillai,0,4,B,AI&DS,3,Maths,Week 8,0.0,7799925830
STU013,Abhishek Pillai,3,3,B,AI&DS,3,Python,Week 1,100.0,7799925830
STU013,Abhishek Pillai,3,3,B,AI&DS,3,Python,Week 2,100.0,7799925830
STU013,Abhishek Pillai,3,3,B,AI&DS,3,Python,Week 3,100.0,7799925830
STU013,Abhishek Pillai,3,3,B,AI&DS,3,Python,Week 4,100.0,7799925830
STU013,Abhishek Pillai,2,4,B,AI&DS,3,Python,Week 5,50.0,7799925830
STU013,Abhishek Pillai,1,3,B,AI&DS,3,Python,Week 6,33.33,7799925830
STU013,Abhishek Pillai,2,3,B,AI&DS,3,Python,Week 7,66.67,7799925830
STU013,Abhishek Pillai,0,4,B,AI&DS,3,Python,Week 8,0.0,7799925830
STU013,Abhishek Pillai,3,3,B,AI&DS,3,AI,Week 1,100.0,7799925830
STU013,Abhishek Pillai,2,3,B,AI&DS,3,AI,Week 2,66.67,7799925830
STU013,Abhishek Pillai,3,3,B,AI&DS,3,AI,Week 3,100.0,7799925830
STU013,Abhishek Pillai,0,2,B,AI&DS,3,AI,Week 4,0.0,7799925830
STU013,Abhishek Pillai,4,4,B,AI&DS,3,AI,Week 5,100.0,7799925830
STU013,Abhishek Pillai,0,4,B,AI&DS,3,AI,Week 6,0.0,7799925830
STU013,Abhishek Pillai,0,3,B,AI&DS,3,AI,Week 7,0.0,7799925830
STU013,Abhishek Pillai,1,2,B,AI&DS,3,AI,Week 8,50.0,7799925830
STU013,Abhishek Pillai,4,4,B,AI&DS,3,DSA,Week 1,100.0,7799925830
STU013,Abhishek Pillai,4,4,B,AI&DS,3,DSA,Week 2,100.0,7799925830
STU013,Abhishek Pillai,2,4,B,AI&DS,3,DSA,Week 3,50.0,7799925830
STU013,Abhishek Pillai,3,3,B,AI&DS,3,DSA,Week 4,100.0,7799925830
STU013,Abhishek Pillai,3,3,B,AI&DS,3,DSA,Week 5,100.0,7799925830
STU013,Abhishek Pillai,1,4,B,AI&DS,3,DSA,Week 6,25.0,7799925830
STU013,Abhishek Pillai,1,3,B,AI&DS,3,DSA,Week 7,33.33,7799925830
STU013,Abhishek Pillai,3,3,B,AI&DS,3,DSA,Week 8,100.0,7799925830
STU013,Abhishek Pillai,3,3,B,AI&DS,3,Code Lab,Week 1,100.0,7799925830
STU013,Abhishek Pillai,1,1,B,AI&DS,3,Code Lab,Week 2,100.0,7799925830
STU013,Abhishek Pillai,2,2,B,AI&DS,3,Code Lab,Week 3,100.0,7799925830
STU013,Abhishek Pillai,1,2,B,AI&DS,3,Code Lab,Week 4,50.0,7799925830
STU013,Abhishek Pillai,2,3,B,AI&DS,3,Code Lab,Week 5,66.67,7799925830
STU013,Abhishek Pillai,0,1,B,AI&DS,3,Code Lab,Week 6,0.0,7799925830
STU013,Abhishek Pillai,1,2,B,AI&DS,3,Code Lab,Week 7,50.0,7799925830
STU013,Abhishek Pillai,2,2,B,AI&DS,3,Code Lab,Week 8,100.0,7799925830
STU013,Abhishek Pillai,1,1,B,AI&DS,3,Communication Skills,Week 1,100.0,7799925830
STU013,Abhishek Pillai,0,1,B,AI&DS,3,Communication Skills,Week 2,0.0,7799925830
STU013,Abhishek Pillai,2,2,B,AI&DS,3,Communication Skills,Week 3,100.0,7799925830
STU013,Abhishek Pillai,1,1,B,AI&DS,3,Communication Skills,Week 4,100.0,7799925830
STU013,Abhishek Pillai,3,3,B,AI&DS,3,Communication Skills,Week 5,100.0,7799925830
STU013,Abhishek Pillai,2,2,B,AI&DS,3,Communication Skills,Week 6,100.0,7799925830
STU013,Abhishek Pillai,0,1,B,AI&DS,3,Communication Skills,Week 7,0.0,7799925830
STU013,Abhishek Pillai,1,3,B,AI&DS,3,Communication Skills,Week 8,33.33,7799925830
STU014,Pooja Mehta,4,4,B,MECH,4,Maths,Week 1,100.0,7148532577
STU014,Pooja Mehta,3,4,B,MECH,4,Maths,Week 2,75.0,7148532577
STU014,Pooja Mehta,5,5,B,MECH,4,Maths,Week 3,100.0,7148532577
STU014,Pooja Mehta,3,4,B,MECH,4,Maths,Week 4,75.0,7148532577
STU014,Pooja Mehta,3,5,B,MECH,4,Maths,Week 5,60.0,7148532577
STU014,Pooja Mehta,2,4,B,MECH,4,Maths,Week 6,50.0,7148532577
STU014,Pooja Mehta,1,4,B,MECH,4,Maths,Week 7,25.0,7148532577
STU014,Pooja Mehta,3,4,B,MECH,4,Maths,Week 8,75.0,7148532577
STU014,Pooja Mehta,2,2,B,MECH,4,Python,Week 1,100.0,7148532577
STU014,Pooja Mehta,3,3,B,MECH,4,Python,Week 2,100.0,7148532577
STU014,Pooja Mehta,3,3,B,MECH,4,Python,Week 3,100.0,7148532577
STU014,Pooja Mehta,2,3,B,MECH,4,Python,Week 4,66.67,7148532577
STU014,Pooja Mehta,1,3,B,MECH,4,Python,Week 5,33.33,7148532577
STU014,Pooja Mehta,2,3,B,MECH,4,Python,Week 6,66.67,7148532577
STU014,Pooja Mehta,1,2,B,MECH,4,Python,Week 7,50.0,7148532577
STU014,Pooja Mehta,2,3,B,MECH,4,Python,Week 8,66.67,7148532577
STU014,Pooja Mehta,4,4,B,MECH,4,AI,Week 1,100.0,7148532577
STU014,Pooja Mehta,3,3,B,MECH,4,AI,Week 2,100.0,7148532577
STU014,Pooja Mehta,1,3,B,MECH,4,AI,Week 3,33.33,7148532577
STU014,Pooja Mehta,2,3,B,MECH,4,AI,Week 4,66.67,7148532577
STU014,Pooja Mehta,2,2,B,MECH,4,AI,Week 5,100.0,7148532577
STU014,Pooja Mehta,2,4,B,MECH,4,AI,Week 6,50.0,7148532577
STU014,Pooja Mehta,3,4,B,MECH,4,AI,Week 7,75.0,7148532577
STU014,Pooja Mehta,2,3,B,MECH,4,AI,Week 8,66.67,7148532577
STU014,Pooja Mehta,5,5,B,MECH,4,DSA,Week 1,100.0,7148532577
STU014,Pooja Mehta,4,4,B,MECH,4,DSA,Week 2,100.0,7148532577
STU014,Pooja Mehta,3,4,B,MECH,4,DSA,Week 3,75.0,7148532577
STU014,Pooja Mehta,2,4,B,MECH,4,DSA,Week 4,50.0,7148532577
STU014,Pooja Mehta,3,4,B,MECH,4,DSA,Week 5,75.0,7148532577
STU014,Pooja Mehta,4,5,B,MECH,4,DSA,Week 6,80.0,7148532577
STU014,Pooja Mehta,1,4,B,MECH,4,DSA,Week 7,25.0,7148532577
STU014,Pooja Mehta,3,4,B,MECH,4,DSA,Week 8,75.0,7148532577
STU014,Pooja Mehta,1,1,B,MECH,4,Code Lab,Week 1,100.0,7148532577
STU014,Pooja Mehta,2,2,B,MECH,4,Code Lab,Week 2,100.0,7148532577
STU014,Pooja Mehta,1,2,B,MECH,4,Code Lab,Week 3,50.0,7148532577
STU014,Pooja Mehta,1,2,B,MECH,4,Code Lab,Week 4,50.0,7148532577
STU014,Pooja Mehta,2,2,B,MECH,4,Code Lab,Week 5,100.0,7148532577
STU014,Pooja Mehta,1,2,B,MECH,4,Code Lab,Week 6,50.0,7148532577
STU014,Pooja Mehta,0,1,B,MECH,4,Code Lab,Week 7,0.0,7148532577
STU014,Pooja Mehta,1,1,B,MECH,4,Code Lab,Week 8,100.0,7148532577
STU014,Pooja Mehta,2,2,B,MECH,4,Communication Skills,Week 1,100.0,7148532577
STU014,Pooja Mehta,1,1,B,MECH,4,Communication Skills,Week 2,100.0,7148532577
STU014,Pooja Mehta,1,3,B,MECH,4,Communication Skills,Week 3,33.33,7148532577
STU014,Pooja Mehta,1,2,B,MECH,4,Communication Skills,Week 4,50.0,7148532577
STU014,Pooja Mehta,2,2,B,MECH,4,Communication Skills,Week 5,100.0,7148532577
STU014,Pooja Mehta,2,2,B,MECH,4,Communication Skills,Week 6,100.0,7148532577
STU014,Pooja Mehta,1,2,B,MECH,4,Communication Skills,Week 7,50.0,7148532577
STU014,Pooja Mehta,1,2,B,MECH,4,Communication Skills,Week 8,50.0,7148532577
STU015,Arjun Sharma,4,4,A,CSE,5,Maths,Week 1,100.0,7850488739
STU015,Arjun Sharma,2,3,A,CSE,5,Maths,Week 2,66.67,7850488739
STU015,Arjun Sharma,3,3,A,CSE,5,Maths,Week 3,100.0,7850488739
STU015,Arjun Sharma,2,4,A,CSE,5,Maths,Week 4,50.0,7850488739
STU015,Arjun Sharma,2,4,A,CSE,5,Maths,Week 5,50.0,7850488739
STU015,Arjun Sharma,1,3,A,CSE,5,Maths,Week 6,33.33,7850488739
STU015,Arjun Sharma,3,5,A,CSE,5,Maths,Week 7,60.0,7850488739
STU015,Arjun Sharma,4,4,A,CSE,5,Maths,Week 8,100.0,7850488739
STU015,Arjun Sharma,0,3,A,CSE,5,Python,Week 1,0.0,7850488739
STU015,Arjun Sharma,2,2,A,CSE,5,Python,Week 2,100.0,7850488739
STU015,Arjun Sharma,2,3,A,CSE,5,Python,Week 3,66.67,7850488739
STU015,Arjun Sharma,3,4,A,CSE,5,Python,Week 4,75.0,7850488739
STU015,Arjun Sharma,2,3,A,CSE,5,Python,Week 5,66.67,7850488739
STU015,Arjun Sharma,3,3,A,CSE,5,Python,Week 6,100.0,7850488739
STU015,Arjun Sharma,3,3,A,CSE,5,Python,Week 7,100.0,7850488739
STU015,Arjun Sharma,3,3,A,CSE,5,Python,Week 8,100.0,7850488739
STU015,Arjun Sharma,2,2,A,CSE,5,AI,Week 1,100.0,7850488739
STU015,Arjun Sharma,1,3,A,CSE,5,AI,Week 2,33.33,7850488739
STU015,Arjun Sharma,3,3,A,CSE,5,AI,Week 3,100.0,7850488739
STU015,Arjun Sharma,2,2,A,CSE,5,AI,Week 4,100.0,7850488739
STU015,Arjun Sharma,4,4,A,CSE,5,AI,Week 5,100.0,7850488739
STU015,Arjun Sharma,3,3,A,CSE,5,AI,Week 6,100.0,7850488739
STU015,Arjun Sharma,3,3,A,CSE,5,AI,Week 7,100.0,7850488739
STU015,Arjun Sharma,3,4,A,CSE,5,AI,Week 8,75.0,7850488739
STU015,Arjun Sharma,2,3,A,CSE,5,DSA,Week 1,66.67,7850488739
STU015,Arjun Sharma,4,5,A,CSE,5,DSA,Week 2,80.0,7850488739
STU015,Arjun Sharma,3,3,A,CSE,5,DSA,Week 3,100.0,7850488739
STU015,Arjun Sharma,1,4,A,CSE,5,DSA,Week 4,25.0,7850488739
STU015,Arjun Sharma,3,3,A,CSE,5,DSA,Week 5,100.0,7850488739
STU015,Arjun Sharma,4,4,A,CSE,5,DSA,Week 6,100.0,7850488739
STU015,Arjun Sharma,4,4,A,CSE,5,DSA,Week 7,100.0,7850488739
STU015,Arjun Sharma,5,5,A,CSE,5,DSA,Week 8,100.0,7850488739
STU015,Arjun Sharma,2,3,A,CSE,5,Code Lab,Week 1,66.67,7850488739
STU015,Arjun Sharma,0,1,A,CSE,5,Code Lab,Week 2,0.0,7850488739
STU015,Arjun Sharma,2,2,A,CSE,5,Code Lab,Week 3,100.0,7850488739
STU015,Arjun Sharma,2,2,A,CSE,5,Code Lab,Week 4,100.0,7850488739
STU015,Arjun Sharma,2,2,A,CSE,5,Code Lab,Week 5,100.0,7850488739
STU015,Arjun Sharma,2,2,A,CSE,5,Code Lab,Week 6,100.0,7850488739
STU015,Arjun Sharma,1,2,A,CSE,5,Code Lab,Week 7,50.0,7850488739
STU015,Arjun Sharma,2,2,A,CSE,5,Code Lab,Week 8,100.0,7850488739
STU015,Arjun Sharma,2,2,A,CSE,5,Communication Skills,Week 1,100.0,7850488739
STU015,Arjun Sharma,1,2,A,CSE,5,Communication Skills,Week 2,50.0,7850488739
STU015,Arjun Sharma,3,3,A,CSE,5,Communication Skills,Week 3,100.0,7850488739
STU015,Arjun Sharma,2,2,A,CSE,5,Communication Skills,Week 4,100.0,7850488739
STU015,Arjun Sharma,2,2,A,CSE,5,Communication Skills,Week 5,100.0,7850488739
STU015,Arjun Sharma,1,1,A,CSE,5,Communication Skills,Week 6,100.0,7850488739
STU015,Arjun Sharma,1,2,A,CSE,5,Communication Skills,Week 7,50.0,7850488739
STU015,Arjun Sharma,1,1,A,CSE,5,Communication Skills,Week 8,100.0,7850488739
STU016,Swati Verma,4,4,B,IT,5,Maths,Week 1,100.0,9568132202
STU016,Swati Verma,4,4,B,IT,5,Maths,Week 2,100.0,9568132202
STU016,Swati Verma,4,4,B,IT,5,Maths,Week 3,100.0,9568132202
STU016,Swati Verma,4,4,B,IT,5,Maths,Week 4,100.0,9568132202
STU016,Swati Verma,5,5,B,IT,5,Maths,Week 5,100.0,9568132202
STU016,Swati Verma,4,5,B,IT,5,Maths,Week 6,80.0,9568132202
STU016,Swati Verma,2,3,B,IT,5,Maths,Week 7,66.67,9568132202
STU016,Swati Verma,4,4,B,IT,5,Maths,Week 8,100.0,9568132202
STU016,Swati Verma,3,3,B,IT,5,Python,Week 1,100.0,9568132202
STU016,Swati Verma,3,3,B,IT,5,Python,Week 2,100.0,9568132202
STU016,Swati Verma,3,3,B,IT,5,Python,Week 3,100.0,9568132202
STU016,Swati Verma,3,3,B,IT,5,Python,Week 4,100.0,9568132202
STU016,Swati Verma,3,3,B,IT,5,Python,Week 5,100.0,9568132202
STU016,Swati Verma,4,4,B,IT,5,Python,Week 6,100.0,9568132202
STU016,Swati Verma,3,3,B,IT,5,Python,Week 7,100.0,9568132202
STU016,Swati Verma,3,3,B,IT,5,Python,Week 8,100.0,9568132202
STU016,Swati Verma,2,2,B,IT,5,AI,Week 1,100.0,9568132202
STU016,Swati Verma,2,3,B,IT,5,AI,Week 2,66.67,9568132202
STU016,Swati Verma,3,3,B,IT,5,AI,Week 3,100.0,9568132202
STU016,Swati Verma,1,3,B,IT,5,AI,Week 4,33.33,9568132202
STU016,Swati Verma,2,2,B,IT,5,AI,Week 5,100.0,9568132202
STU016,Swati Verma,3,3,B,IT,5,AI,Week 6,100.0,9568132202
STU016,Swati Verma,4,4,B,IT,5,AI,Week 7,100.0,9568132202
STU016,Swati Verma,3,3,B,IT,5,AI,Week 8,100.0,9568132202
STU016,Swati Verma,3,3,B,IT,5,DSA,Week 1,100.0,9568132202
STU016,Swati Verma,5,5,B,IT,5,DSA,Week 2,100.0,9568132202
STU016,Swati Verma,4,4,B,IT,5,DSA,Week 3,100.0,9568132202
STU016,Swati Verma,3,4,B,IT,5,DSA,Week 4,75.0,9568132202
STU016,Swati Verma,3,4,B,IT,5,DSA,Week 5,75.0,9568132202
STU016,Swati Verma,3,3,B,IT,5,DSA,Week 6,100.0,9568132202
STU016,Swati Verma,4,4,B,IT,5,DSA,Week 7,100.0,9568132202
STU016,Swati Verma,5,5,B,IT,5,DSA,Week 8,100.0,9568132202
STU016,Swati Verma,2,2,B,IT,5,Code Lab,Week 1,100.0,9568132202
STU016,Swati Verma,1,2,B,IT,5,Code Lab,Week 2,50.0,9568132202
STU016,Swati Verma,1,1,B,IT,5,Code Lab,Week 3,100.0,9568132202
STU016,Swati Verma,1,2,B,IT,5,Code Lab,Week 4,50.0,9568132202
STU016,Swati Verma,2,2,B,IT,5,Code Lab,Week 5,100.0,9568132202
STU016,Swati Verma,2,2,B,IT,5,Code Lab,Week 6,100.0,9568132202
STU016,Swati Verma,2,2,B,IT,5,Code Lab,Week 7,100.0,9568132202
STU016,Swati Verma,2,2,B,IT,5,Code Lab,Week 8,100.0,9568132202
STU016,Swati Verma,2,2,B,IT,5,Communication Skills,Week 1,100.0,9568132202
STU016,Swati Verma,2,2,B,IT,5,Communication Skills,Week 2,100.0,9568132202
STU016,Swati Verma,2,3,B,IT,5,Communication Skills,Week 3,66.67,9568132202
STU016,Swati Verma,2,3,B,IT,5,Communication Skills,Week 4,66.67,9568132202
STU016,Swati Verma,2,2,B,IT,5,Communication Skills,Week 5,100.0,9568132202
STU016,Swati Verma,3,3,B,IT,5,Communication Skills,Week 6,100.0,9568132202
STU016,Swati Verma,2,2,B,IT,5,Communication Skills,Week 7,100.0,9568132202
STU016,Swati Verma,2,2,B,IT,5,Communication Skills,Week 8,100.0,9568132202
STU017,Vivek Rao,4,5,C,CSE,5,Maths,Week 1,80.0,8825276600
STU017,Vivek Rao,4,4,C,CSE,5,Maths,Week 2,100.0,8825276600
STU017,Vivek Rao,4,4,C,CSE,5,Maths,Week 3,100.0,8825276600
STU017,Vivek Rao,4,4,C,CSE,5,Maths,Week 4,100.0,8825276600
STU017,Vivek Rao,3,4,C,CSE,5,Maths,Week 5,75.0,8825276600
STU017,Vivek Rao,3,4,C,CSE,5,Maths,Week 6,75.0,8825276600
STU017,Vivek Rao,3,4,C,CSE,5,Maths,Week 7,75.0,8825276600
STU017,Vivek Rao,1,4,C,CSE,5,Maths,Week 8,25.0,8825276600
STU017,Vivek Rao,4,4,C,CSE,5,Python,Week 1,100.0,8825276600
STU017,Vivek Rao,3,3,C,CSE,5,Python,Week 2,100.0,8825276600
STU017,Vivek Rao,1,2,C,CSE,5,Python,Week 3,50.0,8825276600
STU017,Vivek Rao,1,2,C,CSE,5,Python,Week 4,50.0,8825276600
STU017,Vivek Rao,2,3,C,CSE,5,Python,Week 5,66.67,8825276600
STU017,Vivek Rao,2,3,C,CSE,5,Python,Week 6,66.67,8825276600
STU017,Vivek Rao,3,3,C,CSE,5,Python,Week 7,100.0,8825276600
STU017,Vivek Rao,2,3,C,CSE,5,Python,Week 8,66.67,8825276600
STU017,Vivek Rao,3,3,C,CSE,5,AI,Week 1,100.0,8825276600
STU017,Vivek Rao,2,3,C,CSE,5,AI,Week 2,66.67,8825276600
STU017,Vivek Rao,1,2,C,CSE,5,AI,Week 3,50.0,8825276600
STU017,Vivek Rao,2,2,C,CSE,5,AI,Week 4,100.0,8825276600
STU017,Vivek Rao,2,3,C,CSE,5,AI,Week 5,66.67,8825276600
STU017,Vivek Rao,2,3,C,CSE,5,AI,Week 6,66.67,8825276600
STU017,Vivek Rao,2,2,C,CSE,5,AI,Week 7,100.0,8825276600
STU017,Vivek Rao,2,3,C,CSE,5,AI,Week 8,66.67,8825276600
STU017,Vivek Rao,4,4,C,CSE,5,DSA,Week 1,100.0,8825276600
STU017,Vivek Rao,3,3,C,CSE,5,DSA,Week 2,100.0,8825276600
STU017,Vivek Rao,3,4,C,CSE,5,DSA,Week 3,75.0,8825276600
STU017,Vivek Rao,2,3,C,CSE,5,DSA,Week 4,66.67,8825276600
STU017,Vivek Rao,3,4,C,CSE,5,DSA,Week 5,75.0,8825276600
STU017,Vivek Rao,2,4,C,CSE,5,DSA,Week 6,50.0,8825276600
STU017,Vivek Rao,4,4,C,CSE,5,DSA,Week 7,100.0,8825276600
STU017,Vivek Rao,2,5,C,CSE,5,DSA,Week 8,40.0,8825276600
STU017,Vivek Rao,3,3,C,CSE,5,Code Lab,Week 1,100.0,8825276600
STU017,Vivek Rao,1,2,C,CSE,5,Code Lab,Week 2,50.0,8825276600
STU017,Vivek Rao,2,2,C,CSE,5,Code Lab,Week 3,100.0,8825276600
STU017,Vivek Rao,2,2,C,CSE,5,Code Lab,Week 4,100.0,8825276600
STU017,Vivek Rao,2,2,C,CSE,5,Code Lab,Week 5,100.0,8825276600
STU017,Vivek Rao,0,2,C,CSE,5,Code Lab,Week 6,0.0,8825276600
STU017,Vivek Rao,2,3,C,CSE,5,Code Lab,Week 7,66.67,8825276600
STU017,Vivek Rao,2,3,C,CSE,5,Code Lab,Week 8,66.67,8825276600
STU017,Vivek Rao,2,2,C,CSE,5,Communication Skills,Week 1,100.0,8825276600
STU017,Vivek Rao,1,2,C,CSE,5,Communication Skills,Week 2,50.0,8825276600
STU017,Vivek Rao,2,2,C,CSE,5,Communication Skills,Week 3,100.0,8825276600
STU017,Vivek Rao,0,1,C,CSE,5,Communication Skills,Week 4,0.0,8825276600
STU017,Vivek Rao,2,2,C,CSE,5,Communication Skills,Week 5,100.0,8825276600
STU017,Vivek Rao,3,3,C,CSE,5,Communication Skills,Week 6,100.0,8825276600
STU017,Vivek Rao,1,2,C,CSE,5,Communication Skills,Week 7,50.0,8825276600
STU017,Vivek Rao,1,3,C,CSE,5,Communication Skills,Week 8,33.33,8825276600
STU018,Vikram Joshi,1,4,A,IT,4,Maths,Week 1,25.0,6775340444
STU018,Vikram Joshi,3,4,A,IT,4,Maths,Week 2,75.0,6775340444
STU018,Vikram Joshi,3,4,A,IT,4,Maths,Week 3,75.0,6775340444
STU018,Vikram Joshi,3,3,A,IT,4,Maths,Week 4,100.0,6775340444
STU018,Vikram Joshi,4,5,A,IT,4,Maths,Week 5,80.0,6775340444
STU018,Vikram Joshi,4,4,A,IT,4,Maths,Week 6,100.0,6775340444
STU018,Vikram Joshi,2,3,A,IT,4,Maths,Week 7,66.67,6775340444
STU018,Vikram Joshi,3,4,A,IT,4,Maths,Week 8,75.0,6775340444
STU018,Vikram Joshi,3,3,A,IT,4,Python,Week 1,100.0,6775340444
STU018,Vikram Joshi,2,3,A,IT,4,Python,Week 2,66.67,6775340444
STU018,Vikram Joshi,4,4,A,IT,4,Python,Week 3,100.0,6775340444
STU018,Vikram Joshi,3,3,A,IT,4,Python,Week 4,100.0,6775340444
STU018,Vikram Joshi,2,3,A,IT,4,Python,Week 5,66.67,6775340444
STU018,Vikram Joshi,3,3,A,IT,4,Python,Week 6,100.0,6775340444
STU018,Vikram Joshi,2,2,A,IT,4,Python,Week 7,100.0,6775340444
STU018,Vikram Joshi,2,3,A,IT,4,Python,Week 8,66.67,6775340444
STU018,Vikram Joshi,3,4,A,IT,4,AI,Week 1,75.0,6775340444
STU018,Vikram Joshi,2,3,A,IT,4,AI,Week 2,66.67,6775340444
STU018,Vikram Joshi,2,3,A,IT,4,AI,Week 3,66.67,6775340444
STU018,Vikram Joshi,2,2,A,IT,4,AI,Week 4,100.0,6775340444
STU018,Vikram Joshi,3,3,A,IT,4,AI,Week 5,100.0,6775340444
STU018,Vikram Joshi,3,3,A,IT,4,AI,Week 6,100.0,6775340444
STU018,Vikram Joshi,1,2,A,IT,4,AI,Week 7,50.0,6775340444
STU018,Vikram Joshi,3,3,A,IT,4,AI,Week 8,100.0,6775340444
STU018,Vikram Joshi,3,4,A,IT,4,DSA,Week 1,75.0,6775340444
STU018,Vikram Joshi,4,5,A,IT,4,DSA,Week 2,80.0,6775340444
STU018,Vikram Joshi,4,4,A,IT,4,DSA,Week 3,100.0,6775340444
STU018,Vikram Joshi,4,5,A,IT,4,DSA,Week 4,80.0,6775340444
STU018,Vikram Joshi,5,5,A,IT,4,DSA,Week 5,100.0,6775340444
STU018,Vikram Joshi,3,3,A,IT,4,DSA,Week 6,100.0,6775340444
STU018,Vikram Joshi,2,4,A,IT,4,DSA,Week 7,50.0,6775340444
STU018,Vikram Joshi,3,4,A,IT,4,DSA,Week 8,75.0,6775340444
STU018,Vikram Joshi,2,3,A,IT,4,Code Lab,Week 1,66.67,6775340444
STU018,Vikram Joshi,2,2,A,IT,4,Code Lab,Week 2,100.0,6775340444
STU018,Vikram Joshi,0,2,A,IT,4,Code Lab,Week 3,0.0,6775340444
STU018,Vikram Joshi,1,2,A,IT,4,Code Lab,Week 4,50.0,6775340444
STU018,Vikram Joshi,1,3,A,IT,4,Code Lab,Week 5,33.33,6775340444
STU018,Vikram Joshi,1,2,A,IT,4,Code Lab,Week 6,50.0,6775340444
STU018,Vikram Joshi,1,2,A,IT,4,Code Lab,Week 7,50.0,6775340444
STU018,Vikram Joshi,0,2,A,IT,4,Code Lab,Week 8,0.0,6775340444
STU018,Vikram Joshi,2,2,A,IT,4,Communication Skills,Week 1,100.0,6775340444
STU018,Vikram Joshi,1,2,A,IT,4,Communication Skills,Week 2,50.0,6775340444
STU018,Vikram Joshi,1,2,A,IT,4,Communication Skills,Week 3,50.0,6775340444
STU018,Vikram Joshi,1,2,A,IT,4,Communication Skills,Week 4,50.0,6775340444
STU018,Vikram Joshi,3,3,A,IT,4,Communication Skills,Week 5,100.0,6775340444
STU018,Vikram Joshi,2,2,A,IT,4,Communication Skills,Week 6,100.0,6775340444
STU018,Vikram Joshi,2,2,A,IT,4,Communication Skills,Week 7,100.0,6775340444
STU018,Vikram Joshi,2,2,A,IT,4,Communication Skills,Week 8,100.0,6775340444
STU019,Pooja Gupta,2,4,A,MECH,5,Maths,Week 1,50.0,8903735581
STU019,Pooja Gupta,4,4,A,MECH,5,Maths,Week 2,100.0,8903735581
STU019,Pooja Gupta,2,4,A,MECH,5,Maths,Week 3,50.0,8903735581
STU019,Pooja Gupta,3,3,A,MECH,5,Maths,Week 4,100.0,8903735581
STU019,Pooja Gupta,1,4,A,MECH,5,Maths,Week 5,25.0,8903735581
STU019,Pooja Gupta,2,4,A,MECH,5,Maths,Week 6,50.0,8903735581
STU019,Pooja Gupta,0,3,A,MECH,5,Maths,Week 7,0.0,8903735581
STU019,Pooja Gupta,2,5,A,MECH,5,Maths,Week 8,40.0,8903735581
STU019,Pooja Gupta,2,3,A,MECH,5,Python,Week 1,66.67,8903735581
STU019,Pooja Gupta,3,3,A,MECH,5,Python,Week 2,100.0,8903735581
STU019,Pooja Gupta,4,4,A,MECH,5,Python,Week 3,100.0,8903735581
STU019,Pooja Gupta,2,3,A,MECH,5,Python,Week 4,66.67,8903735581
STU019,Pooja Gupta,2,3,A,MECH,5,Python,Week 5,66.67,8903735581
STU019,Pooja Gupta,3,3,A,MECH,5,Python,Week 6,100.0,8903735581
STU019,Pooja Gupta,2,3,A,MECH,5,Python,Week 7,66.67,8903735581
STU019,Pooja Gupta,0,3,A,MECH,5,Python,Week 8,0.0,8903735581
STU019,Pooja Gupta,3,4,A,MECH,5,AI,Week 1,75.0,8903735581
STU019,Pooja Gupta,2,2,A,MECH,5,AI,Week 2,100.0,8903735581
STU019,Pooja Gupta,3,3,A,MECH,5,AI,Week 3,100.0,8903735581
STU019,Pooja Gupta,2,4,A,MECH,5,AI,Week 4,50.0,8903735581
STU019,Pooja Gupta,3,4,A,MECH,5,AI,Week 5,75.0,8903735581
STU019,Pooja Gupta,1,3,A,MECH,5,AI,Week 6,33.33,8903735581
STU019,Pooja Gupta,0,3,A,MECH,5,AI,Week 7,0.0,8903735581
STU019,Pooja Gupta,1,3,A,MECH,5,AI,Week 8,33.33,8903735581
STU019,Pooja Gupta,1,4,A,MECH,5,DSA,Week 1,25.0,8903735581
STU019,Pooja Gupta,2,4,A,MECH,5,DSA,Week 2,50.0,8903735581
STU019,Pooja Gupta,4,5,A,MECH,5,DSA,Week 3,80.0,8903735581
STU019,Pooja Gupta,2,3,A,MECH,5,DSA,Week 4,66.67,8903735581
STU019,Pooja Gupta,2,4,A,MECH,5,DSA,Week 5,50.0,8903735581
STU019,Pooja Gupta,3,4,A,MECH,5,DSA,Week 6,75.0,8903735581
STU019,Pooja Gupta,2,3,A,MECH,5,DSA,Week 7,66.67,8903735581
STU019,Pooja Gupta,2,4,A,MECH,5,DSA,Week 8,50.0,8903735581
STU019,Pooja Gupta,0,1,A,MECH,5,Code Lab,Week 1,0.0,8903735581
STU019,Pooja Gupta,1,2,A,MECH,5,Code Lab,Week 2,50.0,8903735581
STU019,Pooja Gupta,1,2,A,MECH,5,Code Lab,Week 3,50.0,8903735581
STU019,Pooja Gupta,1,2,A,MECH,5,Code Lab,Week 4,50.0,8903735581
STU019,Pooja Gupta,1,1,A,MECH,5,Code Lab,Week 5,100.0,8903735581
STU019,Pooja Gupta,2,2,A,MECH,5,Code Lab,Week 6,100.0,8903735581
STU019,Pooja Gupta,1,1,A,MECH,5,Code Lab,Week 7,100.0,8903735581
STU019,Pooja Gupta,0,2,A,MECH,5,Code Lab,Week 8,0.0,8903735581
STU019,Pooja Gupta,2,2,A,MECH,5,Communication Skills,Week 1,100.0,8903735581
STU019,Pooja Gupta,1,2,A,MECH,5,Communication Skills,Week 2,50.0,8903735581
STU019,Pooja Gupta,2,2,A,MECH,5,Communication Skills,Week 3,100.0,8903735581
STU019,Pooja Gupta,2,2,A,MECH,5,Communication Skills,Week 4,100.0,8903735581
STU019,Pooja Gupta,2,2,A,MECH,5,Communication Skills,Week 5,100.0,8903735581
STU019,Pooja Gupta,1,2,A,MECH,5,Communication Skills,Week 6,50.0,8903735581
STU019,Pooja Gupta,1,3,A,MECH,5,Communication Skills,Week 7,33.33,8903735581
STU019,Pooja Gupta,1,1,A,MECH,5,Communication Skills,Week 8,100.0,8903735581
STU020,Swati Menon,2,4,B,AI&DS,3,Maths,Week 1,50.0,6643111853
STU020,Swati Menon,4,4,B,AI&DS,3,Maths,Week 2,100.0,6643111853
STU020,Swati Menon,3,4,B,AI&DS,3,Maths,Week 3,75.0,6643111853
STU020,Swati Menon,3,4,B,AI&DS,3,Maths,Week 4,75.0,6643111853
STU020,Swati Menon,2,4,B,AI&DS,3,Maths,Week 5,50.0,6643111853
STU020,Swati Menon,2,3,B,AI&DS,3,Maths,Week 6,66.67,6643111853
STU020,Swati Menon,3,4,B,AI&DS,3,Maths,Week 7,75.0,6643111853
STU020,Swati Menon,3,4,B,AI&DS,3,Maths,Week 8,75.0,6643111853
STU020,Swati Menon,2,3,B,AI&DS,3,Python,Week 1,66.67,6643111853
STU020,Swati Menon,4,4,B,AI&DS,3,Python,Week 2,100.0,6643111853
STU020,Swati Menon,3,4,B,AI&DS,3,Python,Week 3,75.0,6643111853
STU020,Swati Menon,3,3,B,AI&DS,3,Python,Week 4,100.0,6643111853
STU020,Swati Menon,2,3,B,AI&DS,3,Python,Week 5,66.67,6643111853
STU020,Swati Menon,1,3,B,AI&DS,3,Python,Week 6,33.33,6643111853
STU020,Swati Menon,3,3,B,AI&DS,3,Python,Week 7,100.0,6643111853
STU020,Swati Menon,1,2,B,AI&DS,3,Python,Week 8,50.0,6643111853
STU020,Swati Menon,1,3,B,AI&DS,3,AI,Week 1,33.33,6643111853
STU020,Swati Menon,2,3,B,AI&DS,3,AI,Week 2,66.67,6643111853
STU020,Swati Menon,0,3,B,AI&DS,3,AI,Week 3,0.0,6643111853
STU020,Swati Menon,1,3,B,AI&DS,3,AI,Week 4,33.33,6643111853
STU020,Swati Menon,1,3,B,AI&DS,3,AI,Week 5,33.33,6643111853
STU020,Swati Menon,3,3,B,AI&DS,3,AI,Week 6,100.0,6643111853
STU020,Swati Menon,2,3,B,AI&DS,3,AI,Week 7,66.67,6643111853
STU020,Swati Menon,1,3,B,AI&DS,3,AI,Week 8,33.33,6643111853
STU020,Swati Menon,3,4,B,AI&DS,3,DSA,Week 1,75.0,6643111853
STU020,Swati Menon,4,5,B,AI&DS,3,DSA,Week 2,80.0,6643111853
STU020,Swati Menon,2,4,B,AI&DS,3,DSA,Week 3,50.0,6643111853
STU020,Swati Menon,0,3,B,AI&DS,3,DSA,Week 4,0.0,6643111853
STU020,Swati Menon,3,3,B,AI&DS,3,DSA,Week 5,100.0,6643111853
STU020,Swati Menon,1,4,B,AI&DS,3,DSA,Week 6,25.0,6643111853
STU020,Swati Menon,2,3,B,AI&DS,3,DSA,Week 7,66.67,6643111853
STU020,Swati Menon,2,3,B,AI&DS,3,DSA,Week 8,66.67,6643111853
STU020,Swati Menon,1,2,B,AI&DS,3,Code Lab,Week 1,50.0,6643111853
STU020,Swati Menon,1,1,B,AI&DS,3,Code Lab,Week 2,100.0,6643111853
STU020,Swati Menon,1,2,B,AI&DS,3,Code Lab,Week 3,50.0,6643111853
STU020,Swati Menon,0,1,B,AI&DS,3,Code Lab,Week 4,0.0,6643111853
STU020,Swati Menon,1,2,B,AI&DS,3,Code Lab,Week 5,50.0,6643111853
STU020,Swati Menon,1,1,B,AI&DS,3,Code Lab,Week 6,100.0,6643111853
STU020,Swati Menon,1,1,B,AI&DS,3,Code Lab,Week 7,100.0,6643111853
STU020,Swati Menon,2,2,B,AI&DS,3,Code Lab,Week 8,100.0,6643111853
STU020,Swati Menon,1,1,B,AI&DS,3,Communication Skills,Week 1,100.0,6643111853
STU020,Swati Menon,2,2,B,AI&DS,3,Communication Skills,Week 2,100.0,6643111853
STU020,Swati Menon,0,2,B,AI&DS,3,Communication Skills,Week 3,0.0,6643111853
STU020,Swati Menon,1,2,B,AI&DS,3,Communication Skills,Week 4,50.0,6643111853
STU020,Swati Menon,1,3,B,AI&DS,3,Communication Skills,Week 5,33.33,6643111853
STU020,Swati Menon,1,2,B,AI&DS,3,Communication Skills,Week 6,50.0,6643111853
STU020,Swati Menon,1,1,B,AI&DS,3,Communication Skills,Week 7,100.0,6643111853
STU020,Swati Menon,1,2,B,AI&DS,3,Communication Skills,Week 8,50.0,6643111853
STU021,Rohan Iyer,4,4,B,ECE,3,Maths,Week 1,100.0,6258633898
STU021,Rohan Iyer,3,4,B,ECE,3,Maths,Week 2,75.0,6258633898
STU021,Rohan Iyer,3,4,B,ECE,3,Maths,Week 3,75.0,6258633898
STU021,Rohan Iyer,4,5,B,ECE,3,Maths,Week 4,80.0,6258633898
STU021,Rohan Iyer,4,5,B,ECE,3,Maths,Week 5,80.0,6258633898
STU021,Rohan Iyer,4,4,B,ECE,3,Maths,Week 6,100.0,6258633898
STU021,Rohan Iyer,2,3,B,ECE,3,Maths,Week 7,66.67,6258633898
STU021,Rohan Iyer,3,4,B,ECE,3,Maths,Week 8,75.0,6258633898
STU021,Rohan Iyer,2,2,B,ECE,3,Python,Week 1,100.0,6258633898
STU021,Rohan Iyer,2,3,B,ECE,3,Python,Week 2,66.67,6258633898
STU021,Rohan Iyer,1,2,B,ECE,3,Python,Week 3,50.0,6258633898
STU021,Rohan Iyer,4,4,B,ECE,3,Python,Week 4,100.0,6258633898
STU021,Rohan Iyer,3,3,B,ECE,3,Python,Week 5,100.0,6258633898
STU021,Rohan Iyer,1,3,B,ECE,3,Python,Week 6,33.33,6258633898
STU021,Rohan Iyer,2,2,B,ECE,3,Python,Week 7,100.0,6258633898
STU021,Rohan Iyer,3,4,B,ECE,3,Python,Week 8,75.0,6258633898
STU021,Rohan Iyer,2,2,B,ECE,3,AI,Week 1,100.0,6258633898
STU021,Rohan Iyer,2,2,B,ECE,3,AI,Week 2,100.0,6258633898
STU021,Rohan Iyer,3,4,B,ECE,3,AI,Week 3,75.0,6258633898
STU021,Rohan Iyer,3,3,B,ECE,3,AI,Week 4,100.0,6258633898
STU021,Rohan Iyer,4,4,B,ECE,3,AI,Week 5,100.0,6258633898
STU021,Rohan Iyer,3,4,B,ECE,3,AI,Week 6,75.0,6258633898
STU021,Rohan Iyer,3,3,B,ECE,3,AI,Week 7,100.0,6258633898
STU021,Rohan Iyer,2,2,B,ECE,3,AI,Week 8,100.0,6258633898
STU021,Rohan Iyer,4,4,B,ECE,3,DSA,Week 1,100.0,6258633898
STU021,Rohan Iyer,3,4,B,ECE,3,DSA,Week 2,75.0,6258633898
STU021,Rohan Iyer,3,4,B,ECE,3,DSA,Week 3,75.0,6258633898
STU021,Rohan Iyer,3,3,B,ECE,3,DSA,Week 4,100.0,6258633898
STU021,Rohan Iyer,2,4,B,ECE,3,DSA,Week 5,50.0,6258633898
STU021,Rohan Iyer,4,4,B,ECE,3,DSA,Week 6,100.0,6258633898
STU021,Rohan Iyer,3,4,B,ECE,3,DSA,Week 7,75.0,6258633898
STU021,Rohan Iyer,3,5,B,ECE,3,DSA,Week 8,60.0,6258633898
STU021,Rohan Iyer,3,3,B,ECE,3,Code Lab,Week 1,100.0,6258633898
STU021,Rohan Iyer,1,1,B,ECE,3,Code Lab,Week 2,100.0,6258633898
STU021,Rohan Iyer,2,2,B,ECE,3,Code Lab,Week 3,100.0,6258633898
STU021,Rohan Iyer,2,3,B,ECE,3,Code Lab,Week 4,66.67,6258633898
STU021,Rohan Iyer,0,1,B,ECE,3,Code Lab,Week 5,0.0,6258633898
STU021,Rohan Iyer,2,2,B,ECE,3,Code Lab,Week 6,100.0,6258633898
STU021,Rohan Iyer,2,3,B,ECE,3,Code Lab,Week 7,66.67,6258633898
STU021,Rohan Iyer,2,2,B,ECE,3,Code Lab,Week 8,100.0,6258633898
STU021,Rohan Iyer,1,2,B,ECE,3,Communication Skills,Week 1,50.0,6258633898
STU021,Rohan Iyer,0,1,B,ECE,3,Communication Skills,Week 2,0.0,6258633898
STU021,Rohan Iyer,2,2,B,ECE,3,Communication Skills,Week 3,100.0,6258633898
STU021,Rohan Iyer,1,1,B,ECE,3,Communication Skills,Week 4,100.0,6258633898
STU021,Rohan Iyer,2,2,B,ECE,3,Communication Skills,Week 5,100.0,6258633898
STU021,Rohan Iyer,2,2,B,ECE,3,Communication Skills,Week 6,100.0,6258633898
STU021,Rohan Iyer,2,2,B,ECE,3,Communication Skills,Week 7,100.0,6258633898
STU021,Rohan Iyer,1,2,B,ECE,3,Communication Skills,Week 8,50.0,6258633898
STU022,Arjun Verma,3,4,A,IT,5,Maths,Week 1,75.0,7137859287
STU022,Arjun Verma,2,3,A,IT,5,Maths,Week 2,66.67,7137859287
STU022,Arjun Verma,2,3,A,IT,5,Maths,Week 3,66.67,7137859287
STU022,Arjun Verma,3,5,A,IT,5,Maths,Week 4,60.0,7137859287
STU022,Arjun Verma,3,4,A,IT,5,Maths,Week 5,75.0,7137859287
STU022,Arjun Verma,3,4,A,IT,5,Maths,Week 6,75.0,7137859287
STU022,Arjun Verma,3,4,A,IT,5,Maths,Week 7,75.0,7137859287
STU022,Arjun Verma,4,4,A,IT,5,Maths,Week 8,100.0,7137859287
STU022,Arjun Verma,2,3,A,IT,5,Python,Week 1,66.67,7137859287
STU022,Arjun Verma,1,4,A,IT,5,Python,Week 2,25.0,7137859287
STU022,Arjun Verma,3,3,A,IT,5,Python,Week 3,100.0,7137859287
STU022,Arjun Verma,4,4,A,IT,5,Python,Week 4,100.0,7137859287
STU022,Arjun Verma,2,3,A,IT,5,Python,Week 5,66.67,7137859287
STU022,Arjun Verma,3,3,A,IT,5,Python,Week 6,100.0,7137859287
STU022,Arjun Verma,2,2,A,IT,5,Python,Week 7,100.0,7137859287
STU022,Arjun Verma,3,3,A,IT,5,Python,Week 8,100.0,7137859287
STU022,Arjun Verma,1,2,A,IT,5,AI,Week 1,50.0,7137859287
STU022,Arjun Verma,2,3,A,IT,5,AI,Week 2,66.67,7137859287
STU022,Arjun Verma,2,4,A,IT,5,AI,Week 3,50.0,7137859287
STU022,Arjun Verma,2,3,A,IT,5,AI,Week 4,66.67,7137859287
STU022,Arjun Verma,2,3,A,IT,5,AI,Week 5,66.67,7137859287
STU022,Arjun Verma,2,3,A,IT,5,AI,Week 6,66.67,7137859287
STU022,Arjun Verma,3,3,A,IT,5,AI,Week 7,100.0,7137859287
STU022,Arjun Verma,3,3,A,IT,5,AI,Week 8,100.0,7137859287
STU022,Arjun Verma,3,3,A,IT,5,DSA,Week 1,100.0,7137859287
STU022,Arjun Verma,2,4,A,IT,5,DSA,Week 2,50.0,7137859287
STU022,Arjun Verma,4,5,A,IT,5,DSA,Week 3,80.0,7137859287
STU022,Arjun Verma,2,5,A,IT,5,DSA,Week 4,40.0,7137859287
STU022,Arjun Verma,3,4,A,IT,5,DSA,Week 5,75.0,7137859287
STU022,Arjun Verma,3,3,A,IT,5,DSA,Week 6,100.0,7137859287
STU022,Arjun Verma,1,4,A,IT,5,DSA,Week 7,25.0,7137859287
STU022,Arjun Verma,3,4,A,IT,5,DSA,Week 8,75.0,7137859287
STU022,Arjun Verma,1,2,A,IT,5,Code Lab,Week 1,50.0,7137859287
STU022,Arjun Verma,1,2,A,IT,5,Code Lab,Week 2,50.0,7137859287
STU022,Arjun Verma,1,2,A,IT,5,Code Lab,Week 3,50.0,7137859287
STU022,Arjun Verma,2,2,A,IT,5,Code Lab,Week 4,100.0,7137859287
STU022,Arjun Verma,1,2,A,IT,5,Code Lab,Week 5,50.0,7137859287
STU022,Arjun Verma,2,2,A,IT,5,Code Lab,Week 6,100.0,7137859287
STU022,Arjun Verma,2,2,A,IT,5,Code Lab,Week 7,100.0,7137859287
STU022,Arjun Verma,2,2,A,IT,5,Code Lab,Week 8,100.0,7137859287
STU022,Arjun Verma,1,2,A,IT,5,Communication Skills,Week 1,50.0,7137859287
STU022,Arjun Verma,0,2,A,IT,5,Communication Skills,Week 2,0.0,7137859287
STU022,Arjun Verma,1,2,A,IT,5,Communication Skills,Week 3,50.0,7137859287
STU022,Arjun Verma,2,2,A,IT,5,Communication Skills,Week 4,100.0,7137859287
STU022,Arjun Verma,1,3,A,IT,5,Communication Skills,Week 5,33.33,7137859287
STU022,Arjun Verma,1,2,A,IT,5,Communication Skills,Week 6,50.0,7137859287
STU022,Arjun Verma,1,2,A,IT,5,Communication Skills,Week 7,50.0,7137859287
STU022,Arjun Verma,1,1,A,IT,5,Communication Skills,Week 8,100.0,7137859287
STU023,Vivek Gupta,4,4,C,ECE,5,Maths,Week 1,100.0,9227416584
STU023,Vivek Gupta,2,3,C,ECE,5,Maths,Week 2,66.67,9227416584
STU023,Vivek Gupta,3,4,C,ECE,5,Maths,Week 3,75.0,9227416584
STU023,Vivek Gupta,1,4,C,ECE,5,Maths,Week 4,25.0,9227416584
STU023,Vivek Gupta,3,4,C,ECE,5,Maths,Week 5,75.0,9227416584
STU023,Vivek Gupta,3,4,C,ECE,5,Maths,Week 6,75.0,9227416584
STU023,Vivek Gupta,4,5,C,ECE,5,Maths,Week 7,80.0,9227416584
STU023,Vivek Gupta,3,3,C,ECE,5,Maths,Week 8,100.0,9227416584
STU023,Vivek Gupta,3,3,C,ECE,5,Python,Week 1,100.0,9227416584
STU023,Vivek Gupta,1,4,C,ECE,5,Python,Week 2,25.0,9227416584
STU023,Vivek Gupta,2,3,C,ECE,5,Python,Week 3,66.67,9227416584
STU023,Vivek Gupta,0,2,C,ECE,5,Python,Week 4,0.0,9227416584
STU023,Vivek Gupta,3,3,C,ECE,5,Python,Week 5,100.0,9227416584
STU023,Vivek Gupta,1,2,C,ECE,5,Python,Week 6,50.0,9227416584
STU023,Vivek Gupta,2,2,C,ECE,5,Python,Week 7,100.0,9227416584
STU023,Vivek Gupta,4,4,C,ECE,5,Python,Week 8,100.0,9227416584
STU023,Vivek Gupta,3,3,C,ECE,5,AI,Week 1,100.0,9227416584
STU023,Vivek Gupta,1,3,C,ECE,5,AI,Week 2,33.33,9227416584
STU023,Vivek Gupta,0,2,C,ECE,5,AI,Week 3,0.0,9227416584
STU023,Vivek Gupta,3,3,C,ECE,5,AI,Week 4,100.0,9227416584
STU023,Vivek Gupta,3,3,C,ECE,5,AI,Week 5,100.0,9227416584
STU023,Vivek Gupta,4,4,C,ECE,5,AI,Week 6,100.0,9227416584
STU023,Vivek Gupta,2,3,C,ECE,5,AI,Week 7,66.67,9227416584
STU023,Vivek Gupta,3,3,C,ECE,5,AI,Week 8,100.0,9227416584
STU023,Vivek Gupta,3,4,C,ECE,5,DSA,Week 1,75.0,9227416584
STU023,Vivek Gupta,4,5,C,ECE,5,DSA,Week 2,80.0,9227416584
STU023,Vivek Gupta,3,4,C,ECE,5,DSA,Week 3,75.0,9227416584
STU023,Vivek Gupta,4,4,C,ECE,5,DSA,Week 4,100.0,9227416584
STU023,Vivek Gupta,3,4,C,ECE,5,DSA,Week 5,75.0,9227416584
STU023,Vivek Gupta,2,3,C,ECE,5,DSA,Week 6,66.67,9227416584
STU023,Vivek Gupta,2,4,C,ECE,5,DSA,Week 7,50.0,9227416584
STU023,Vivek Gupta,3,4,C,ECE,5,DSA,Week 8,75.0,9227416584
STU023,Vivek Gupta,2,3,C,ECE,5,Code Lab,Week 1,66.67,9227416584
STU023,Vivek Gupta,2,2,C,ECE,5,Code Lab,Week 2,100.0,9227416584
STU023,Vivek Gupta,1,2,C,ECE,5,Code Lab,Week 3,50.0,9227416584
STU023,Vivek Gupta,0,1,C,ECE,5,Code Lab,Week 4,0.0,9227416584
STU023,Vivek Gupta,2,2,C,ECE,5,Code Lab,Week 5,100.0,9227416584
STU023,Vivek Gupta,2,2,C,ECE,5,Code Lab,Week 6,100.0,9227416584
STU023,Vivek Gupta,1,3,C,ECE,5,Code Lab,Week 7,33.33,9227416584
STU023,Vivek Gupta,1,1,C,ECE,5,Code Lab,Week 8,100.0,9227416584
STU023,Vivek Gupta,2,2,C,ECE,5,Communication Skills,Week 1,100.0,9227416584
STU023,Vivek Gupta,2,2,C,ECE,5,Communication Skills,Week 2,100.0,9227416584
STU023,Vivek Gupta,3,3,C,ECE,5,Communication Skills,Week 3,100.0,9227416584
STU023,Vivek Gupta,2,3,C,ECE,5,Communication Skills,Week 4,66.67,9227416584
STU023,Vivek Gupta,0,1,C,ECE,5,Communication Skills,Week 5,0.0,9227416584
STU023,Vivek Gupta,0,2,C,ECE,5,Communication Skills,Week 6,0.0,9227416584
STU023,Vivek Gupta,2,2,C,ECE,5,Communication Skills,Week 7,100.0,9227416584
STU023,Vivek Gupta,1,2,C,ECE,5,Communication Skills,Week 8,50.0,9227416584
STU024,Meera Joshi,2,4,C,IT,5,Maths,Week 1,50.0,8470406376
STU024,Meera Joshi,4,4,C,IT,5,Maths,Week 2,100.0,8470406376
STU024,Meera Joshi,3,4,C,IT,5,Maths,Week 3,75.0,8470406376
STU024,Meera Joshi,4,5,C,IT,5,Maths,Week 4,80.0,8470406376
STU024,Meera Joshi,2,3,C,IT,5,Maths,Week 5,66.67,8470406376
STU024,Meera Joshi,2,4,C,IT,5,Maths,Week 6,50.0,8470406376
STU024,Meera Joshi,2,3,C,IT,5,Maths,Week 7,66.67,8470406376
STU024,Meera Joshi,3,5,C,IT,5,Maths,Week 8,60.0,8470406376
STU024,Meera Joshi,4,4,C,IT,5,Python,Week 1,100.0,8470406376
STU024,Meera Joshi,3,3,C,IT,5,Python,Week 2,100.0,8470406376
STU024,Meera Joshi,2,2,C,IT,5,Python,Week 3,100.0,8470406376
STU024,Meera Joshi,1,2,C,IT,5,Python,Week 4,50.0,8470406376
STU024,Meera Joshi,3,3,C,IT,5,Python,Week 5,100.0,8470406376
STU024,Meera Joshi,2,2,C,IT,5,Python,Week 6,100.0,8470406376
STU024,Meera Joshi,2,3,C,IT,5,Python,Week 7,66.67,8470406376
STU024,Meera Joshi,1,2,C,IT,5,Python,Week 8,50.0,8470406376
STU024,Meera Joshi,2,3,C,IT,5,AI,Week 1,66.67,8470406376
STU024,Meera Joshi,2,4,C,IT,5,AI,Week 2,50.0,8470406376
STU024,Meera Joshi,3,3,C,IT,5,AI,Week 3,100.0,8470406376
STU024,Meera Joshi,2,4,C,IT,5,AI,Week 4,50.0,8470406376
STU024,Meera Joshi,2,2,C,IT,5,AI,Week 5,100.0,8470406376
STU024,Meera Joshi,3,3,C,IT,5,AI,Week 6,100.0,8470406376
STU024,Meera Joshi,2,2,C,IT,5,AI,Week 7,100.0,8470406376
STU024,Meera Joshi,2,3,C,IT,5,AI,Week 8,66.67,8470406376
STU024,Meera Joshi,3,4,C,IT,5,DSA,Week 1,75.0,8470406376
STU024,Meera Joshi,5,5,C,IT,5,DSA,Week 2,100.0,8470406376
STU024,Meera Joshi,2,3,C,IT,5,DSA,Week 3,66.67,8470406376
STU024,Meera Joshi,1,4,C,IT,5,DSA,Week 4,25.0,8470406376
STU024,Meera Joshi,4,4,C,IT,5,DSA,Week 5,100.0,8470406376
STU024,Meera Joshi,2,4,C,IT,5,DSA,Week 6,50.0,8470406376
STU024,Meera Joshi,3,4,C,IT,5,DSA,Week 7,75.0,8470406376
STU024,Meera Joshi,1,3,C,IT,5,DSA,Week 8,33.33,8470406376
STU024,Meera Joshi,1,2,C,IT,5,Code Lab,Week 1,50.0,8470406376
STU024,Meera Joshi,1,2,C,IT,5,Code Lab,Week 2,50.0,8470406376
STU024,Meera Joshi,2,2,C,IT,5,Code Lab,Week 3,100.0,8470406376
STU024,Meera Joshi,3,3,C,IT,5,Code Lab,Week 4,100.0,8470406376
STU024,Meera Joshi,2,2,C,IT,5,Code Lab,Week 5,100.0,8470406376
STU024,Meera Joshi,2,2,C,IT,5,Code Lab,Week 6,100.0,8470406376
STU024,Meera Joshi,3,3,C,IT,5,Code Lab,Week 7,100.0,8470406376
STU024,Meera Joshi,1,2,C,IT,5,Code Lab,Week 8,50.0,8470406376
STU024,Meera Joshi,3,3,C,IT,5,Communication Skills,Week 1,100.0,8470406376
STU024,Meera Joshi,0,1,C,IT,5,Communication Skills,Week 2,0.0,8470406376
STU024,Meera Joshi,2,3,C,IT,5,Communication Skills,Week 3,66.67,8470406376
STU024,Meera Joshi,1,1,C,IT,5,Communication Skills,Week 4,100.0,8470406376
STU024,Meera Joshi,2,3,C,IT,5,Communication Skills,Week 5,66.67,8470406376
STU024,Meera Joshi,2,2,C,IT,5,Communication Skills,Week 6,100.0,8470406376
STU024,Meera Joshi,1,1,C,IT,5,Communication Skills,Week 7,100.0,8470406376
STU024,Meera Joshi,1,1,C,IT,5,Communication Skills,Week 8,100.0,8470406376
STU025,Kritika Iyer,5,5,A,AI&DS,3,Maths,Week 1,100.0,8022585366
STU025,Kritika Iyer,3,4,A,AI&DS,3,Maths,Week 2,75.0,8022585366
STU025,Kritika Iyer,3,4,A,AI&DS,3,Maths,Week 3,75.0,8022585366
STU025,Kritika Iyer,3,4,A,AI&DS,3,Maths,Week 4,75.0,8022585366
STU025,Kritika Iyer,1,4,A,AI&DS,3,Maths,Week 5,25.0,8022585366
STU025,Kritika Iyer,3,5,A,AI&DS,3,Maths,Week 6,60.0,8022585366
STU025,Kritika Iyer,3,5,A,AI&DS,3,Maths,Week 7,60.0,8022585366
STU025,Kritika Iyer,4,4,A,AI&DS,3,Maths,Week 8,100.0,8022585366
STU025,Kritika Iyer,2,3,A,AI&DS,3,Python,Week 1,66.67,8022585366
STU025,Kritika Iyer,2,2,A,AI&DS,3,Python,Week 2,100.0,8022585366
STU025,Kritika Iyer,3,3,A,AI&DS,3,Python,Week 3,100.0,8022585366
STU025,Kritika Iyer,2,2,A,AI&DS,3,Python,Week 4,100.0,8022585366
STU025,Kritika Iyer,3,3,A,AI&DS,3,Python,Week 5,100.0,8022585366
STU025,Kritika Iyer,1,2,A,AI&DS,3,Python,Week 6,50.0,8022585366
STU025,Kritika Iyer,1,4,A,AI&DS,3,Python,Week 7,25.0,8022585366
STU025,Kritika Iyer,2,4,A,AI&DS,3,Python,Week 8,50.0,8022585366
STU025,Kritika Iyer,3,3,A,AI&DS,3,AI,Week 1,100.0,8022585366
STU025,Kritika Iyer,2,3,A,AI&DS,3,AI,Week 2,66.67,8022585366
STU025,Kritika Iyer,3,3,A,AI&DS,3,AI,Week 3,100.0,8022585366
STU025,Kritika Iyer,1,2,A,AI&DS,3,AI,Week 4,50.0,8022585366
STU025,Kritika Iyer,3,4,A,AI&DS,3,AI,Week 5,75.0,8022585366
STU025,Kritika Iyer,3,3,A,AI&DS,3,AI,Week 6,100.0,8022585366
STU025,Kritika Iyer,1,3,A,AI&DS,3,AI,Week 7,33.33,8022585366
STU025,Kritika Iyer,2,3,A,AI&DS,3,AI,Week 8,66.67,8022585366
STU025,Kritika Iyer,4,4,A,AI&DS,3,DSA,Week 1,100.0,8022585366
STU025,Kritika Iyer,4,4,A,AI&DS,3,DSA,Week 2,100.0,8022585366
STU025,Kritika Iyer,3,4,A,AI&DS,3,DSA,Week 3,75.0,8022585366
STU025,Kritika Iyer,5,5,A,AI&DS,3,DSA,Week 4,100.0,8022585366
STU025,Kritika Iyer,2,4,A,AI&DS,3,DSA,Week 5,50.0,8022585366
STU025,Kritika Iyer,1,4,A,AI&DS,3,DSA,Week 6,25.0,8022585366
STU025,Kritika Iyer,2,4,A,AI&DS,3,DSA,Week 7,50.0,8022585366
STU025,Kritika Iyer,2,4,A,AI&DS,3,DSA,Week 8,50.0,8022585366
STU025,Kritika Iyer,2,2,A,AI&DS,3,Code Lab,Week 1,100.0,8022585366
STU025,Kritika Iyer,2,2,A,AI&DS,3,Code Lab,Week 2,100.0,8022585366
STU025,Kritika Iyer,2,3,A,AI&DS,3,Code Lab,Week 3,66.67,8022585366
STU025,Kritika Iyer,1,2,A,AI&DS,3,Code Lab,Week 4,50.0,8022585366
STU025,Kritika Iyer,1,3,A,AI&DS,3,Code Lab,Week 5,33.33,8022585366
STU025,Kritika Iyer,2,2,A,AI&DS,3,Code Lab,Week 6,100.0,8022585366
STU025,Kritika Iyer,1,2,A,AI&DS,3,Code Lab,Week 7,50.0,8022585366
STU025,Kritika Iyer,1,2,A,AI&DS,3,Code Lab,Week 8,50.0,8022585366
STU025,Kritika Iyer,3,3,A,AI&DS,3,Communication Skills,Week 1,100.0,8022585366
STU025,Kritika Iyer,0,2,A,AI&DS,3,Communication Skills,Week 2,0.0,8022585366
STU025,Kritika Iyer,2,2,A,AI&DS,3,Communication Skills,Week 3,100.0,8022585366
STU025,Kritika Iyer,1,2,A,AI&DS,3,Communication Skills,Week 4,50.0,8022585366
STU025,Kritika Iyer,2,2,A,AI&DS,3,Communication Skills,Week 5,100.0,8022585366
STU025,Kritika Iyer,2,2,A,AI&DS,3,Communication Skills,Week 6,100.0,8022585366
STU025,Kritika Iyer,1,1,A,AI&DS,3,Communication Skills,Week 7,100.0,8022585366
STU025,Kritika Iyer,2,2,A,AI&DS,3,Communication Skills,Week 8,100.0,8022585366
STU026,Isha Reddy,4,4,A,CSE,5,Maths,Week 1,100.0,6245824373
STU026,Isha Reddy,2,4,A,CSE,5,Maths,Week 2,50.0,6245824373
STU026,Isha Reddy,4,4,A,CSE,5,Maths,Week 3,100.0,6245824373
STU026,Isha Reddy,3,3,A,CSE,5,Maths,Week 4,100.0,6245824373
STU026,Isha Reddy,4,4,A,CSE,5,Maths,Week 5,100.0,6245824373
STU026,Isha Reddy,3,4,A,CSE,5,Maths,Week 6,75.0,6245824373
STU026,Isha Reddy,2,3,A,CSE,5,Maths,Week 7,66.67,6245824373
STU026,Isha Reddy,4,4,A,CSE,5,Maths,Week 8,100.0,6245824373
STU026,Isha Reddy,3,3,A,CSE,5,Python,Week 1,100.0,6245824373
STU026,Isha Reddy,2,3,A,CSE,5,Python,Week 2,66.67,6245824373
STU026,Isha Reddy,4,4,A,CSE,5,Python,Week 3,100.0,6245824373
STU026,Isha Reddy,2,3,A,CSE,5,Python,Week 4,66.67,6245824373
STU026,Isha Reddy,4,4,A,CSE,5,Python,Week 5,100.0,6245824373
STU026,Isha Reddy,3,3,A,CSE,5,Python,Week 6,100.0,6245824373
STU026,Isha Reddy,4,4,A,CSE,5,Python,Week 7,100.0,6245824373
STU026,Isha Reddy,4,4,A,CSE,5,Python,Week 8,100.0,6245824373
STU026,Isha Reddy,3,3,A,CSE,5,AI,Week 1,100.0,6245824373
STU026,Isha Reddy,3,4,A,CSE,5,AI,Week 2,75.0,6245824373
STU026,Isha Reddy,2,3,A,CSE,5,AI,Week 3,66.67,6245824373
STU026,Isha Reddy,4,4,A,CSE,5,AI,Week 4,100.0,6245824373
STU026,Isha Reddy,3,3,A,CSE,5,AI,Week 5,100.0,6245824373
STU026,Isha Reddy,3,3,A,CSE,5,AI,Week 6,100.0,6245824373
STU026,Isha Reddy,3,3,A,CSE,5,AI,Week 7,100.0,6245824373
STU026,Isha Reddy,2,3,A,CSE,5,AI,Week 8,66.67,6245824373
STU026,Isha Reddy,4,4,A,CSE,5,DSA,Week 1,100.0,6245824373
STU026,Isha Reddy,3,3,A,CSE,5,DSA,Week 2,100.0,6245824373
STU026,Isha Reddy,4,4,A,CSE,5,DSA,Week 3,100.0,6245824373
STU026,Isha Reddy,5,5,A,CSE,5,DSA,Week 4,100.0,6245824373
STU026,Isha Reddy,4,4,A,CSE,5,DSA,Week 5,100.0,6245824373
STU026,Isha Reddy,4,4,A,CSE,5,DSA,Week 6,100.0,6245824373
STU026,Isha Reddy,4,4,A,CSE,5,DSA,Week 7,100.0,6245824373
STU026,Isha Reddy,4,4,A,CSE,5,DSA,Week 8,100.0,6245824373
STU026,Isha Reddy,2,2,A,CSE,5,Code Lab,Week 1,100.0,6245824373
STU026,Isha Reddy,2,2,A,CSE,5,Code Lab,Week 2,100.0,6245824373
STU026,Isha Reddy,3,3,A,CSE,5,Code Lab,Week 3,100.0,6245824373
STU026,Isha Reddy,1,1,A,CSE,5,Code Lab,Week 4,100.0,6245824373
STU026,Isha Reddy,2,3,A,CSE,5,Code Lab,Week 5,66.67,6245824373
STU026,Isha Reddy,2,2,A,CSE,5,Code Lab,Week 6,100.0,6245824373
STU026,Isha Reddy,2,2,A,CSE,5,Code Lab,Week 7,100.0,6245824373
STU026,Isha Reddy,1,1,A,CSE,5,Code Lab,Week 8,100.0,6245824373
STU026,Isha Reddy,2,2,A,CSE,5,Communication Skills,Week 1,100.0,6245824373
STU026,Isha Reddy,3,3,A,CSE,5,Communication Skills,Week 2,100.0,6245824373
STU026,Isha Reddy,2,2,A,CSE,5,Communication Skills,Week 3,100.0,6245824373
STU026,Isha Reddy,0,1,A,CSE,5,Communication Skills,Week 4,0.0,6245824373
STU026,Isha Reddy,1,1,A,CSE,5,Communication Skills,Week 5,100.0,6245824373
STU026,Isha Reddy,2,2,A,CSE,5,Communication Skills,Week 6,100.0,6245824373
STU026,Isha Reddy,2,2,A,CSE,5,Communication Skills,Week 7,100.0,6245824373
STU026,Isha Reddy,1,1,A,CSE,5,Communication Skills,Week 8,100.0,6245824373
STU027,Sneha Patel,4,4,C,CSE,3,Maths,Week 1,100.0,8718309417
STU027,Sneha Patel,3,4,C,CSE,3,Maths,Week 2,75.0,8718309417
STU027,Sneha Patel,3,4,C,CSE,3,Maths,Week 3,75.0,8718309417
STU027,Sneha Patel,1,3,C,CSE,3,Maths,Week 4,33.33,8718309417
STU027,Sneha Patel,3,5,C,CSE,3,Maths,Week 5,60.0,8718309417
STU027,Sneha Patel,3,5,C,CSE,3,Maths,Week 6,60.0,8718309417
STU027,Sneha Patel,5,5,C,CSE,3,Maths,Week 7,100.0,8718309417
STU027,Sneha Patel,4,5,C,CSE,3,Maths,Week 8,80.0,8718309417
STU027,Sneha Patel,3,4,C,CSE,3,Python,Week 1,75.0,8718309417
STU027,Sneha Patel,2,2,C,CSE,3,Python,Week 2,100.0,8718309417
STU027,Sneha Patel,3,4,C,CSE,3,Python,Week 3,75.0,8718309417
STU027,Sneha Patel,2,3,C,CSE,3,Python,Week 4,66.67,8718309417
STU027,Sneha Patel,3,4,C,CSE,3,Python,Week 5,75.0,8718309417
STU027,Sneha Patel,1,3,C,CSE,3,Python,Week 6,33.33,8718309417
STU027,Sneha Patel,2,4,C,CSE,3,Python,Week 7,50.0,8718309417
STU027,Sneha Patel,2,3,C,CSE,3,Python,Week 8,66.67,8718309417
STU027,Sneha Patel,3,3,C,CSE,3,AI,Week 1,100.0,8718309417
STU027,Sneha Patel,3,3,C,CSE,3,AI,Week 2,100.0,8718309417
STU027,Sneha Patel,3,3,C,CSE,3,AI,Week 3,100.0,8718309417
STU027,Sneha Patel,3,3,C,CSE,3,AI,Week 4,100.0,8718309417
STU027,Sneha Patel,1,4,C,CSE,3,AI,Week 5,25.0,8718309417
STU027,Sneha Patel,1,3,C,CSE,3,AI,Week 6,33.33,8718309417
STU027,Sneha Patel,4,4,C,CSE,3,AI,Week 7,100.0,8718309417
STU027,Sneha Patel,1,2,C,CSE,3,AI,Week 8,50.0,8718309417
STU027,Sneha Patel,4,4,C,CSE,3,DSA,Week 1,100.0,8718309417
STU027,Sneha Patel,3,3,C,CSE,3,DSA,Week 2,100.0,8718309417
STU027,Sneha Patel,3,5,C,CSE,3,DSA,Week 3,60.0,8718309417
STU027,Sneha Patel,4,5,C,CSE,3,DSA,Week 4,80.0,8718309417
STU027,Sneha Patel,2,3,C,CSE,3,DSA,Week 5,66.67,8718309417
STU027,Sneha Patel,2,4,C,CSE,3,DSA,Week 6,50.0,8718309417
STU027,Sneha Patel,2,4,C,CSE,3,DSA,Week 7,50.0,8718309417
STU027,Sneha Patel,4,5,C,CSE,3,DSA,Week 8,80.0,8718309417
STU027,Sneha Patel,2,2,C,CSE,3,Code Lab,Week 1,100.0,8718309417
STU027,Sneha Patel,2,2,C,CSE,3,Code Lab,Week 2,100.0,8718309417
STU027,Sneha Patel,2,2,C,CSE,3,Code Lab,Week 3,100.0,8718309417
STU027,Sneha Patel,2,2,C,CSE,3,Code Lab,Week 4,100.0,8718309417
STU027,Sneha Patel,2,3,C,CSE,3,Code Lab,Week 5,66.67,8718309417
STU027,Sneha Patel,1,2,C,CSE,3,Code Lab,Week 6,50.0,8718309417
STU027,Sneha Patel,1,2,C,CSE,3,Code Lab,Week 7,50.0,8718309417
STU027,Sneha Patel,1,2,C,CSE,3,Code Lab,Week 8,50.0,8718309417
STU027,Sneha Patel,2,2,C,CSE,3,Communication Skills,Week 1,100.0,8718309417
STU027,Sneha Patel,2,2,C,CSE,3,Communication Skills,Week 2,100.0,8718309417
STU027,Sneha Patel,1,2,C,CSE,3,Communication Skills,Week 3,50.0,8718309417
STU027,Sneha Patel,2,2,C,CSE,3,Communication Skills,Week 4,100.0,8718309417
STU027,Sneha Patel,2,3,C,CSE,3,Communication Skills,Week 5,66.67,8718309417
STU027,Sneha Patel,3,3,C,CSE,3,Communication Skills,Week 6,100.0,8718309417
STU027,Sneha Patel,0,1,C,CSE,3,Communication Skills,Week 7,0.0,8718309417
STU027,Sneha Patel,1,3,C,CSE,3,Communication Skills,Week 8,33.33,8718309417
STU028,Simran Nair,3,3,C,MECH,4,Maths,Week 1,100.0,7842478695
STU028,Simran Nair,3,4,C,MECH,4,Maths,Week 2,75.0,7842478695
STU028,Simran Nair,4,5,C,MECH,4,Maths,Week 3,80.0,7842478695
STU028,Simran Nair,3,4,C,MECH,4,Maths,Week 4,75.0,7842478695
STU028,Simran Nair,0,3,C,MECH,4,Maths,Week 5,0.0,7842478695
STU028,Simran Nair,0,3,C,MECH,4,Maths,Week 6,0.0,7842478695
STU028,Simran Nair,2,3,C,MECH,4,Maths,Week 7,66.67,7842478695
STU028,Simran Nair,1,3,C,MECH,4,Maths,Week 8,33.33,7842478695
STU028,Simran Nair,3,3,C,MECH,4,Python,Week 1,100.0,7842478695
STU028,Simran Nair,2,3,C,MECH,4,Python,Week 2,66.67,7842478695
STU028,Simran Nair,3,3,C,MECH,4,Python,Week 3,100.0,7842478695
STU028,Simran Nair,3,3,C,MECH,4,Python,Week 4,100.0,7842478695
STU028,Simran Nair,3,3,C,MECH,4,Python,Week 5,100.0,7842478695
STU028,Simran Nair,2,3,C,MECH,4,Python,Week 6,66.67,7842478695
STU028,Simran Nair,1,2,C,MECH,4,Python,Week 7,50.0,7842478695
STU028,Simran Nair,1,3,C,MECH,4,Python,Week 8,33.33,7842478695
STU028,Simran Nair,3,3,C,MECH,4,AI,Week 1,100.0,7842478695
STU028,Simran Nair,2,3,C,MECH,4,AI,Week 2,66.67,7842478695
STU028,Simran Nair,3,3,C,MECH,4,AI,Week 3,100.0,7842478695
STU028,Simran Nair,4,4,C,MECH,4,AI,Week 4,100.0,7842478695
STU028,Simran Nair,0,3,C,MECH,4,AI,Week 5,0.0,7842478695
STU028,Simran Nair,3,3,C,MECH,4,AI,Week 6,100.0,7842478695
STU028,Simran Nair,3,3,C,MECH,4,AI,Week 7,100.0,7842478695
STU028,Simran Nair,1,3,C,MECH,4,AI,Week 8,33.33,7842478695
STU028,Simran Nair,5,5,C,MECH,4,DSA,Week 1,100.0,7842478695
STU028,Simran Nair,3,4,C,MECH,4,DSA,Week 2,75.0,7842478695
STU028,Simran Nair,3,4,C,MECH,4,DSA,Week 3,75.0,7842478695
STU028,Simran Nair,3,5,C,MECH,4,DSA,Week 4,60.0,7842478695
STU028,Simran Nair,4,4,C,MECH,4,DSA,Week 5,100.0,7842478695
STU028,Simran Nair,3,4,C,MECH,4,DSA,Week 6,75.0,7842478695
STU028,Simran Nair,2,4,C,MECH,4,DSA,Week 7,50.0,7842478695
STU028,Simran Nair,2,3,C,MECH,4,DSA,Week 8,66.67,7842478695
STU028,Simran Nair,2,2,C,MECH,4,Code Lab,Week 1,100.0,7842478695
STU028,Simran Nair,1,1,C,MECH,4,Code Lab,Week 2,100.0,7842478695
STU028,Simran Nair,2,3,C,MECH,4,Code Lab,Week 3,66.67,7842478695
STU028,Simran Nair,2,2,C,MECH,4,Code Lab,Week 4,100.0,7842478695
STU028,Simran Nair,2,2,C,MECH,4,Code Lab,Week 5,100.0,7842478695
STU028,Simran Nair,2,2,C,MECH,4,Code Lab,Week 6,100.0,7842478695
STU028,Simran Nair,3,3,C,MECH,4,Code Lab,Week 7,100.0,7842478695
STU028,Simran Nair,0,2,C,MECH,4,Code Lab,Week 8,0.0,7842478695
STU028,Simran Nair,2,2,C,MECH,4,Communication Skills,Week 1,100.0,7842478695
STU028,Simran Nair,2,2,C,MECH,4,Communication Skills,Week 2,100.0,7842478695
STU028,Simran Nair,2,3,C,MECH,4,Communication Skills,Week 3,66.67,7842478695
STU028,Simran Nair,0,3,C,MECH,4,Communication Skills,Week 4,0.0,7842478695
STU028,Simran Nair,1,1,C,MECH,4,Communication Skills,Week 5,100.0,7842478695
STU028,Simran Nair,3,3,C,MECH,4,Communication Skills,Week 6,100.0,7842478695
STU028,Simran Nair,2,2,C,MECH,4,Communication Skills,Week 7,100.0,7842478695
STU028,Simran Nair,0,1,C,MECH,4,Communication Skills,Week 8,0.0,7842478695
STU029,Anjali Menon,2,5,A,CSE,5,Maths,Week 1,40.0,9380424119
STU029,Anjali Menon,3,3,A,CSE,5,Maths,Week 2,100.0,9380424119
STU029,Anjali Menon,3,4,A,CSE,5,Maths,Week 3,75.0,9380424119
STU029,Anjali Menon,2,4,A,CSE,5,Maths,Week 4,50.0,9380424119
STU029,Anjali Menon,2,5,A,CSE,5,Maths,Week 5,40.0,9380424119
STU029,Anjali Menon,4,4,A,CSE,5,Maths,Week 6,100.0,9380424119
STU029,Anjali Menon,2,4,A,CSE,5,Maths,Week 7,50.0,9380424119
STU029,Anjali Menon,1,4,A,CSE,5,Maths,Week 8,25.0,9380424119
STU029,Anjali Menon,2,3,A,CSE,5,Python,Week 1,66.67,9380424119
STU029,Anjali Menon,2,3,A,CSE,5,Python,Week 2,66.67,9380424119
STU029,Anjali Menon,1,3,A,CSE,5,Python,Week 3,33.33,9380424119
STU029,Anjali Menon,0,2,A,CSE,5,Python,Week 4,0.0,9380424119
STU029,Anjali Menon,3,3,A,CSE,5,Python,Week 5,100.0,9380424119
STU029,Anjali Menon,2,3,A,CSE,5,Python,Week 6,66.67,9380424119
STU029,Anjali Menon,2,4,A,CSE,5,Python,Week 7,50.0,9380424119
STU029,Anjali Menon,0,3,A,CSE,5,Python,Week 8,0.0,9380424119
STU029,Anjali Menon,2,4,A,CSE,5,AI,Week 1,50.0,9380424119
STU029,Anjali Menon,1,2,A,CSE,5,AI,Week 2,50.0,9380424119
STU029,Anjali Menon,1,3,A,CSE,5,AI,Week 3,33.33,9380424119
STU029,Anjali Menon,3,3,A,CSE,5,AI,Week 4,100.0,9380424119
STU029,Anjali Menon,2,3,A,CSE,5,AI,Week 5,66.67,9380424119
STU029,Anjali Menon,3,3,A,CSE,5,AI,Week 6,100.0,9380424119
STU029,Anjali Menon,1,3,A,CSE,5,AI,Week 7,33.33,9380424119
STU029,Anjali Menon,1,2,A,CSE,5,AI,Week 8,50.0,9380424119
STU029,Anjali Menon,0,4,A,CSE,5,DSA,Week 1,0.0,9380424119
STU029,Anjali Menon,3,4,A,CSE,5,DSA,Week 2,75.0,9380424119
STU029,Anjali Menon,2,5,A,CSE,5,DSA,Week 3,40.0,9380424119
STU029,Anjali Menon,1,4,A,CSE,5,DSA,Week 4,25.0,9380424119
STU029,Anjali Menon,2,5,A,CSE,5,DSA,Week 5,40.0,9380424119
STU029,Anjali Menon,2,4,A,CSE,5,DSA,Week 6,50.0,9380424119
STU029,Anjali Menon,1,3,A,CSE,5,DSA,Week 7,33.33,9380424119
STU029,Anjali Menon,3,5,A,CSE,5,DSA,Week 8,60.0,9380424119
STU029,Anjali Menon,1,1,A,CSE,5,Code Lab,Week 1,100.0,9380424119
STU029,Anjali Menon,2,2,A,CSE,5,Code Lab,Week 2,100.0,9380424119
STU029,Anjali Menon,0,2,A,CSE,5,Code Lab,Week 3,0.0,9380424119
STU029,Anjali Menon,2,2,A,CSE,5,Code Lab,Week 4,100.0,9380424119
STU029,Anjali Menon,1,2,A,CSE,5,Code Lab,Week 5,50.0,9380424119
STU029,Anjali Menon,2,3,A,CSE,5,Code Lab,Week 6,66.67,9380424119
STU029,Anjali Menon,2,3,A,CSE,5,Code Lab,Week 7,66.67,9380424119
STU029,Anjali Menon,1,1,A,CSE,5,Code Lab,Week 8,100.0,9380424119
STU029,Anjali Menon,2,2,A,CSE,5,Communication Skills,Week 1,100.0,9380424119
STU029,Anjali Menon,1,2,A,CSE,5,Communication Skills,Week 2,50.0,9380424119
STU029,Anjali Menon,2,2,A,CSE,5,Communication Skills,Week 3,100.0,9380424119
STU029,Anjali Menon,0,2,A,CSE,5,Communication Skills,Week 4,0.0,9380424119
STU029,Anjali Menon,0,1,A,CSE,5,Communication Skills,Week 5,0.0,9380424119
STU029,Anjali Menon,1,1,A,CSE,5,Communication Skills,Week 6,100.0,9380424119
STU029,Anjali Menon,2,2,A,CSE,5,Communication Skills,Week 7,100.0,9380424119
STU029,Anjali Menon,3,3,A,CSE,5,Communication Skills,Week 8,100.0,9380424119
STU030,Harsh Sharma,4,4,A,CSE,4,Maths,Week 1,100.0,8859629660
STU030,Harsh Sharma,3,3,A,CSE,4,Maths,Week 2,100.0,8859629660
STU030,Harsh Sharma,2,3,A,CSE,4,Maths,Week 3,66.67,8859629660
STU030,Harsh Sharma,4,4,A,CSE,4,Maths,Week 4,100.0,8859629660
STU030,Harsh Sharma,4,4,A,CSE,4,Maths,Week 5,100.0,8859629660
STU030,Harsh Sharma,4,4,A,CSE,4,Maths,Week 6,100.0,8859629660
STU030,Harsh Sharma,3,4,A,CSE,4,Maths,Week 7,75.0,8859629660
STU030,Harsh Sharma,3,4,A,CSE,4,Maths,Week 8,75.0,8859629660
STU030,Harsh Sharma,3,3,A,CSE,4,Python,Week 1,100.0,8859629660
STU030,Harsh Sharma,1,3,A,CSE,4,Python,Week 2,33.33,8859629660
STU030,Harsh Sharma,3,3,A,CSE,4,Python,Week 3,100.0,8859629660
STU030,Harsh Sharma,2,3,A,CSE,4,Python,Week 4,66.67,8859629660
STU030,Harsh Sharma,2,3,A,CSE,4,Python,Week 5,66.67,8859629660
STU030,Harsh Sharma,2,4,A,CSE,4,Python,Week 6,50.0,8859629660
STU030,Harsh Sharma,2,3,A,CSE,4,Python,Week 7,66.67,8859629660
STU030,Harsh Sharma,3,3,A,CSE,4,Python,Week 8,100.0,8859629660
STU030,Harsh Sharma,3,3,A,CSE,4,AI,Week 1,100.0,8859629660
STU030,Harsh Sharma,1,3,A,CSE,4,AI,Week 2,33.33,8859629660
STU030,Harsh Sharma,1,3,A,CSE,4,AI,Week 3,33.33,8859629660
STU030,Harsh Sharma,3,4,A,CSE,4,AI,Week 4,75.0,8859629660
STU030,Harsh Sharma,2,3,A,CSE,4,AI,Week 5,66.67,8859629660
STU030,Harsh Sharma,3,3,A,CSE,4,AI,Week 6,100.0,8859629660
STU030,Harsh Sharma,2,3,A,CSE,4,AI,Week 7,66.67,8859629660
STU030,Harsh Sharma,3,4,A,CSE,4,AI,Week 8,75.0,8859629660
STU030,Harsh Sharma,2,3,A,CSE,4,DSA,Week 1,66.67,8859629660
STU030,Harsh Sharma,3,4,A,CSE,4,DSA,Week 2,75.0,8859629660
STU030,Harsh Sharma,4,4,A,CSE,4,DSA,Week 3,100.0,8859629660
STU030,Harsh Sharma,4,5,A,CSE,4,DSA,Week 4,80.0,8859629660
STU030,Harsh Sharma,2,3,A,CSE,4,DSA,Week 5,66.67,8859629660
STU030,Harsh Sharma,2,5,A,CSE,4,DSA,Week 6,40.0,8859629660
STU030,Harsh Sharma,3,4,A,CSE,4,DSA,Week 7,75.0,8859629660
STU030,Harsh Sharma,2,4,A,CSE,4,DSA,Week 8,50.0,8859629660
STU030,Harsh Sharma,1,2,A,CSE,4,Code Lab,Week 1,50.0,8859629660
STU030,Harsh Sharma,2,2,A,CSE,4,Code Lab,Week 2,100.0,8859629660
STU030,Harsh Sharma,2,2,A,CSE,4,Code Lab,Week 3,100.0,8859629660
STU030,Harsh Sharma,3,3,A,CSE,4,Code Lab,Week 4,100.0,8859629660
STU030,Harsh Sharma,3,3,A,CSE,4,Code Lab,Week 5,100.0,8859629660
STU030,Harsh Sharma,2,2,A,CSE,4,Code Lab,Week 6,100.0,8859629660
STU030,Harsh Sharma,1,1,A,CSE,4,Code Lab,Week 7,100.0,8859629660
STU030,Harsh Sharma,2,2,A,CSE,4,Code Lab,Week 8,100.0,8859629660
STU030,Harsh Sharma,2,2,A,CSE,4,Communication Skills,Week 1,100.0,8859629660
STU030,Harsh Sharma,1,1,A,CSE,4,Communication Skills,Week 2,100.0,8859629660
STU030,Harsh Sharma,2,3,A,CSE,4,Communication Skills,Week 3,66.67,8859629660
STU030,Harsh Sharma,2,3,A,CSE,4,Communication Skills,Week 4,66.67,8859629660
STU030,Harsh Sharma,1,2,A,CSE,4,Communication Skills,Week 5,50.0,8859629660
STU030,Harsh Sharma,1,2,A,CSE,4,Communication Skills,Week 6,50.0,8859629660
STU030,Harsh Sharma,1,1,A,CSE,4,Communication Skills,Week 7,100.0,8859629660
STU030,Harsh Sharma,2,2,A,CSE,4,Communication Skills,Week 8,100.0,8859629660
STU031,Varun Menon,3,3,C,AI&DS,4,Maths,Week 1,100.0,7452991960
STU031,Varun Menon,4,4,C,AI&DS,4,Maths,Week 2,100.0,7452991960
STU031,Varun Menon,4,4,C,AI&DS,4,Maths,Week 3,100.0,7452991960
STU031,Varun Menon,4,4,C,AI&DS,4,Maths,Week 4,100.0,7452991960
STU031,Varun Menon,4,4,C,AI&DS,4,Maths,Week 5,100.0,7452991960
STU031,Varun Menon,3,4,C,AI&DS,4,Maths,Week 6,75.0,7452991960
STU031,Varun Menon,4,4,C,AI&DS,4,Maths,Week 7,100.0,7452991960
STU031,Varun Menon,4,4,C,AI&DS,4,Maths,Week 8,100.0,7452991960
STU031,Varun Menon,3,3,C,AI&DS,4,Python,Week 1,100.0,7452991960
STU031,Varun Menon,3,3,C,AI&DS,4,Python,Week 2,100.0,7452991960
STU031,Varun Menon,3,3,C,AI&DS,4,Python,Week 3,100.0,7452991960
STU031,Varun Menon,2,3,C,AI&DS,4,Python,Week 4,66.67,7452991960
STU031,Varun Menon,3,3,C,AI&DS,4,Python,Week 5,100.0,7452991960
STU031,Varun Menon,2,2,C,AI&DS,4,Python,Week 6,100.0,7452991960
STU031,Varun Menon,3,3,C,AI&DS,4,Python,Week 7,100.0,7452991960
STU031,Varun Menon,3,3,C,AI&DS,4,Python,Week 8,100.0,7452991960
STU031,Varun Menon,3,3,C,AI&DS,4,AI,Week 1,100.0,7452991960
STU031,Varun Menon,3,4,C,AI&DS,4,AI,Week 2,75.0,7452991960
STU031,Varun Menon,3,3,C,AI&DS,4,AI,Week 3,100.0,7452991960
STU031,Varun Menon,3,3,C,AI&DS,4,AI,Week 4,100.0,7452991960
STU031,Varun Menon,2,3,C,AI&DS,4,AI,Week 5,66.67,7452991960
STU031,Varun Menon,3,3,C,AI&DS,4,AI,Week 6,100.0,7452991960
STU031,Varun Menon,2,2,C,AI&DS,4,AI,Week 7,100.0,7452991960
STU031,Varun Menon,2,2,C,AI&DS,4,AI,Week 8,100.0,7452991960
STU031,Varun Menon,4,4,C,AI&DS,4,DSA,Week 1,100.0,7452991960
STU031,Varun Menon,3,3,C,AI&DS,4,DSA,Week 2,100.0,7452991960
STU031,Varun Menon,4,4,C,AI&DS,4,DSA,Week 3,100.0,7452991960
STU031,Varun Menon,3,4,C,AI&DS,4,DSA,Week 4,75.0,7452991960
STU031,Varun Menon,4,4,C,AI&DS,4,DSA,Week 5,100.0,7452991960
STU031,Varun Menon,4,4,C,AI&DS,4,DSA,Week 6,100.0,7452991960
STU031,Varun Menon,5,5,C,AI&DS,4,DSA,Week 7,100.0,7452991960
STU031,Varun Menon,4,4,C,AI&DS,4,DSA,Week 8,100.0,7452991960
STU031,Varun Menon,2,2,C,AI&DS,4,Code Lab,Week 1,100.0,7452991960
STU031,Varun Menon,3,3,C,AI&DS,4,Code Lab,Week 2,100.0,7452991960
STU031,Varun Menon,2,2,C,AI&DS,4,Code Lab,Week 3,100.0,7452991960
STU031,Varun Menon,2,2,C,AI&DS,4,Code Lab,Week 4,100.0,7452991960
STU031,Varun Menon,1,1,C,AI&DS,4,Code Lab,Week 5,100.0,7452991960
STU031,Varun Menon,2,3,C,AI&DS,4,Code Lab,Week 6,66.67,7452991960
STU031,Varun Menon,1,2,C,AI&DS,4,Code Lab,Week 7,50.0,7452991960
STU031,Varun Menon,3,3,C,AI&DS,4,Code Lab,Week 8,100.0,7452991960
STU031,Varun Menon,0,1,C,AI&DS,4,Communication Skills,Week 1,0.0,7452991960
STU031,Varun Menon,2,2,C,AI&DS,4,Communication Skills,Week 2,100.0,7452991960
STU031,Varun Menon,1,2,C,AI&DS,4,Communication Skills,Week 3,50.0,7452991960
STU031,Varun Menon,1,1,C,AI&DS,4,Communication Skills,Week 4,100.0,7452991960
STU031,Varun Menon,2,2,C,AI&DS,4,Communication Skills,Week 5,100.0,7452991960
STU031,Varun Menon,2,2,C,AI&DS,4,Communication Skills,Week 6,100.0,7452991960
STU031,Varun Menon,2,2,C,AI&DS,4,Communication Skills,Week 7,100.0,7452991960
STU031,Varun Menon,3,3,C,AI&DS,4,Communication Skills,Week 8,100.0,7452991960
STU032,Harsh Reddy,3,4,B,CSE,5,Maths,Week 1,75.0,6054318806
STU032,Harsh Reddy,0,3,B,CSE,5,Maths,Week 2,0.0,6054318806
STU032,Harsh Reddy,3,3,B,CSE,5,Maths,Week 3,100.0,6054318806
STU032,Harsh Reddy,2,5,B,CSE,5,Maths,Week 4,40.0,6054318806
STU032,Harsh Reddy,2,3,B,CSE,5,Maths,Week 5,66.67,6054318806
STU032,Harsh Reddy,3,3,B,CSE,5,Maths,Week 6,100.0,6054318806
STU032,Harsh Reddy,3,3,B,CSE,5,Maths,Week 7,100.0,6054318806
STU032,Harsh Reddy,3,4,B,CSE,5,Maths,Week 8,75.0,6054318806
STU032,Harsh Reddy,2,2,B,CSE,5,Python,Week 1,100.0,6054318806
STU032,Harsh Reddy,2,4,B,CSE,5,Python,Week 2,50.0,6054318806
STU032,Harsh Reddy,2,3,B,CSE,5,Python,Week 3,66.67,6054318806
STU032,Harsh Reddy,3,3,B,CSE,5,Python,Week 4,100.0,6054318806
STU032,Harsh Reddy,3,4,B,CSE,5,Python,Week 5,75.0,6054318806
STU032,Harsh Reddy,3,3,B,CSE,5,Python,Week 6,100.0,6054318806
STU032,Harsh Reddy,3,3,B,CSE,5,Python,Week 7,100.0,6054318806
STU032,Harsh Reddy,3,3,B,CSE,5,Python,Week 8,100.0,6054318806
STU032,Harsh Reddy,1,2,B,CSE,5,AI,Week 1,50.0,6054318806
STU032,Harsh Reddy,1,3,B,CSE,5,AI,Week 2,33.33,6054318806
STU032,Harsh Reddy,2,3,B,CSE,5,AI,Week 3,66.67,6054318806
STU032,Harsh Reddy,1,3,B,CSE,5,AI,Week 4,33.33,6054318806
STU032,Harsh Reddy,1,3,B,CSE,5,AI,Week 5,33.33,6054318806
STU032,Harsh Reddy,3,4,B,CSE,5,AI,Week 6,75.0,6054318806
STU032,Harsh Reddy,2,2,B,CSE,5,AI,Week 7,100.0,6054318806
STU032,Harsh Reddy,3,3,B,CSE,5,AI,Week 8,100.0,6054318806
STU032,Harsh Reddy,1,3,B,CSE,5,DSA,Week 1,33.33,6054318806
STU032,Harsh Reddy,2,5,B,CSE,5,DSA,Week 2,40.0,6054318806
STU032,Harsh Reddy,1,4,B,CSE,5,DSA,Week 3,25.0,6054318806
STU032,Harsh Reddy,4,5,B,CSE,5,DSA,Week 4,80.0,6054318806
STU032,Harsh Reddy,3,4,B,CSE,5,DSA,Week 5,75.0,6054318806
STU032,Harsh Reddy,1,3,B,CSE,5,DSA,Week 6,33.33,6054318806
STU032,Harsh Reddy,3,4,B,CSE,5,DSA,Week 7,75.0,6054318806
STU032,Harsh Reddy,3,4,B,CSE,5,DSA,Week 8,75.0,6054318806
STU032,Harsh Reddy,1,2,B,CSE,5,Code Lab,Week 1,50.0,6054318806
STU032,Harsh Reddy,0,2,B,CSE,5,Code Lab,Week 2,0.0,6054318806
STU032,Harsh Reddy,1,2,B,CSE,5,Code Lab,Week 3,50.0,6054318806
STU032,Harsh Reddy,2,3,B,CSE,5,Code Lab,Week 4,66.67,6054318806
STU032,Harsh Reddy,1,3,B,CSE,5,Code Lab,Week 5,33.33,6054318806
STU032,Harsh Reddy,2,2,B,CSE,5,Code Lab,Week 6,100.0,6054318806
STU032,Harsh Reddy,2,2,B,CSE,5,Code Lab,Week 7,100.0,6054318806
STU032,Harsh Reddy,3,3,B,CSE,5,Code Lab,Week 8,100.0,6054318806
STU032,Harsh Reddy,0,2,B,CSE,5,Communication Skills,Week 1,0.0,6054318806
STU032,Harsh Reddy,2,3,B,CSE,5,Communication Skills,Week 2,66.67,6054318806
STU032,Harsh Reddy,2,2,B,CSE,5,Communication Skills,Week 3,100.0,6054318806
STU032,Harsh Reddy,1,1,B,CSE,5,Communication Skills,Week 4,100.0,6054318806
STU032,Harsh Reddy,1,3,B,CSE,5,Communication Skills,Week 5,33.33,6054318806
STU032,Harsh Reddy,1,2,B,CSE,5,Communication Skills,Week 6,50.0,6054318806
STU032,Harsh Reddy,2,2,B,CSE,5,Communication Skills,Week 7,100.0,6054318806
STU032,Harsh Reddy,1,2,B,CSE,5,Communication Skills,Week 8,50.0,6054318806
STU033,Simran Rao,4,4,A,CSE,3,Maths,Week 1,100.0,9521453189
STU033,Simran Rao,4,5,A,CSE,3,Maths,Week 2,80.0,9521453189
STU033,Simran Rao,3,5,A,CSE,3,Maths,Week 3,60.0,9521453189
STU033,Simran Rao,4,4,A,CSE,3,Maths,Week 4,100.0,9521453189
STU033,Simran Rao,3,4,A,CSE,3,Maths,Week 5,75.0,9521453189
STU033,Simran Rao,3,4,A,CSE,3,Maths,Week 6,75.0,9521453189
STU033,Simran Rao,4,5,A,CSE,3,Maths,Week 7,80.0,9521453189
STU033,Simran Rao,1,4,A,CSE,3,Maths,Week 8,25.0,9521453189
STU033,Simran Rao,3,4,A,CSE,3,Python,Week 1,75.0,9521453189
STU033,Simran Rao,4,4,A,CSE,3,Python,Week 2,100.0,9521453189
STU033,Simran Rao,2,2,A,CSE,3,Python,Week 3,100.0,9521453189
STU033,Simran Rao,3,3,A,CSE,3,Python,Week 4,100.0,9521453189
STU033,Simran Rao,3,3,A,CSE,3,Python,Week 5,100.0,9521453189
STU033,Simran Rao,2,3,A,CSE,3,Python,Week 6,66.67,9521453189
STU033,Simran Rao,1,2,A,CSE,3,Python,Week 7,50.0,9521453189
STU033,Simran Rao,1,3,A,CSE,3,Python,Week 8,33.33,9521453189
STU033,Simran Rao,3,4,A,CSE,3,AI,Week 1,75.0,9521453189
STU033,Simran Rao,4,4,A,CSE,3,AI,Week 2,100.0,9521453189
STU033,Simran Rao,1,3,A,CSE,3,AI,Week 3,33.33,9521453189
STU033,Simran Rao,0,3,A,CSE,3,AI,Week 4,0.0,9521453189
STU033,Simran Rao,2,3,A,CSE,3,AI,Week 5,66.67,9521453189
STU033,Simran Rao,2,4,A,CSE,3,AI,Week 6,50.0,9521453189
STU033,Simran Rao,1,3,A,CSE,3,AI,Week 7,33.33,9521453189
STU033,Simran Rao,1,3,A,CSE,3,AI,Week 8,33.33,9521453189
STU033,Simran Rao,5,5,A,CSE,3,DSA,Week 1,100.0,9521453189
STU033,Simran Rao,2,4,A,CSE,3,DSA,Week 2,50.0,9521453189
STU033,Simran Rao,4,4,A,CSE,3,DSA,Week 3,100.0,9521453189
STU033,Simran Rao,2,4,A,CSE,3,DSA,Week 4,50.0,9521453189
STU033,Simran Rao,1,4,A,CSE,3,DSA,Week 5,25.0,9521453189
STU033,Simran Rao,2,5,A,CSE,3,DSA,Week 6,40.0,9521453189
STU033,Simran Rao,4,4,A,CSE,3,DSA,Week 7,100.0,9521453189
STU033,Simran Rao,2,5,A,CSE,3,DSA,Week 8,40.0,9521453189
STU033,Simran Rao,1,2,A,CSE,3,Code Lab,Week 1,50.0,9521453189
STU033,Simran Rao,2,2,A,CSE,3,Code Lab,Week 2,100.0,9521453189
STU033,Simran Rao,1,2,A,CSE,3,Code Lab,Week 3,50.0,9521453189
STU033,Simran Rao,1,1,A,CSE,3,Code Lab,Week 4,100.0,9521453189
STU033,Simran Rao,1,2,A,CSE,3,Code Lab,Week 5,50.0,9521453189
STU033,Simran Rao,0,3,A,CSE,3,Code Lab,Week 6,0.0,9521453189
STU033,Simran Rao,2,3,A,CSE,3,Code Lab,Week 7,66.67,9521453189
STU033,Simran Rao,1,3,A,CSE,3,Code Lab,Week 8,33.33,9521453189
STU033,Simran Rao,2,2,A,CSE,3,Communication Skills,Week 1,100.0,9521453189
STU033,Simran Rao,2,2,A,CSE,3,Communication Skills,Week 2,100.0,9521453189
STU033,Simran Rao,1,2,A,CSE,3,Communication Skills,Week 3,50.0,9521453189
STU033,Simran Rao,2,2,A,CSE,3,Communication Skills,Week 4,100.0,9521453189
STU033,Simran Rao,1,2,A,CSE,3,Communication Skills,Week 5,50.0,9521453189
STU033,Simran Rao,1,2,A,CSE,3,Communication Skills,Week 6,50.0,9521453189
STU033,Simran Rao,1,3,A,CSE,3,Communication Skills,Week 7,33.33,9521453189
STU033,Simran Rao,1,1,A,CSE,3,Communication Skills,Week 8,100.0,9521453189
STU034,Abhishek Sharma,4,4,B,AI&DS,3,Maths,Week 1,100.0,9284759615
STU034,Abhishek Sharma,4,4,B,AI&DS,3,Maths,Week 2,100.0,9284759615
STU034,Abhishek Sharma,3,4,B,AI&DS,3,Maths,Week 3,75.0,9284759615
STU034,Abhishek Sharma,4,4,B,AI&DS,3,Maths,Week 4,100.0,9284759615
STU034,Abhishek Sharma,4,4,B,AI&DS,3,Maths,Week 5,100.0,9284759615
STU034,Abhishek Sharma,3,4,B,AI&DS,3,Maths,Week 6,75.0,9284759615
STU034,Abhishek Sharma,3,4,B,AI&DS,3,Maths,Week 7,75.0,9284759615
STU034,Abhishek Sharma,3,4,B,AI&DS,3,Maths,Week 8,75.0,9284759615
STU034,Abhishek Sharma,1,2,B,AI&DS,3,Python,Week 1,50.0,9284759615
STU034,Abhishek Sharma,1,2,B,AI&DS,3,Python,Week 2,50.0,9284759615
STU034,Abhishek Sharma,2,3,B,AI&DS,3,Python,Week 3,66.67,9284759615
STU034,Abhishek Sharma,2,3,B,AI&DS,3,Python,Week 4,66.67,9284759615
STU034,Abhishek Sharma,2,3,B,AI&DS,3,Python,Week 5,66.67,9284759615
STU034,Abhishek Sharma,1,3,B,AI&DS,3,Python,Week 6,33.33,9284759615
STU034,Abhishek Sharma,3,3,B,AI&DS,3,Python,Week 7,100.0,9284759615
STU034,Abhishek Sharma,3,4,B,AI&DS,3,Python,Week 8,75.0,9284759615
STU034,Abhishek Sharma,4,4,B,AI&DS,3,AI,Week 1,100.0,9284759615
STU034,Abhishek Sharma,3,3,B,AI&DS,3,AI,Week 2,100.0,9284759615
STU034,Abhishek Sharma,1,3,B,AI&DS,3,AI,Week 3,33.33,9284759615
STU034,Abhishek Sharma,3,3,B,AI&DS,3,AI,Week 4,100.0,9284759615
STU034,Abhishek Sharma,3,3,B,AI&DS,3,AI,Week 5,100.0,9284759615
STU034,Abhishek Sharma,1,3,B,AI&DS,3,AI,Week 6,33.33,9284759615
STU034,Abhishek Sharma,4,4,B,AI&DS,3,AI,Week 7,100.0,9284759615
STU034,Abhishek Sharma,3,3,B,AI&DS,3,AI,Week 8,100.0,9284759615
STU034,Abhishek Sharma,3,3,B,AI&DS,3,DSA,Week 1,100.0,9284759615
STU034,Abhishek Sharma,5,5,B,AI&DS,3,DSA,Week 2,100.0,9284759615
STU034,Abhishek Sharma,3,4,B,AI&DS,3,DSA,Week 3,75.0,9284759615
STU034,Abhishek Sharma,4,4,B,AI&DS,3,DSA,Week 4,100.0,9284759615
STU034,Abhishek Sharma,3,4,B,AI&DS,3,DSA,Week 5,75.0,9284759615
STU034,Abhishek Sharma,3,5,B,AI&DS,3,DSA,Week 6,60.0,9284759615
STU034,Abhishek Sharma,3,3,B,AI&DS,3,DSA,Week 7,100.0,9284759615
STU034,Abhishek Sharma,3,4,B,AI&DS,3,DSA,Week 8,75.0,9284759615
STU034,Abhishek Sharma,1,1,B,AI&DS,3,Code Lab,Week 1,100.0,9284759615
STU034,Abhishek Sharma,0,1,B,AI&DS,3,Code Lab,Week 2,0.0,9284759615
STU034,Abhishek Sharma,1,2,B,AI&DS,3,Code Lab,Week 3,50.0,9284759615
STU034,Abhishek Sharma,2,2,B,AI&DS,3,Code Lab,Week 4,100.0,9284759615
STU034,Abhishek Sharma,1,2,B,AI&DS,3,Code Lab,Week 5,50.0,9284759615
STU034,Abhishek Sharma,2,3,B,AI&DS,3,Code Lab,Week 6,66.67,9284759615
STU034,Abhishek Sharma,2,2,B,AI&DS,3,Code Lab,Week 7,100.0,9284759615
STU034,Abhishek Sharma,1,3,B,AI&DS,3,Code Lab,Week 8,33.33,9284759615
STU034,Abhishek Sharma,1,2,B,AI&DS,3,Communication Skills,Week 1,50.0,9284759615
STU034,Abhishek Sharma,1,2,B,AI&DS,3,Communication Skills,Week 2,50.0,9284759615
STU034,Abhishek Sharma,2,2,B,AI&DS,3,Communication Skills,Week 3,100.0,9284759615
STU034,Abhishek Sharma,1,2,B,AI&DS,3,Communication Skills,Week 4,50.0,9284759615
STU034,Abhishek Sharma,0,3,B,AI&DS,3,Communication Skills,Week 5,0.0,9284759615
STU034,Abhishek Sharma,1,3,B,AI&DS,3,Communication Skills,Week 6,33.33,9284759615
STU034,Abhishek Sharma,0,1,B,AI&DS,3,Communication Skills,Week 7,0.0,9284759615
STU034,Abhishek Sharma,3,3,B,AI&DS,3,Communication Skills,Week 8,100.0,9284759615
STU035,Harsh Joshi,4,4,C,IT,5,Maths,Week 1,100.0,9166211829
STU035,Harsh Joshi,4,4,C,IT,5,Maths,Week 2,100.0,9166211829
STU035,Harsh Joshi,4,4,C,IT,5,Maths,Week 3,100.0,9166211829
STU035,Harsh Joshi,3,4,C,IT,5,Maths,Week 4,75.0,9166211829
STU035,Harsh Joshi,4,4,C,IT,5,Maths,Week 5,100.0,9166211829
STU035,Harsh Joshi,5,5,C,IT,5,Maths,Week 6,100.0,9166211829
STU035,Harsh Joshi,4,4,C,IT,5,Maths,Week 7,100.0,9166211829
STU035,Harsh Joshi,4,4,C,IT,5,Maths,Week 8,100.0,9166211829
STU035,Harsh Joshi,3,3,C,IT,5,Python,Week 1,100.0,9166211829
STU035,Harsh Joshi,3,3,C,IT,5,Python,Week 2,100.0,9166211829
STU035,Harsh Joshi,3,3,C,IT,5,Python,Week 3,100.0,9166211829
STU035,Harsh Joshi,3,3,C,IT,5,Python,Week 4,100.0,9166211829
STU035,Harsh Joshi,3,3,C,IT,5,Python,Week 5,100.0,9166211829
STU035,Harsh Joshi,2,2,C,IT,5,Python,Week 6,100.0,9166211829
STU035,Harsh Joshi,2,2,C,IT,5,Python,Week 7,100.0,9166211829
STU035,Harsh Joshi,3,3,C,IT,5,Python,Week 8,100.0,9166211829
STU035,Harsh Joshi,3,3,C,IT,5,AI,Week 1,100.0,9166211829
STU035,Harsh Joshi,3,3,C,IT,5,AI,Week 2,100.0,9166211829
STU035,Harsh Joshi,3,4,C,IT,5,AI,Week 3,75.0,9166211829
STU035,Harsh Joshi,2,3,C,IT,5,AI,Week 4,66.67,9166211829
STU035,Harsh Joshi,3,3,C,IT,5,AI,Week 5,100.0,9166211829
STU035,Harsh Joshi,2,3,C,IT,5,AI,Week 6,66.67,9166211829
STU035,Harsh Joshi,3,3,C,IT,5,AI,Week 7,100.0,9166211829
STU035,Harsh Joshi,4,4,C,IT,5,AI,Week 8,100.0,9166211829
STU035,Harsh Joshi,4,4,C,IT,5,DSA,Week 1,100.0,9166211829
STU035,Harsh Joshi,5,5,C,IT,5,DSA,Week 2,100.0,9166211829
STU035,Harsh Joshi,3,4,C,IT,5,DSA,Week 3,75.0,9166211829
STU035,Harsh Joshi,3,4,C,IT,5,DSA,Week 4,75.0,9166211829
STU035,Harsh Joshi,3,3,C,IT,5,DSA,Week 5,100.0,9166211829
STU035,Harsh Joshi,4,4,C,IT,5,DSA,Week 6,100.0,9166211829
STU035,Harsh Joshi,4,4,C,IT,5,DSA,Week 7,100.0,9166211829
STU035,Harsh Joshi,4,5,C,IT,5,DSA,Week 8,80.0,9166211829
STU035,Harsh Joshi,2,2,C,IT,5,Code Lab,Week 1,100.0,9166211829
STU035,Harsh Joshi,2,2,C,IT,5,Code Lab,Week 2,100.0,9166211829
STU035,Harsh Joshi,1,2,C,IT,5,Code Lab,Week 3,50.0,9166211829
STU035,Harsh Joshi,2,2,C,IT,5,Code Lab,Week 4,100.0,9166211829
STU035,Harsh Joshi,2,2,C,IT,5,Code Lab,Week 5,100.0,9166211829
STU035,Harsh Joshi,1,2,C,IT,5,Code Lab,Week 6,50.0,9166211829
STU035,Harsh Joshi,3,3,C,IT,5,Code Lab,Week 7,100.0,9166211829
STU035,Harsh Joshi,3,3,C,IT,5,Code Lab,Week 8,100.0,9166211829
STU035,Harsh Joshi,2,2,C,IT,5,Communication Skills,Week 1,100.0,9166211829
STU035,Harsh Joshi,2,2,C,IT,5,Communication Skills,Week 2,100.0,9166211829
STU035,Harsh Joshi,2,2,C,IT,5,Communication Skills,Week 3,100.0,9166211829
STU035,Harsh Joshi,3,3,C,IT,5,Communication Skills,Week 4,100.0,9166211829
STU035,Harsh Joshi,1,1,C,IT,5,Communication Skills,Week 5,100.0,9166211829
STU035,Harsh Joshi,2,2,C,IT,5,Communication Skills,Week 6,100.0,9166211829
STU035,Harsh Joshi,2,2,C,IT,5,Communication Skills,Week 7,100.0,9166211829
STU035,Harsh Joshi,2,2,C,IT,5,Communication Skills,Week 8,100.0,9166211829
STU036,Aakash Sharma,3,4,C,MECH,5,Maths,Week 1,75.0,6803132646
STU036,Aakash Sharma,2,4,C,MECH,5,Maths,Week 2,50.0,6803132646
STU036,Aakash Sharma,3,4,C,MECH,5,Maths,Week 3,75.0,6803132646
STU036,Aakash Sharma,2,4,C,MECH,5,Maths,Week 4,50.0,6803132646
STU036,Aakash Sharma,2,4,C,MECH,5,Maths,Week 5,50.0,6803132646
STU036,Aakash Sharma,2,3,C,MECH,5,Maths,Week 6,66.67,6803132646
STU036,Aakash Sharma,3,5,C,MECH,5,Maths,Week 7,60.0,6803132646
STU036,Aakash Sharma,4,5,C,MECH,5,Maths,Week 8,80.0,6803132646
STU036,Aakash Sharma,1,4,C,MECH,5,Python,Week 1,25.0,6803132646
STU036,Aakash Sharma,2,3,C,MECH,5,Python,Week 2,66.67,6803132646
STU036,Aakash Sharma,1,3,C,MECH,5,Python,Week 3,33.33,6803132646
STU036,Aakash Sharma,1,4,C,MECH,5,Python,Week 4,25.0,6803132646
STU036,Aakash Sharma,2,3,C,MECH,5,Python,Week 5,66.67,6803132646
STU036,Aakash Sharma,2,3,C,MECH,5,Python,Week 6,66.67,6803132646
STU036,Aakash Sharma,1,4,C,MECH,5,Python,Week 7,25.0,6803132646
STU036,Aakash Sharma,0,2,C,MECH,5,Python,Week 8,0.0,6803132646
STU036,Aakash Sharma,1,3,C,MECH,5,AI,Week 1,33.33,6803132646
STU036,Aakash Sharma,2,3,C,MECH,5,AI,Week 2,66.67,6803132646
STU036,Aakash Sharma,1,3,C,MECH,5,AI,Week 3,33.33,6803132646
STU036,Aakash Sharma,2,3,C,MECH,5,AI,Week 4,66.67,6803132646
STU036,Aakash Sharma,3,3,C,MECH,5,AI,Week 5,100.0,6803132646
STU036,Aakash Sharma,2,3,C,MECH,5,AI,Week 6,66.67,6803132646
STU036,Aakash Sharma,1,4,C,MECH,5,AI,Week 7,25.0,6803132646
STU036,Aakash Sharma,2,3,C,MECH,5,AI,Week 8,66.67,6803132646
STU036,Aakash Sharma,0,4,C,MECH,5,DSA,Week 1,0.0,6803132646
STU036,Aakash Sharma,4,5,C,MECH,5,DSA,Week 2,80.0,6803132646
STU036,Aakash Sharma,4,4,C,MECH,5,DSA,Week 3,100.0,6803132646
STU036,Aakash Sharma,4,5,C,MECH,5,DSA,Week 4,80.0,6803132646
STU036,Aakash Sharma,2,5,C,MECH,5,DSA,Week 5,40.0,6803132646
STU036,Aakash Sharma,4,4,C,MECH,5,DSA,Week 6,100.0,6803132646
STU036,Aakash Sharma,2,4,C,MECH,5,DSA,Week 7,50.0,6803132646
STU036,Aakash Sharma,2,4,C,MECH,5,DSA,Week 8,50.0,6803132646
STU036,Aakash Sharma,1,2,C,MECH,5,Code Lab,Week 1,50.0,6803132646
STU036,Aakash Sharma,0,1,C,MECH,5,Code Lab,Week 2,0.0,6803132646
STU036,Aakash Sharma,1,2,C,MECH,5,Code Lab,Week 3,50.0,6803132646
STU036,Aakash Sharma,2,2,C,MECH,5,Code Lab,Week 4,100.0,6803132646
STU036,Aakash Sharma,3,3,C,MECH,5,Code Lab,Week 5,100.0,6803132646
STU036,Aakash Sharma,0,1,C,MECH,5,Code Lab,Week 6,0.0,6803132646
STU036,Aakash Sharma,2,2,C,MECH,5,Code Lab,Week 7,100.0,6803132646
STU036,Aakash Sharma,2,3,C,MECH,5,Code Lab,Week 8,66.67,6803132646
STU036,Aakash Sharma,2,2,C,MECH,5,Communication Skills,Week 1,100.0,6803132646
STU036,Aakash Sharma,0,2,C,MECH,5,Communication Skills,Week 2,0.0,6803132646
STU036,Aakash Sharma,0,1,C,MECH,5,Communication Skills,Week 3,0.0,6803132646
STU036,Aakash Sharma,0,2,C,MECH,5,Communication Skills,Week 4,0.0,6803132646
STU036,Aakash Sharma,1,2,C,MECH,5,Communication Skills,Week 5,50.0,6803132646
STU036,Aakash Sharma,1,1,C,MECH,5,Communication Skills,Week 6,100.0,6803132646
STU036,Aakash Sharma,1,2,C,MECH,5,Communication Skills,Week 7,50.0,6803132646
STU036,Aakash Sharma,1,2,C,MECH,5,Communication Skills,Week 8,50.0,6803132646
STU037,Karan Chauhan,3,3,C,MECH,3,Maths,Week 1,100.0,6545276696
STU037,Karan Chauhan,3,4,C,MECH,3,Maths,Week 2,75.0,6545276696
STU037,Karan Chauhan,4,4,C,MECH,3,Maths,Week 3,100.0,6545276696
STU037,Karan Chauhan,4,4,C,MECH,3,Maths,Week 4,100.0,6545276696
STU037,Karan Chauhan,3,3,C,MECH,3,Maths,Week 5,100.0,6545276696
STU037,Karan Chauhan,2,3,C,MECH,3,Maths,Week 6,66.67,6545276696
STU037,Karan Chauhan,3,4,C,MECH,3,Maths,Week 7,75.0,6545276696
STU037,Karan Chauhan,5,5,C,MECH,3,Maths,Week 8,100.0,6545276696
STU037,Karan Chauhan,3,3,C,MECH,3,Python,Week 1,100.0,6545276696
STU037,Karan Chauhan,2,4,C,MECH,3,Python,Week 2,50.0,6545276696
STU037,Karan Chauhan,3,3,C,MECH,3,Python,Week 3,100.0,6545276696
STU037,Karan Chauhan,3,3,C,MECH,3,Python,Week 4,100.0,6545276696
STU037,Karan Chauhan,3,3,C,MECH,3,Python,Week 5,100.0,6545276696
STU037,Karan Chauhan,2,2,C,MECH,3,Python,Week 6,100.0,6545276696
STU037,Karan Chauhan,3,3,C,MECH,3,Python,Week 7,100.0,6545276696
STU037,Karan Chauhan,3,3,C,MECH,3,Python,Week 8,100.0,6545276696
STU037,Karan Chauhan,4,4,C,MECH,3,AI,Week 1,100.0,6545276696
STU037,Karan Chauhan,4,4,C,MECH,3,AI,Week 2,100.0,6545276696
STU037,Karan Chauhan,3,3,C,MECH,3,AI,Week 3,100.0,6545276696
STU037,Karan Chauhan,2,2,C,MECH,3,AI,Week 4,100.0,6545276696
STU037,Karan Chauhan,2,2,C,MECH,3,AI,Week 5,100.0,6545276696
STU037,Karan Chauhan,3,3,C,MECH,3,AI,Week 6,100.0,6545276696
STU037,Karan Chauhan,3,3,C,MECH,3,AI,Week 7,100.0,6545276696
STU037,Karan Chauhan,3,3,C,MECH,3,AI,Week 8,100.0,6545276696
STU037,Karan Chauhan,4,4,C,MECH,3,DSA,Week 1,100.0,6545276696
STU037,Karan Chauhan,3,3,C,MECH,3,DSA,Week 2,100.0,6545276696
STU037,Karan Chauhan,3,4,C,MECH,3,DSA,Week 3,75.0,6545276696
STU037,Karan Chauhan,4,5,C,MECH,3,DSA,Week 4,80.0,6545276696
STU037,Karan Chauhan,3,3,C,MECH,3,DSA,Week 5,100.0,6545276696
STU037,Karan Chauhan,4,4,C,MECH,3,DSA,Week 6,100.0,6545276696
STU037,Karan Chauhan,3,3,C,MECH,3,DSA,Week 7,100.0,6545276696
STU037,Karan Chauhan,5,5,C,MECH,3,DSA,Week 8,100.0,6545276696
STU037,Karan Chauhan,1,2,C,MECH,3,Code Lab,Week 1,50.0,6545276696
STU037,Karan Chauhan,2,2,C,MECH,3,Code Lab,Week 2,100.0,6545276696
STU037,Karan Chauhan,3,3,C,MECH,3,Code Lab,Week 3,100.0,6545276696
STU037,Karan Chauhan,2,2,C,MECH,3,Code Lab,Week 4,100.0,6545276696
STU037,Karan Chauhan,2,2,C,MECH,3,Code Lab,Week 5,100.0,6545276696
STU037,Karan Chauhan,1,1,C,MECH,3,Code Lab,Week 6,100.0,6545276696
STU037,Karan Chauhan,2,2,C,MECH,3,Code Lab,Week 7,100.0,6545276696
STU037,Karan Chauhan,0,1,C,MECH,3,Code Lab,Week 8,0.0,6545276696
STU037,Karan Chauhan,2,2,C,MECH,3,Communication Skills,Week 1,100.0,6545276696
STU037,Karan Chauhan,3,3,C,MECH,3,Communication Skills,Week 2,100.0,6545276696
STU037,Karan Chauhan,2,2,C,MECH,3,Communication Skills,Week 3,100.0,6545276696
STU037,Karan Chauhan,2,2,C,MECH,3,Communication Skills,Week 4,100.0,6545276696
STU037,Karan Chauhan,1,1,C,MECH,3,Communication Skills,Week 5,100.0,6545276696
STU037,Karan Chauhan,2,2,C,MECH,3,Communication Skills,Week 6,100.0,6545276696
STU037,Karan Chauhan,1,1,C,MECH,3,Communication Skills,Week 7,100.0,6545276696
STU037,Karan Chauhan,1,1,C,MECH,3,Communication Skills,Week 8,100.0,6545276696
STU038,Sanjay Verma,5,5,A,MECH,5,Maths,Week 1,100.0,7433550699
STU038,Sanjay Verma,4,4,A,MECH,5,Maths,Week 2,100.0,7433550699
STU038,Sanjay Verma,3,4,A,MECH,5,Maths,Week 3,75.0,7433550699
STU038,Sanjay Verma,4,4,A,MECH,5,Maths,Week 4,100.0,7433550699
STU038,Sanjay Verma,4,4,A,MECH,5,Maths,Week 5,100.0,7433550699
STU038,Sanjay Verma,5,5,A,MECH,5,Maths,Week 6,100.0,7433550699
STU038,Sanjay Verma,4,4,A,MECH,5,Maths,Week 7,100.0,7433550699
STU038,Sanjay Verma,5,5,A,MECH,5,Maths,Week 8,100.0,7433550699
STU038,Sanjay Verma,3,3,A,MECH,5,Python,Week 1,100.0,7433550699
STU038,Sanjay Verma,2,3,A,MECH,5,Python,Week 2,66.67,7433550699
STU038,Sanjay Verma,3,3,A,MECH,5,Python,Week 3,100.0,7433550699
STU038,Sanjay Verma,2,3,A,MECH,5,Python,Week 4,66.67,7433550699
STU038,Sanjay Verma,2,2,A,MECH,5,Python,Week 5,100.0,7433550699
STU038,Sanjay Verma,3,3,A,MECH,5,Python,Week 6,100.0,7433550699
STU038,Sanjay Verma,4,4,A,MECH,5,Python,Week 7,100.0,7433550699
STU038,Sanjay Verma,3,4,A,MECH,5,Python,Week 8,75.0,7433550699
STU038,Sanjay Verma,1,4,A,MECH,5,AI,Week 1,25.0,7433550699
STU038,Sanjay Verma,3,3,A,MECH,5,AI,Week 2,100.0,7433550699
STU038,Sanjay Verma,2,2,A,MECH,5,AI,Week 3,100.0,7433550699
STU038,Sanjay Verma,1,2,A,MECH,5,AI,Week 4,50.0,7433550699
STU038,Sanjay Verma,3,3,A,MECH,5,AI,Week 5,100.0,7433550699
STU038,Sanjay Verma,2,3,A,MECH,5,AI,Week 6,66.67,7433550699
STU038,Sanjay Verma,3,3,A,MECH,5,AI,Week 7,100.0,7433550699
STU038,Sanjay Verma,4,4,A,MECH,5,AI,Week 8,100.0,7433550699
STU038,Sanjay Verma,3,3,A,MECH,5,DSA,Week 1,100.0,7433550699
STU038,Sanjay Verma,3,3,A,MECH,5,DSA,Week 2,100.0,7433550699
STU038,Sanjay Verma,4,4,A,MECH,5,DSA,Week 3,100.0,7433550699
STU038,Sanjay Verma,4,4,A,MECH,5,DSA,Week 4,100.0,7433550699
STU038,Sanjay Verma,4,5,A,MECH,5,DSA,Week 5,80.0,7433550699
STU038,Sanjay Verma,4,4,A,MECH,5,DSA,Week 6,100.0,7433550699
STU038,Sanjay Verma,4,4,A,MECH,5,DSA,Week 7,100.0,7433550699
STU038,Sanjay Verma,4,4,A,MECH,5,DSA,Week 8,100.0,7433550699
STU038,Sanjay Verma,3,3,A,MECH,5,Code Lab,Week 1,100.0,7433550699
STU038,Sanjay Verma,3,3,A,MECH,5,Code Lab,Week 2,100.0,7433550699
STU038,Sanjay Verma,3,3,A,MECH,5,Code Lab,Week 3,100.0,7433550699
STU038,Sanjay Verma,2,2,A,MECH,5,Code Lab,Week 4,100.0,7433550699
STU038,Sanjay Verma,2,2,A,MECH,5,Code Lab,Week 5,100.0,7433550699
STU038,Sanjay Verma,3,3,A,MECH,5,Code Lab,Week 6,100.0,7433550699
STU038,Sanjay Verma,2,2,A,MECH,5,Code Lab,Week 7,100.0,7433550699
STU038,Sanjay Verma,1,1,A,MECH,5,Code Lab,Week 8,100.0,7433550699
STU038,Sanjay Verma,2,2,A,MECH,5,Communication Skills,Week 1,100.0,7433550699
STU038,Sanjay Verma,2,2,A,MECH,5,Communication Skills,Week 2,100.0,7433550699
STU038,Sanjay Verma,2,3,A,MECH,5,Communication Skills,Week 3,66.67,7433550699
STU038,Sanjay Verma,2,3,A,MECH,5,Communication Skills,Week 4,66.67,7433550699
STU038,Sanjay Verma,2,2,A,MECH,5,Communication Skills,Week 5,100.0,7433550699
STU038,Sanjay Verma,2,2,A,MECH,5,Communication Skills,Week 6,100.0,7433550699
STU038,Sanjay Verma,3,3,A,MECH,5,Communication Skills,Week 7,100.0,7433550699
STU038,Sanjay Verma,2,2,A,MECH,5,Communication Skills,Week 8,100.0,7433550699
STU039,Nidhi Reddy,2,4,C,MECH,3,Maths,Week 1,50.0,6450139320
STU039,Nidhi Reddy,2,4,C,MECH,3,Maths,Week 2,50.0,6450139320
STU039,Nidhi Reddy,3,4,C,MECH,3,Maths,Week 3,75.0,6450139320
STU039,Nidhi Reddy,2,3,C,MECH,3,Maths,Week 4,66.67,6450139320
STU039,Nidhi Reddy,3,3,C,MECH,3,Maths,Week 5,100.0,6450139320
STU039,Nidhi Reddy,5,5,C,MECH,3,Maths,Week 6,100.0,6450139320
STU039,Nidhi Reddy,3,3,C,MECH,3,Maths,Week 7,100.0,6450139320
STU039,Nidhi Reddy,3,4,C,MECH,3,Maths,Week 8,75.0,6450139320
STU039,Nidhi Reddy,1,3,C,MECH,3,Python,Week 1,33.33,6450139320
STU039,Nidhi Reddy,2,3,C,MECH,3,Python,Week 2,66.67,6450139320
STU039,Nidhi Reddy,2,4,C,MECH,3,Python,Week 3,50.0,6450139320
STU039,Nidhi Reddy,2,2,C,MECH,3,Python,Week 4,100.0,6450139320
STU039,Nidhi Reddy,3,3,C,MECH,3,Python,Week 5,100.0,6450139320
STU039,Nidhi Reddy,3,3,C,MECH,3,Python,Week 6,100.0,6450139320
STU039,Nidhi Reddy,3,3,C,MECH,3,Python,Week 7,100.0,6450139320
STU039,Nidhi Reddy,2,3,C,MECH,3,Python,Week 8,66.67,6450139320
STU039,Nidhi Reddy,3,4,C,MECH,3,AI,Week 1,75.0,6450139320
STU039,Nidhi Reddy,3,3,C,MECH,3,AI,Week 2,100.0,6450139320
STU039,Nidhi Reddy,2,3,C,MECH,3,AI,Week 3,66.67,6450139320
STU039,Nidhi Reddy,4,4,C,MECH,3,AI,Week 4,100.0,6450139320
STU039,Nidhi Reddy,2,2,C,MECH,3,AI,Week 5,100.0,6450139320
STU039,Nidhi Reddy,2,4,C,MECH,3,AI,Week 6,50.0,6450139320
STU039,Nidhi Reddy,2,2,C,MECH,3,AI,Week 7,100.0,6450139320
STU039,Nidhi Reddy,3,3,C,MECH,3,AI,Week 8,100.0,6450139320
STU039,Nidhi Reddy,1,3,C,MECH,3,DSA,Week 1,33.33,6450139320
STU039,Nidhi Reddy,1,3,C,MECH,3,DSA,Week 2,33.33,6450139320
STU039,Nidhi Reddy,2,4,C,MECH,3,DSA,Week 3,50.0,6450139320
STU039,Nidhi Reddy,3,4,C,MECH,3,DSA,Week 4,75.0,6450139320
STU039,Nidhi Reddy,2,4,C,MECH,3,DSA,Week 5,50.0,6450139320
STU039,Nidhi Reddy,5,5,C,MECH,3,DSA,Week 6,100.0,6450139320
STU039,Nidhi Reddy,4,4,C,MECH,3,DSA,Week 7,100.0,6450139320
STU039,Nidhi Reddy,3,3,C,MECH,3,DSA,Week 8,100.0,6450139320
STU039,Nidhi Reddy,1,1,C,MECH,3,Code Lab,Week 1,100.0,6450139320
STU039,Nidhi Reddy,1,2,C,MECH,3,Code Lab,Week 2,50.0,6450139320
STU039,Nidhi Reddy,2,2,C,MECH,3,Code Lab,Week 3,100.0,6450139320
STU039,Nidhi Reddy,3,3,C,MECH,3,Code Lab,Week 4,100.0,6450139320
STU039,Nidhi Reddy,2,2,C,MECH,3,Code Lab,Week 5,100.0,6450139320
STU039,Nidhi Reddy,1,1,C,MECH,3,Code Lab,Week 6,100.0,6450139320
STU039,Nidhi Reddy,3,3,C,MECH,3,Code Lab,Week 7,100.0,6450139320
STU039,Nidhi Reddy,2,2,C,MECH,3,Code Lab,Week 8,100.0,6450139320
STU039,Nidhi Reddy,1,1,C,MECH,3,Communication Skills,Week 1,100.0,6450139320
STU039,Nidhi Reddy,2,2,C,MECH,3,Communication Skills,Week 2,100.0,6450139320
STU039,Nidhi Reddy,2,3,C,MECH,3,Communication Skills,Week 3,66.67,6450139320
STU039,Nidhi Reddy,2,2,C,MECH,3,Communication Skills,Week 4,100.0,6450139320
STU039,Nidhi Reddy,2,2,C,MECH,3,Communication Skills,Week 5,100.0,6450139320
STU039,Nidhi Reddy,1,2,C,MECH,3,Communication Skills,Week 6,50.0,6450139320
STU039,Nidhi Reddy,1,1,C,MECH,3,Communication Skills,Week 7,100.0,6450139320
STU039,Nidhi Reddy,2,2,C,MECH,3,Communication Skills,Week 8,100.0,6450139320
STU040,Nidhi Patel,4,4,A,ECE,5,Maths,Week 1,100.0,8256287095
STU040,Nidhi Patel,4,4,A,ECE,5,Maths,Week 2,100.0,8256287095
STU040,Nidhi Patel,3,4,A,ECE,5,Maths,Week 3,75.0,8256287095
STU040,Nidhi Patel,4,4,A,ECE,5,Maths,Week 4,100.0,8256287095
STU040,Nidhi Patel,4,4,A,ECE,5,Maths,Week 5,100.0,8256287095
STU040,Nidhi Patel,5,5,A,ECE,5,Maths,Week 6,100.0,8256287095
STU040,Nidhi Patel,4,4,A,ECE,5,Maths,Week 7,100.0,8256287095
STU040,Nidhi Patel,4,4,A,ECE,5,Maths,Week 8,100.0,8256287095
STU040,Nidhi Patel,3,3,A,ECE,5,Python,Week 1,100.0,8256287095
STU040,Nidhi Patel,4,4,A,ECE,5,Python,Week 2,100.0,8256287095
STU040,Nidhi Patel,3,3,A,ECE,5,Python,Week 3,100.0,8256287095
STU040,Nidhi Patel,3,4,A,ECE,5,Python,Week 4,75.0,8256287095
STU040,Nidhi Patel,3,3,A,ECE,5,Python,Week 5,100.0,8256287095
STU040,Nidhi Patel,2,2,A,ECE,5,Python,Week 6,100.0,8256287095
STU040,Nidhi Patel,3,3,A,ECE,5,Python,Week 7,100.0,8256287095
STU040,Nidhi Patel,3,3,A,ECE,5,Python,Week 8,100.0,8256287095
STU040,Nidhi Patel,4,4,A,ECE,5,AI,Week 1,100.0,8256287095
STU040,Nidhi Patel,3,3,A,ECE,5,AI,Week 2,100.0,8256287095
STU040,Nidhi Patel,2,2,A,ECE,5,AI,Week 3,100.0,8256287095
STU040,Nidhi Patel,3,3,A,ECE,5,AI,Week 4,100.0,8256287095
STU040,Nidhi Patel,3,3,A,ECE,5,AI,Week 5,100.0,8256287095
STU040,Nidhi Patel,4,4,A,ECE,5,AI,Week 6,100.0,8256287095
STU040,Nidhi Patel,3,3,A,ECE,5,AI,Week 7,100.0,8256287095
STU040,Nidhi Patel,3,3,A,ECE,5,AI,Week 8,100.0,8256287095
STU040,Nidhi Patel,3,4,A,ECE,5,DSA,Week 1,75.0,8256287095
STU040,Nidhi Patel,5,5,A,ECE,5,DSA,Week 2,100.0,8256287095
STU040,Nidhi Patel,3,4,A,ECE,5,DSA,Week 3,75.0,8256287095
STU040,Nidhi Patel,2,3,A,ECE,5,DSA,Week 4,66.67,8256287095
STU040,Nidhi Patel,4,4,A,ECE,5,DSA,Week 5,100.0,8256287095
STU040,Nidhi Patel,4,4,A,ECE,5,DSA,Week 6,100.0,8256287095
STU040,Nidhi Patel,4,4,A,ECE,5,DSA,Week 7,100.0,8256287095
STU040,Nidhi Patel,4,4,A,ECE,5,DSA,Week 8,100.0,8256287095
STU040,Nidhi Patel,2,2,A,ECE,5,Code Lab,Week 1,100.0,8256287095
STU040,Nidhi Patel,2,2,A,ECE,5,Code Lab,Week 2,100.0,8256287095
STU040,Nidhi Patel,3,3,A,ECE,5,Code Lab,Week 3,100.0,8256287095
STU040,Nidhi Patel,2,2,A,ECE,5,Code Lab,Week 4,100.0,8256287095
STU040,Nidhi Patel,2,2,A,ECE,5,Code Lab,Week 5,100.0,8256287095
STU040,Nidhi Patel,2,2,A,ECE,5,Code Lab,Week 6,100.0,8256287095
STU040,Nidhi Patel,3,3,A,ECE,5,Code Lab,Week 7,100.0,8256287095
STU040,Nidhi Patel,2,2,A,ECE,5,Code Lab,Week 8,100.0,8256287095
STU040,Nidhi Patel,2,2,A,ECE,5,Communication Skills,Week 1,100.0,8256287095
STU040,Nidhi Patel,2,2,A,ECE,5,Communication Skills,Week 2,100.0,8256287095
STU040,Nidhi Patel,2,2,A,ECE,5,Communication Skills,Week 3,100.0,8256287095
STU040,Nidhi Patel,2,2,A,ECE,5,Communication Skills,Week 4,100.0,8256287095
STU040,Nidhi Patel,2,2,A,ECE,5,Communication Skills,Week 5,100.0,8256287095
STU040,Nidhi Patel,1,2,A,ECE,5,Communication Skills,Week 6,50.0,8256287095
STU040,Nidhi Patel,2,2,A,ECE,5,Communication Skills,Week 7,100.0,8256287095
STU040,Nidhi Patel,2,2,A,ECE,5,Communication Skills,Week 8,100.0,8256287095
STU041,Ananya Joshi,4,5,B,IT,3,Maths,Week 1,80.0,6492080329
STU041,Ananya Joshi,3,4,B,IT,3,Maths,Week 2,75.0,6492080329
STU041,Ananya Joshi,3,4,B,IT,3,Maths,Week 3,75.0,6492080329
STU041,Ananya Joshi,3,4,B,IT,3,Maths,Week 4,75.0,6492080329
STU041,Ananya Joshi,2,4,B,IT,3,Maths,Week 5,50.0,6492080329
STU041,Ananya Joshi,2,4,B,IT,3,Maths,Week 6,50.0,6492080329
STU041,Ananya Joshi,3,5,B,IT,3,Maths,Week 7,60.0,6492080329
STU041,Ananya Joshi,2,4,B,IT,3,Maths,Week 8,50.0,6492080329
STU041,Ananya Joshi,4,4,B,IT,3,Python,Week 1,100.0,6492080329
STU041,Ananya Joshi,4,4,B,IT,3,Python,Week 2,100.0,6492080329
STU041,Ananya Joshi,3,3,B,IT,3,Python,Week 3,100.0,6492080329
STU041,Ananya Joshi,2,2,B,IT,3,Python,Week 4,100.0,6492080329
STU041,Ananya Joshi,2,3,B,IT,3,Python,Week 5,66.67,6492080329
STU041,Ananya Joshi,1,2,B,IT,3,Python,Week 6,50.0,6492080329
STU041,Ananya Joshi,2,3,B,IT,3,Python,Week 7,66.67,6492080329
STU041,Ananya Joshi,0,2,B,IT,3,Python,Week 8,0.0,6492080329
STU041,Ananya Joshi,3,3,B,IT,3,AI,Week 1,100.0,6492080329
STU041,Ananya Joshi,4,4,B,IT,3,AI,Week 2,100.0,6492080329
STU041,Ananya Joshi,2,3,B,IT,3,AI,Week 3,66.67,6492080329
STU041,Ananya Joshi,3,3,B,IT,3,AI,Week 4,100.0,6492080329
STU041,Ananya Joshi,1,4,B,IT,3,AI,Week 5,25.0,6492080329
STU041,Ananya Joshi,2,2,B,IT,3,AI,Week 6,100.0,6492080329
STU041,Ananya Joshi,1,3,B,IT,3,AI,Week 7,33.33,6492080329
STU041,Ananya Joshi,1,3,B,IT,3,AI,Week 8,33.33,6492080329
STU041,Ananya Joshi,5,5,B,IT,3,DSA,Week 1,100.0,6492080329
STU041,Ananya Joshi,4,4,B,IT,3,DSA,Week 2,100.0,6492080329
STU041,Ananya Joshi,2,3,B,IT,3,DSA,Week 3,66.67,6492080329
STU041,Ananya Joshi,3,4,B,IT,3,DSA,Week 4,75.0,6492080329
STU041,Ananya Joshi,3,4,B,IT,3,DSA,Week 5,75.0,6492080329
STU041,Ananya Joshi,3,5,B,IT,3,DSA,Week 6,60.0,6492080329
STU041,Ananya Joshi,4,5,B,IT,3,DSA,Week 7,80.0,6492080329
STU041,Ananya Joshi,0,4,B,IT,3,DSA,Week 8,0.0,6492080329
STU041,Ananya Joshi,1,1,B,IT,3,Code Lab,Week 1,100.0,6492080329
STU041,Ananya Joshi,1,1,B,IT,3,Code Lab,Week 2,100.0,6492080329
STU041,Ananya Joshi,2,2,B,IT,3,Code Lab,Week 3,100.0,6492080329
STU041,Ananya Joshi,2,2,B,IT,3,Code Lab,Week 4,100.0,6492080329
STU041,Ananya Joshi,1,2,B,IT,3,Code Lab,Week 5,50.0,6492080329
STU041,Ananya Joshi,1,1,B,IT,3,Code Lab,Week 6,100.0,6492080329
STU041,Ananya Joshi,2,3,B,IT,3,Code Lab,Week 7,66.67,6492080329
STU041,Ananya Joshi,0,1,B,IT,3,Code Lab,Week 8,0.0,6492080329
STU041,Ananya Joshi,1,1,B,IT,3,Communication Skills,Week 1,100.0,6492080329
STU041,Ananya Joshi,1,2,B,IT,3,Communication Skills,Week 2,50.0,6492080329
STU041,Ananya Joshi,1,2,B,IT,3,Communication Skills,Week 3,50.0,6492080329
STU041,Ananya Joshi,1,2,B,IT,3,Communication Skills,Week 4,50.0,6492080329
STU041,Ananya Joshi,2,2,B,IT,3,Communication Skills,Week 5,100.0,6492080329
STU041,Ananya Joshi,1,1,B,IT,3,Communication Skills,Week 6,100.0,6492080329
STU041,Ananya Joshi,1,2,B,IT,3,Communication Skills,Week 7,50.0,6492080329
STU041,Ananya Joshi,0,1,B,IT,3,Communication Skills,Week 8,0.0,6492080329
STU042,Nidhi Iyer,4,4,C,CSE,3,Maths,Week 1,100.0,8142224154
STU042,Nidhi Iyer,2,3,C,CSE,3,Maths,Week 2,66.67,8142224154
STU042,Nidhi Iyer,4,4,C,CSE,3,Maths,Week 3,100.0,8142224154
STU042,Nidhi Iyer,1,4,C,CSE,3,Maths,Week 4,25.0,8142224154
STU042,Nidhi Iyer,2,4,C,CSE,3,Maths,Week 5,50.0,8142224154
STU042,Nidhi Iyer,4,4,C,CSE,3,Maths,Week 6,100.0,8142224154
STU042,Nidhi Iyer,3,4,C,CSE,3,Maths,Week 7,75.0,8142224154
STU042,Nidhi Iyer,4,5,C,CSE,3,Maths,Week 8,80.0,8142224154
STU042,Nidhi Iyer,3,4,C,CSE,3,Python,Week 1,75.0,8142224154
STU042,Nidhi Iyer,3,3,C,CSE,3,Python,Week 2,100.0,8142224154
STU042,Nidhi Iyer,3,3,C,CSE,3,Python,Week 3,100.0,8142224154
STU042,Nidhi Iyer,3,3,C,CSE,3,Python,Week 4,100.0,8142224154
STU042,Nidhi Iyer,3,3,C,CSE,3,Python,Week 5,100.0,8142224154
STU042,Nidhi Iyer,2,2,C,CSE,3,Python,Week 6,100.0,8142224154
STU042,Nidhi Iyer,3,4,C,CSE,3,Python,Week 7,75.0,8142224154
STU042,Nidhi Iyer,2,2,C,CSE,3,Python,Week 8,100.0,8142224154
STU042,Nidhi Iyer,3,3,C,CSE,3,AI,Week 1,100.0,8142224154
STU042,Nidhi Iyer,2,3,C,CSE,3,AI,Week 2,66.67,8142224154
STU042,Nidhi Iyer,2,3,C,CSE,3,AI,Week 3,66.67,8142224154
STU042,Nidhi Iyer,2,4,C,CSE,3,AI,Week 4,50.0,8142224154
STU042,Nidhi Iyer,2,3,C,CSE,3,AI,Week 5,66.67,8142224154
STU042,Nidhi Iyer,1,2,C,CSE,3,AI,Week 6,50.0,8142224154
STU042,Nidhi Iyer,2,3,C,CSE,3,AI,Week 7,66.67,8142224154
STU042,Nidhi Iyer,3,4,C,CSE,3,AI,Week 8,75.0,8142224154
STU042,Nidhi Iyer,5,5,C,CSE,3,DSA,Week 1,100.0,8142224154
STU042,Nidhi Iyer,4,4,C,CSE,3,DSA,Week 2,100.0,8142224154
STU042,Nidhi Iyer,3,5,C,CSE,3,DSA,Week 3,60.0,8142224154
STU042,Nidhi Iyer,2,3,C,CSE,3,DSA,Week 4,66.67,8142224154
STU042,Nidhi Iyer,5,5,C,CSE,3,DSA,Week 5,100.0,8142224154
STU042,Nidhi Iyer,3,3,C,CSE,3,DSA,Week 6,100.0,8142224154
STU042,Nidhi Iyer,2,4,C,CSE,3,DSA,Week 7,50.0,8142224154
STU042,Nidhi Iyer,3,4,C,CSE,3,DSA,Week 8,75.0,8142224154
STU042,Nidhi Iyer,1,1,C,CSE,3,Code Lab,Week 1,100.0,8142224154
STU042,Nidhi Iyer,2,3,C,CSE,3,Code Lab,Week 2,66.67,8142224154
STU042,Nidhi Iyer,2,2,C,CSE,3,Code Lab,Week 3,100.0,8142224154
STU042,Nidhi Iyer,1,1,C,CSE,3,Code Lab,Week 4,100.0,8142224154
STU042,Nidhi Iyer,2,2,C,CSE,3,Code Lab,Week 5,100.0,8142224154
STU042,Nidhi Iyer,3,3,C,CSE,3,Code Lab,Week 6,100.0,8142224154
STU042,Nidhi Iyer,2,2,C,CSE,3,Code Lab,Week 7,100.0,8142224154
STU042,Nidhi Iyer,3,3,C,CSE,3,Code Lab,Week 8,100.0,8142224154
STU042,Nidhi Iyer,2,2,C,CSE,3,Communication Skills,Week 1,100.0,8142224154
STU042,Nidhi Iyer,1,2,C,CSE,3,Communication Skills,Week 2,50.0,8142224154
STU042,Nidhi Iyer,2,2,C,CSE,3,Communication Skills,Week 3,100.0,8142224154
STU042,Nidhi Iyer,1,2,C,CSE,3,Communication Skills,Week 4,50.0,8142224154
STU042,Nidhi Iyer,0,1,C,CSE,3,Communication Skills,Week 5,0.0,8142224154
STU042,Nidhi Iyer,2,2,C,CSE,3,Communication Skills,Week 6,100.0,8142224154
STU042,Nidhi Iyer,1,1,C,CSE,3,Communication Skills,Week 7,100.0,8142224154
STU042,Nidhi Iyer,1,1,C,CSE,3,Communication Skills,Week 8,100.0,8142224154
STU043,Priya Reddy,3,4,B,ECE,3,Maths,Week 1,75.0,9895226828
STU043,Priya Reddy,5,5,B,ECE,3,Maths,Week 2,100.0,9895226828
STU043,Priya Reddy,3,3,B,ECE,3,Maths,Week 3,100.0,9895226828
STU043,Priya Reddy,3,3,B,ECE,3,Maths,Week 4,100.0,9895226828
STU043,Priya Reddy,3,5,B,ECE,3,Maths,Week 5,60.0,9895226828
STU043,Priya Reddy,3,4,B,ECE,3,Maths,Week 6,75.0,9895226828
STU043,Priya Reddy,3,5,B,ECE,3,Maths,Week 7,60.0,9895226828
STU043,Priya Reddy,2,4,B,ECE,3,Maths,Week 8,50.0,9895226828
STU043,Priya Reddy,1,2,B,ECE,3,Python,Week 1,50.0,9895226828
STU043,Priya Reddy,2,2,B,ECE,3,Python,Week 2,100.0,9895226828
STU043,Priya Reddy,1,2,B,ECE,3,Python,Week 3,50.0,9895226828
STU043,Priya Reddy,4,4,B,ECE,3,Python,Week 4,100.0,9895226828
STU043,Priya Reddy,2,3,B,ECE,3,Python,Week 5,66.67,9895226828
STU043,Priya Reddy,2,3,B,ECE,3,Python,Week 6,66.67,9895226828
STU043,Priya Reddy,0,3,B,ECE,3,Python,Week 7,0.0,9895226828
STU043,Priya Reddy,1,3,B,ECE,3,Python,Week 8,33.33,9895226828
STU043,Priya Reddy,3,3,B,ECE,3,AI,Week 1,100.0,9895226828
STU043,Priya Reddy,2,2,B,ECE,3,AI,Week 2,100.0,9895226828
STU043,Priya Reddy,1,2,B,ECE,3,AI,Week 3,50.0,9895226828
STU043,Priya Reddy,2,4,B,ECE,3,AI,Week 4,50.0,9895226828
STU043,Priya Reddy,2,4,B,ECE,3,AI,Week 5,50.0,9895226828
STU043,Priya Reddy,1,3,B,ECE,3,AI,Week 6,33.33,9895226828
STU043,Priya Reddy,2,3,B,ECE,3,AI,Week 7,66.67,9895226828
STU043,Priya Reddy,1,2,B,ECE,3,AI,Week 8,50.0,9895226828
STU043,Priya Reddy,4,4,B,ECE,3,DSA,Week 1,100.0,9895226828
STU043,Priya Reddy,4,4,B,ECE,3,DSA,Week 2,100.0,9895226828
STU043,Priya Reddy,2,4,B,ECE,3,DSA,Week 3,50.0,9895226828
STU043,Priya Reddy,3,4,B,ECE,3,DSA,Week 4,75.0,9895226828
STU043,Priya Reddy,2,4,B,ECE,3,DSA,Week 5,50.0,9895226828
STU043,Priya Reddy,3,4,B,ECE,3,DSA,Week 6,75.0,9895226828
STU043,Priya Reddy,2,5,B,ECE,3,DSA,Week 7,40.0,9895226828
STU043,Priya Reddy,3,4,B,ECE,3,DSA,Week 8,75.0,9895226828
STU043,Priya Reddy,1,1,B,ECE,3,Code Lab,Week 1,100.0,9895226828
STU043,Priya Reddy,1,2,B,ECE,3,Code Lab,Week 2,50.0,9895226828
STU043,Priya Reddy,2,2,B,ECE,3,Code Lab,Week 3,100.0,9895226828
STU043,Priya Reddy,1,2,B,ECE,3,Code Lab,Week 4,50.0,9895226828
STU043,Priya Reddy,2,3,B,ECE,3,Code Lab,Week 5,66.67,9895226828
STU043,Priya Reddy,2,2,B,ECE,3,Code Lab,Week 6,100.0,9895226828
STU043,Priya Reddy,1,2,B,ECE,3,Code Lab,Week 7,50.0,9895226828
STU043,Priya Reddy,2,3,B,ECE,3,Code Lab,Week 8,66.67,9895226828
STU043,Priya Reddy,1,2,B,ECE,3,Communication Skills,Week 1,50.0,9895226828
STU043,Priya Reddy,2,2,B,ECE,3,Communication Skills,Week 2,100.0,9895226828
STU043,Priya Reddy,2,2,B,ECE,3,Communication Skills,Week 3,100.0,9895226828
STU043,Priya Reddy,2,2,B,ECE,3,Communication Skills,Week 4,100.0,9895226828
STU043,Priya Reddy,1,3,B,ECE,3,Communication Skills,Week 5,33.33,9895226828
STU043,Priya Reddy,1,2,B,ECE,3,Communication Skills,Week 6,50.0,9895226828
STU043,Priya Reddy,1,2,B,ECE,3,Communication Skills,Week 7,50.0,9895226828
STU043,Priya Reddy,1,2,B,ECE,3,Communication Skills,Week 8,50.0,9895226828
STU044,Manish Rao,4,4,B,MECH,5,Maths,Week 1,100.0,6942881649
STU044,Manish Rao,3,4,B,MECH,5,Maths,Week 2,75.0,6942881649
STU044,Manish Rao,4,4,B,MECH,5,Maths,Week 3,100.0,6942881649
STU044,Manish Rao,5,5,B,MECH,5,Maths,Week 4,100.0,6942881649
STU044,Manish Rao,4,4,B,MECH,5,Maths,Week 5,100.0,6942881649
STU044,Manish Rao,4,4,B,MECH,5,Maths,Week 6,100.0,6942881649
STU044,Manish Rao,1,3,B,MECH,5,Maths,Week 7,33.33,6942881649
STU044,Manish Rao,3,3,B,MECH,5,Maths,Week 8,100.0,6942881649
STU044,Manish Rao,3,3,B,MECH,5,Python,Week 1,100.0,6942881649
STU044,Manish Rao,3,3,B,MECH,5,Python,Week 2,100.0,6942881649
STU044,Manish Rao,2,3,B,MECH,5,Python,Week 3,66.67,6942881649
STU044,Manish Rao,3,3,B,MECH,5,Python,Week 4,100.0,6942881649
STU044,Manish Rao,1,2,B,MECH,5,Python,Week 5,50.0,6942881649
STU044,Manish Rao,3,3,B,MECH,5,Python,Week 6,100.0,6942881649
STU044,Manish Rao,4,4,B,MECH,5,Python,Week 7,100.0,6942881649
STU044,Manish Rao,4,4,B,MECH,5,Python,Week 8,100.0,6942881649
STU044,Manish Rao,3,3,B,MECH,5,AI,Week 1,100.0,6942881649
STU044,Manish Rao,2,3,B,MECH,5,AI,Week 2,66.67,6942881649
STU044,Manish Rao,2,3,B,MECH,5,AI,Week 3,66.67,6942881649
STU044,Manish Rao,3,3,B,MECH,5,AI,Week 4,100.0,6942881649
STU044,Manish Rao,2,3,B,MECH,5,AI,Week 5,66.67,6942881649
STU044,Manish Rao,3,3,B,MECH,5,AI,Week 6,100.0,6942881649
STU044,Manish Rao,4,4,B,MECH,5,AI,Week 7,100.0,6942881649
STU044,Manish Rao,2,3,B,MECH,5,AI,Week 8,66.67,6942881649
STU044,Manish Rao,4,4,B,MECH,5,DSA,Week 1,100.0,6942881649
STU044,Manish Rao,2,3,B,MECH,5,DSA,Week 2,66.67,6942881649
STU044,Manish Rao,4,4,B,MECH,5,DSA,Week 3,100.0,6942881649
STU044,Manish Rao,5,5,B,MECH,5,DSA,Week 4,100.0,6942881649
STU044,Manish Rao,2,3,B,MECH,5,DSA,Week 5,66.67,6942881649
STU044,Manish Rao,4,4,B,MECH,5,DSA,Week 6,100.0,6942881649
STU044,Manish Rao,2,3,B,MECH,5,DSA,Week 7,66.67,6942881649
STU044,Manish Rao,4,4,B,MECH,5,DSA,Week 8,100.0,6942881649
STU044,Manish Rao,2,2,B,MECH,5,Code Lab,Week 1,100.0,6942881649
STU044,Manish Rao,1,1,B,MECH,5,Code Lab,Week 2,100.0,6942881649
STU044,Manish Rao,2,2,B,MECH,5,Code Lab,Week 3,100.0,6942881649
STU044,Manish Rao,1,1,B,MECH,5,Code Lab,Week 4,100.0,6942881649
STU044,Manish Rao,2,2,B,MECH,5,Code Lab,Week 5,100.0,6942881649
STU044,Manish Rao,2,2,B,MECH,5,Code Lab,Week 6,100.0,6942881649
STU044,Manish Rao,1,2,B,MECH,5,Code Lab,Week 7,50.0,6942881649
STU044,Manish Rao,2,2,B,MECH,5,Code Lab,Week 8,100.0,6942881649
STU044,Manish Rao,2,2,B,MECH,5,Communication Skills,Week 1,100.0,6942881649
STU044,Manish Rao,2,2,B,MECH,5,Communication Skills,Week 2,100.0,6942881649
STU044,Manish Rao,1,1,B,MECH,5,Communication Skills,Week 3,100.0,6942881649
STU044,Manish Rao,1,2,B,MECH,5,Communication Skills,Week 4,50.0,6942881649
STU044,Manish Rao,2,2,B,MECH,5,Communication Skills,Week 5,100.0,6942881649
STU044,Manish Rao,1,1,B,MECH,5,Communication Skills,Week 6,100.0,6942881649
STU044,Manish Rao,2,2,B,MECH,5,Communication Skills,Week 7,100.0,6942881649
STU044,Manish Rao,3,3,B,MECH,5,Communication Skills,Week 8,100.0,6942881649
STU045,Vikram Iyer,4,4,A,MECH,4,Maths,Week 1,100.0,8649431082
STU045,Vikram Iyer,5,5,A,MECH,4,Maths,Week 2,100.0,8649431082
STU045,Vikram Iyer,4,4,A,MECH,4,Maths,Week 3,100.0,8649431082
STU045,Vikram Iyer,4,4,A,MECH,4,Maths,Week 4,100.0,8649431082
STU045,Vikram Iyer,5,5,A,MECH,4,Maths,Week 5,100.0,8649431082
STU045,Vikram Iyer,5,5,A,MECH,4,Maths,Week 6,100.0,8649431082
STU045,Vikram Iyer,5,5,A,MECH,4,Maths,Week 7,100.0,8649431082
STU045,Vikram Iyer,3,3,A,MECH,4,Maths,Week 8,100.0,8649431082
STU045,Vikram Iyer,3,3,A,MECH,4,Python,Week 1,100.0,8649431082
STU045,Vikram Iyer,3,3,A,MECH,4,Python,Week 2,100.0,8649431082
STU045,Vikram Iyer,3,3,A,MECH,4,Python,Week 3,100.0,8649431082
STU045,Vikram Iyer,1,2,A,MECH,4,Python,Week 4,50.0,8649431082
STU045,Vikram Iyer,3,3,A,MECH,4,Python,Week 5,100.0,8649431082
STU045,Vikram Iyer,3,3,A,MECH,4,Python,Week 6,100.0,8649431082
STU045,Vikram Iyer,2,2,A,MECH,4,Python,Week 7,100.0,8649431082
STU045,Vikram Iyer,3,3,A,MECH,4,Python,Week 8,100.0,8649431082
STU045,Vikram Iyer,3,3,A,MECH,4,AI,Week 1,100.0,8649431082
STU045,Vikram Iyer,3,3,A,MECH,4,AI,Week 2,100.0,8649431082
STU045,Vikram Iyer,2,2,A,MECH,4,AI,Week 3,100.0,8649431082
STU045,Vikram Iyer,3,3,A,MECH,4,AI,Week 4,100.0,8649431082
STU045,Vikram Iyer,4,4,A,MECH,4,AI,Week 5,100.0,8649431082
STU045,Vikram Iyer,1,2,A,MECH,4,AI,Week 6,50.0,8649431082
STU045,Vikram Iyer,2,4,A,MECH,4,AI,Week 7,50.0,8649431082
STU045,Vikram Iyer,2,2,A,MECH,4,AI,Week 8,100.0,8649431082
STU045,Vikram Iyer,4,4,A,MECH,4,DSA,Week 1,100.0,8649431082
STU045,Vikram Iyer,5,5,A,MECH,4,DSA,Week 2,100.0,8649431082
STU045,Vikram Iyer,5,5,A,MECH,4,DSA,Week 3,100.0,8649431082
STU045,Vikram Iyer,4,4,A,MECH,4,DSA,Week 4,100.0,8649431082
STU045,Vikram Iyer,2,3,A,MECH,4,DSA,Week 5,66.67,8649431082
STU045,Vikram Iyer,4,4,A,MECH,4,DSA,Week 6,100.0,8649431082
STU045,Vikram Iyer,3,4,A,MECH,4,DSA,Week 7,75.0,8649431082
STU045,Vikram Iyer,2,3,A,MECH,4,DSA,Week 8,66.67,8649431082
STU045,Vikram Iyer,2,2,A,MECH,4,Code Lab,Week 1,100.0,8649431082
STU045,Vikram Iyer,2,2,A,MECH,4,Code Lab,Week 2,100.0,8649431082
STU045,Vikram Iyer,1,1,A,MECH,4,Code Lab,Week 3,100.0,8649431082
STU045,Vikram Iyer,2,2,A,MECH,4,Code Lab,Week 4,100.0,8649431082
STU045,Vikram Iyer,3,3,A,MECH,4,Code Lab,Week 5,100.0,8649431082
STU045,Vikram Iyer,2,2,A,MECH,4,Code Lab,Week 6,100.0,8649431082
STU045,Vikram Iyer,2,2,A,MECH,4,Code Lab,Week 7,100.0,8649431082
STU045,Vikram Iyer,2,2,A,MECH,4,Code Lab,Week 8,100.0,8649431082
STU045,Vikram Iyer,3,3,A,MECH,4,Communication Skills,Week 1,100.0,8649431082
STU045,Vikram Iyer,2,2,A,MECH,4,Communication Skills,Week 2,100.0,8649431082
STU045,Vikram Iyer,1,1,A,MECH,4,Communication Skills,Week 3,100.0,8649431082
STU045,Vikram Iyer,1,2,A,MECH,4,Communication Skills,Week 4,50.0,8649431082
STU045,Vikram Iyer,2,2,A,MECH,4,Communication Skills,Week 5,100.0,8649431082
STU045,Vikram Iyer,1,1,A,MECH,4,Communication Skills,Week 6,100.0,8649431082
STU045,Vikram Iyer,0,1,A,MECH,4,Communication Skills,Week 7,0.0,8649431082
STU045,Vikram Iyer,2,2,A,MECH,4,Communication Skills,Week 8,100.0,8649431082
STU046,Siddharth Menon,3,4,C,ECE,4,Maths,Week 1,75.0,8972097649
STU046,Siddharth Menon,4,4,C,ECE,4,Maths,Week 2,100.0,8972097649
STU046,Siddharth Menon,3,4,C,ECE,4,Maths,Week 3,75.0,8972097649
STU046,Siddharth Menon,3,4,C,ECE,4,Maths,Week 4,75.0,8972097649
STU046,Siddharth Menon,3,4,C,ECE,4,Maths,Week 5,75.0,8972097649
STU046,Siddharth Menon,3,5,C,ECE,4,Maths,Week 6,60.0,8972097649
STU046,Siddharth Menon,3,4,C,ECE,4,Maths,Week 7,75.0,8972097649
STU046,Siddharth Menon,1,3,C,ECE,4,Maths,Week 8,33.33,8972097649
STU046,Siddharth Menon,2,4,C,ECE,4,Python,Week 1,50.0,8972097649
STU046,Siddharth Menon,2,3,C,ECE,4,Python,Week 2,66.67,8972097649
STU046,Siddharth Menon,2,3,C,ECE,4,Python,Week 3,66.67,8972097649
STU046,Siddharth Menon,4,4,C,ECE,4,Python,Week 4,100.0,8972097649
STU046,Siddharth Menon,1,3,C,ECE,4,Python,Week 5,33.33,8972097649
STU046,Siddharth Menon,2,3,C,ECE,4,Python,Week 6,66.67,8972097649
STU046,Siddharth Menon,2,2,C,ECE,4,Python,Week 7,100.0,8972097649
STU046,Siddharth Menon,2,2,C,ECE,4,Python,Week 8,100.0,8972097649
STU046,Siddharth Menon,3,3,C,ECE,4,AI,Week 1,100.0,8972097649
STU046,Siddharth Menon,3,3,C,ECE,4,AI,Week 2,100.0,8972097649
STU046,Siddharth Menon,1,2,C,ECE,4,AI,Week 3,50.0,8972097649
STU046,Siddharth Menon,4,4,C,ECE,4,AI,Week 4,100.0,8972097649
STU046,Siddharth Menon,2,3,C,ECE,4,AI,Week 5,66.67,8972097649
STU046,Siddharth Menon,1,3,C,ECE,4,AI,Week 6,33.33,8972097649
STU046,Siddharth Menon,3,3,C,ECE,4,AI,Week 7,100.0,8972097649
STU046,Siddharth Menon,3,3,C,ECE,4,AI,Week 8,100.0,8972097649
STU046,Siddharth Menon,3,4,C,ECE,4,DSA,Week 1,75.0,8972097649
STU046,Siddharth Menon,3,4,C,ECE,4,DSA,Week 2,75.0,8972097649
STU046,Siddharth Menon,4,4,C,ECE,4,DSA,Week 3,100.0,8972097649
STU046,Siddharth Menon,4,5,C,ECE,4,DSA,Week 4,80.0,8972097649
STU046,Siddharth Menon,4,4,C,ECE,4,DSA,Week 5,100.0,8972097649
STU046,Siddharth Menon,3,5,C,ECE,4,DSA,Week 6,60.0,8972097649
STU046,Siddharth Menon,4,4,C,ECE,4,DSA,Week 7,100.0,8972097649
STU046,Siddharth Menon,2,5,C,ECE,4,DSA,Week 8,40.0,8972097649
STU046,Siddharth Menon,2,2,C,ECE,4,Code Lab,Week 1,100.0,8972097649
STU046,Siddharth Menon,1,1,C,ECE,4,Code Lab,Week 2,100.0,8972097649
STU046,Siddharth Menon,0,2,C,ECE,4,Code Lab,Week 3,0.0,8972097649
STU046,Siddharth Menon,2,2,C,ECE,4,Code Lab,Week 4,100.0,8972097649
STU046,Siddharth Menon,1,1,C,ECE,4,Code Lab,Week 5,100.0,8972097649
STU046,Siddharth Menon,1,2,C,ECE,4,Code Lab,Week 6,50.0,8972097649
STU046,Siddharth Menon,1,1,C,ECE,4,Code Lab,Week 7,100.0,8972097649
STU046,Siddharth Menon,1,2,C,ECE,4,Code Lab,Week 8,50.0,8972097649
STU046,Siddharth Menon,2,2,C,ECE,4,Communication Skills,Week 1,100.0,8972097649
STU046,Siddharth Menon,2,3,C,ECE,4,Communication Skills,Week 2,66.67,8972097649
STU046,Siddharth Menon,1,1,C,ECE,4,Communication Skills,Week 3,100.0,8972097649
STU046,Siddharth Menon,2,2,C,ECE,4,Communication Skills,Week 4,100.0,8972097649
STU046,Siddharth Menon,0,1,C,ECE,4,Communication Skills,Week 5,0.0,8972097649
STU046,Siddharth Menon,1,2,C,ECE,4,Communication Skills,Week 6,50.0,8972097649
STU046,Siddharth Menon,3,3,C,ECE,4,Communication Skills,Week 7,100.0,8972097649
STU046,Siddharth Menon,1,3,C,ECE,4,Communication Skills,Week 8,33.33,8972097649
STU047,Karan Verma,2,3,B,IT,3,Maths,Week 1,66.67,6358153605
STU047,Karan Verma,4,5,B,IT,3,Maths,Week 2,80.0,6358153605
STU047,Karan Verma,4,4,B,IT,3,Maths,Week 3,100.0,6358153605
STU047,Karan Verma,4,4,B,IT,3,Maths,Week 4,100.0,6358153605
STU047,Karan Verma,3,3,B,IT,3,Maths,Week 5,100.0,6358153605
STU047,Karan Verma,2,4,B,IT,3,Maths,Week 6,50.0,6358153605
STU047,Karan Verma,4,5,B,IT,3,Maths,Week 7,80.0,6358153605
STU047,Karan Verma,4,4,B,IT,3,Maths,Week 8,100.0,6358153605
STU047,Karan Verma,1,3,B,IT,3,Python,Week 1,33.33,6358153605
STU047,Karan Verma,4,4,B,IT,3,Python,Week 2,100.0,6358153605
STU047,Karan Verma,0,2,B,IT,3,Python,Week 3,0.0,6358153605
STU047,Karan Verma,2,2,B,IT,3,Python,Week 4,100.0,6358153605
STU047,Karan Verma,3,3,B,IT,3,Python,Week 5,100.0,6358153605
STU047,Karan Verma,2,3,B,IT,3,Python,Week 6,66.67,6358153605
STU047,Karan Verma,2,2,B,IT,3,Python,Week 7,100.0,6358153605
STU047,Karan Verma,1,2,B,IT,3,Python,Week 8,50.0,6358153605
STU047,Karan Verma,3,3,B,IT,3,AI,Week 1,100.0,6358153605
STU047,Karan Verma,3,3,B,IT,3,AI,Week 2,100.0,6358153605
STU047,Karan Verma,2,3,B,IT,3,AI,Week 3,66.67,6358153605
STU047,Karan Verma,2,2,B,IT,3,AI,Week 4,100.0,6358153605
STU047,Karan Verma,3,3,B,IT,3,AI,Week 5,100.0,6358153605
STU047,Karan Verma,2,2,B,IT,3,AI,Week 6,100.0,6358153605
STU047,Karan Verma,3,3,B,IT,3,AI,Week 7,100.0,6358153605
STU047,Karan Verma,3,3,B,IT,3,AI,Week 8,100.0,6358153605
STU047,Karan Verma,3,4,B,IT,3,DSA,Week 1,75.0,6358153605
STU047,Karan Verma,3,3,B,IT,3,DSA,Week 2,100.0,6358153605
STU047,Karan Verma,4,4,B,IT,3,DSA,Week 3,100.0,6358153605
STU047,Karan Verma,3,4,B,IT,3,DSA,Week 4,75.0,6358153605
STU047,Karan Verma,4,4,B,IT,3,DSA,Week 5,100.0,6358153605
STU047,Karan Verma,3,3,B,IT,3,DSA,Week 6,100.0,6358153605
STU047,Karan Verma,3,4,B,IT,3,DSA,Week 7,75.0,6358153605
STU047,Karan Verma,4,5,B,IT,3,DSA,Week 8,80.0,6358153605
STU047,Karan Verma,1,1,B,IT,3,Code Lab,Week 1,100.0,6358153605
STU047,Karan Verma,2,3,B,IT,3,Code Lab,Week 2,66.67,6358153605
STU047,Karan Verma,2,2,B,IT,3,Code Lab,Week 3,100.0,6358153605
STU047,Karan Verma,1,1,B,IT,3,Code Lab,Week 4,100.0,6358153605
STU047,Karan Verma,3,3,B,IT,3,Code Lab,Week 5,100.0,6358153605
STU047,Karan Verma,1,2,B,IT,3,Code Lab,Week 6,50.0,6358153605
STU047,Karan Verma,0,1,B,IT,3,Code Lab,Week 7,0.0,6358153605
STU047,Karan Verma,2,2,B,IT,3,Code Lab,Week 8,100.0,6358153605
STU047,Karan Verma,1,2,B,IT,3,Communication Skills,Week 1,50.0,6358153605
STU047,Karan Verma,2,2,B,IT,3,Communication Skills,Week 2,100.0,6358153605
STU047,Karan Verma,2,2,B,IT,3,Communication Skills,Week 3,100.0,6358153605
STU047,Karan Verma,1,1,B,IT,3,Communication Skills,Week 4,100.0,6358153605
STU047,Karan Verma,2,2,B,IT,3,Communication Skills,Week 5,100.0,6358153605
STU047,Karan Verma,2,3,B,IT,3,Communication Skills,Week 6,66.67,6358153605
STU047,Karan Verma,1,1,B,IT,3,Communication Skills,Week 7,100.0,6358153605
STU047,Karan Verma,1,2,B,IT,3,Communication Skills,Week 8,50.0,6358153605
STU048,Pooja Gupta,4,4,C,IT,5,Maths,Week 1,100.0,9602269164
STU048,Pooja Gupta,5,5,C,IT,5,Maths,Week 2,100.0,9602269164
STU048,Pooja Gupta,4,4,C,IT,5,Maths,Week 3,100.0,9602269164
STU048,Pooja Gupta,4,4,C,IT,5,Maths,Week 4,100.0,9602269164
STU048,Pooja Gupta,3,3,C,IT,5,Maths,Week 5,100.0,9602269164
STU048,Pooja Gupta,4,4,C,IT,5,Maths,Week 6,100.0,9602269164
STU048,Pooja Gupta,5,5,C,IT,5,Maths,Week 7,100.0,9602269164
STU048,Pooja Gupta,5,5,C,IT,5,Maths,Week 8,100.0,9602269164
STU048,Pooja Gupta,3,3,C,IT,5,Python,Week 1,100.0,9602269164
STU048,Pooja Gupta,3,3,C,IT,5,Python,Week 2,100.0,9602269164
STU048,Pooja Gupta,2,2,C,IT,5,Python,Week 3,100.0,9602269164
STU048,Pooja Gupta,3,3,C,IT,5,Python,Week 4,100.0,9602269164
STU048,Pooja Gupta,3,3,C,IT,5,Python,Week 5,100.0,9602269164
STU048,Pooja Gupta,4,4,C,IT,5,Python,Week 6,100.0,9602269164
STU048,Pooja Gupta,3,3,C,IT,5,Python,Week 7,100.0,9602269164
STU048,Pooja Gupta,3,3,C,IT,5,Python,Week 8,100.0,9602269164
STU048,Pooja Gupta,3,3,C,IT,5,AI,Week 1,100.0,9602269164
STU048,Pooja Gupta,3,3,C,IT,5,AI,Week 2,100.0,9602269164
STU048,Pooja Gupta,3,3,C,IT,5,AI,Week 3,100.0,9602269164
STU048,Pooja Gupta,2,3,C,IT,5,AI,Week 4,66.67,9602269164
STU048,Pooja Gupta,3,3,C,IT,5,AI,Week 5,100.0,9602269164
STU048,Pooja Gupta,1,3,C,IT,5,AI,Week 6,33.33,9602269164
STU048,Pooja Gupta,1,2,C,IT,5,AI,Week 7,50.0,9602269164
STU048,Pooja Gupta,3,3,C,IT,5,AI,Week 8,100.0,9602269164
STU048,Pooja Gupta,5,5,C,IT,5,DSA,Week 1,100.0,9602269164
STU048,Pooja Gupta,4,4,C,IT,5,DSA,Week 2,100.0,9602269164
STU048,Pooja Gupta,5,5,C,IT,5,DSA,Week 3,100.0,9602269164
STU048,Pooja Gupta,4,4,C,IT,5,DSA,Week 4,100.0,9602269164
STU048,Pooja Gupta,3,3,C,IT,5,DSA,Week 5,100.0,9602269164
STU048,Pooja Gupta,5,5,C,IT,5,DSA,Week 6,100.0,9602269164
STU048,Pooja Gupta,2,3,C,IT,5,DSA,Week 7,66.67,9602269164
STU048,Pooja Gupta,4,5,C,IT,5,DSA,Week 8,80.0,9602269164
STU048,Pooja Gupta,3,3,C,IT,5,Code Lab,Week 1,100.0,9602269164
STU048,Pooja Gupta,2,2,C,IT,5,Code Lab,Week 2,100.0,9602269164
STU048,Pooja Gupta,3,3,C,IT,5,Code Lab,Week 3,100.0,9602269164
STU048,Pooja Gupta,2,3,C,IT,5,Code Lab,Week 4,66.67,9602269164
STU048,Pooja Gupta,1,2,C,IT,5,Code Lab,Week 5,50.0,9602269164
STU048,Pooja Gupta,2,2,C,IT,5,Code Lab,Week 6,100.0,9602269164
STU048,Pooja Gupta,2,2,C,IT,5,Code Lab,Week 7,100.0,9602269164
STU048,Pooja Gupta,2,2,C,IT,5,Code Lab,Week 8,100.0,9602269164
STU048,Pooja Gupta,2,2,C,IT,5,Communication Skills,Week 1,100.0,9602269164
STU048,Pooja Gupta,1,1,C,IT,5,Communication Skills,Week 2,100.0,9602269164
STU048,Pooja Gupta,2,2,C,IT,5,Communication Skills,Week 3,100.0,9602269164
STU048,Pooja Gupta,2,2,C,IT,5,Communication Skills,Week 4,100.0,9602269164
STU048,Pooja Gupta,2,2,C,IT,5,Communication Skills,Week 5,100.0,9602269164
STU048,Pooja Gupta,3,3,C,IT,5,Communication Skills,Week 6,100.0,9602269164
STU048,Pooja Gupta,3,3,C,IT,5,Communication Skills,Week 7,100.0,9602269164
STU048,Pooja Gupta,2,2,C,IT,5,Communication Skills,Week 8,100.0,9602269164
STU049,Priya Nair,3,3,A,MECH,4,Maths,Week 1,100.0,7461479973
STU049,Priya Nair,4,5,A,MECH,4,Maths,Week 2,80.0,7461479973
STU049,Priya Nair,4,4,A,MECH,4,Maths,Week 3,100.0,7461479973
STU049,Priya Nair,3,4,A,MECH,4,Maths,Week 4,75.0,7461479973
STU049,Priya Nair,3,4,A,MECH,4,Maths,Week 5,75.0,7461479973
STU049,Priya Nair,3,3,A,MECH,4,Maths,Week 6,100.0,7461479973
STU049,Priya Nair,4,5,A,MECH,4,Maths,Week 7,80.0,7461479973
STU049,Priya Nair,3,3,A,MECH,4,Maths,Week 8,100.0,7461479973
STU049,Priya Nair,2,3,A,MECH,4,Python,Week 1,66.67,7461479973
STU049,Priya Nair,3,3,A,MECH,4,Python,Week 2,100.0,7461479973
STU049,Priya Nair,2,2,A,MECH,4,Python,Week 3,100.0,7461479973
STU049,Priya Nair,3,3,A,MECH,4,Python,Week 4,100.0,7461479973
STU049,Priya Nair,2,2,A,MECH,4,Python,Week 5,100.0,7461479973
STU049,Priya Nair,2,3,A,MECH,4,Python,Week 6,66.67,7461479973
STU049,Priya Nair,2,2,A,MECH,4,Python,Week 7,100.0,7461479973
STU049,Priya Nair,2,2,A,MECH,4,Python,Week 8,100.0,7461479973
STU049,Priya Nair,2,2,A,MECH,4,AI,Week 1,100.0,7461479973
STU049,Priya Nair,3,3,A,MECH,4,AI,Week 2,100.0,7461479973
STU049,Priya Nair,1,2,A,MECH,4,AI,Week 3,50.0,7461479973
STU049,Priya Nair,3,3,A,MECH,4,AI,Week 4,100.0,7461479973
STU049,Priya Nair,4,4,A,MECH,4,AI,Week 5,100.0,7461479973
STU049,Priya Nair,1,2,A,MECH,4,AI,Week 6,50.0,7461479973
STU049,Priya Nair,3,3,A,MECH,4,AI,Week 7,100.0,7461479973
STU049,Priya Nair,4,4,A,MECH,4,AI,Week 8,100.0,7461479973
STU049,Priya Nair,4,5,A,MECH,4,DSA,Week 1,80.0,7461479973
STU049,Priya Nair,4,4,A,MECH,4,DSA,Week 2,100.0,7461479973
STU049,Priya Nair,4,5,A,MECH,4,DSA,Week 3,80.0,7461479973
STU049,Priya Nair,4,4,A,MECH,4,DSA,Week 4,100.0,7461479973
STU049,Priya Nair,4,4,A,MECH,4,DSA,Week 5,100.0,7461479973
STU049,Priya Nair,1,3,A,MECH,4,DSA,Week 6,33.33,7461479973
STU049,Priya Nair,3,3,A,MECH,4,DSA,Week 7,100.0,7461479973
STU049,Priya Nair,5,5,A,MECH,4,DSA,Week 8,100.0,7461479973
STU049,Priya Nair,1,1,A,MECH,4,Code Lab,Week 1,100.0,7461479973
STU049,Priya Nair,3,3,A,MECH,4,Code Lab,Week 2,100.0,7461479973
STU049,Priya Nair,3,3,A,MECH,4,Code Lab,Week 3,100.0,7461479973
STU049,Priya Nair,3,3,A,MECH,4,Code Lab,Week 4,100.0,7461479973
STU049,Priya Nair,1,1,A,MECH,4,Code Lab,Week 5,100.0,7461479973
STU049,Priya Nair,2,2,A,MECH,4,Code Lab,Week 6,100.0,7461479973
STU049,Priya Nair,2,2,A,MECH,4,Code Lab,Week 7,100.0,7461479973
STU049,Priya Nair,3,3,A,MECH,4,Code Lab,Week 8,100.0,7461479973
STU049,Priya Nair,2,2,A,MECH,4,Communication Skills,Week 1,100.0,7461479973
STU049,Priya Nair,2,2,A,MECH,4,Communication Skills,Week 2,100.0,7461479973
STU049,Priya Nair,2,2,A,MECH,4,Communication Skills,Week 3,100.0,7461479973
STU049,Priya Nair,1,1,A,MECH,4,Communication Skills,Week 4,100.0,7461479973
STU049,Priya Nair,1,1,A,MECH,4,Communication Skills,Week 5,100.0,7461479973
STU049,Priya Nair,2,2,A,MECH,4,Communication Skills,Week 6,100.0,7461479973
STU049,Priya Nair,1,2,A,MECH,4,Communication Skills,Week 7,50.0,7461479973
STU049,Priya Nair,1,2,A,MECH,4,Communication Skills,Week 8,50.0,7461479973
STU050,Manish Singh,5,5,B,CSE,3,Maths,Week 1,100.0,7716114302
STU050,Manish Singh,4,4,B,CSE,3,Maths,Week 2,100.0,7716114302
STU050,Manish Singh,3,5,B,CSE,3,Maths,Week 3,60.0,7716114302
STU050,Manish Singh,4,4,B,CSE,3,Maths,Week 4,100.0,7716114302
STU050,Manish Singh,3,3,B,CSE,3,Maths,Week 5,100.0,7716114302
STU050,Manish Singh,4,5,B,CSE,3,Maths,Week 6,80.0,7716114302
STU050,Manish Singh,3,4,B,CSE,3,Maths,Week 7,75.0,7716114302
STU050,Manish Singh,4,4,B,CSE,3,Maths,Week 8,100.0,7716114302
STU050,Manish Singh,2,3,B,CSE,3,Python,Week 1,66.67,7716114302
STU050,Manish Singh,3,3,B,CSE,3,Python,Week 2,100.0,7716114302
STU050,Manish Singh,2,2,B,CSE,3,Python,Week 3,100.0,7716114302
STU050,Manish Singh,3,3,B,CSE,3,Python,Week 4,100.0,7716114302
STU050,Manish Singh,2,3,B,CSE,3,Python,Week 5,66.67,7716114302
STU050,Manish Singh,3,3,B,CSE,3,Python,Week 6,100.0,7716114302
STU050,Manish Singh,1,2,B,CSE,3,Python,Week 7,50.0,7716114302
STU050,Manish Singh,3,3,B,CSE,3,Python,Week 8,100.0,7716114302
STU050,Manish Singh,3,3,B,CSE,3,AI,Week 1,100.0,7716114302
STU050,Manish Singh,2,2,B,CSE,3,AI,Week 2,100.0,7716114302
STU050,Manish Singh,3,3,B,CSE,3,AI,Week 3,100.0,7716114302
STU050,Manish Singh,3,3,B,CSE,3,AI,Week 4,100.0,7716114302
STU050,Manish Singh,3,4,B,CSE,3,AI,Week 5,75.0,7716114302
STU050,Manish Singh,4,4,B,CSE,3,AI,Week 6,100.0,7716114302
STU050,Manish Singh,3,3,B,CSE,3,AI,Week 7,100.0,7716114302
STU050,Manish Singh,3,3,B,CSE,3,AI,Week 8,100.0,7716114302
STU050,Manish Singh,2,4,B,CSE,3,DSA,Week 1,50.0,7716114302
STU050,Manish Singh,4,4,B,CSE,3,DSA,Week 2,100.0,7716114302
STU050,Manish Singh,4,4,B,CSE,3,DSA,Week 3,100.0,7716114302
STU050,Manish Singh,4,4,B,CSE,3,DSA,Week 4,100.0,7716114302
STU050,Manish Singh,3,3,B,CSE,3,DSA,Week 5,100.0,7716114302
STU050,Manish Singh,3,3,B,CSE,3,DSA,Week 6,100.0,7716114302
STU050,Manish Singh,3,5,B,CSE,3,DSA,Week 7,60.0,7716114302
STU050,Manish Singh,5,5,B,CSE,3,DSA,Week 8,100.0,7716114302
STU050,Manish Singh,3,3,B,CSE,3,Code Lab,Week 1,100.0,7716114302
STU050,Manish Singh,1,2,B,CSE,3,Code Lab,Week 2,50.0,7716114302
STU050,Manish Singh,3,3,B,CSE,3,Code Lab,Week 3,100.0,7716114302
STU050,Manish Singh,2,2,B,CSE,3,Code Lab,Week 4,100.0,7716114302
STU050,Manish Singh,2,2,B,CSE,3,Code Lab,Week 5,100.0,7716114302
STU050,Manish Singh,1,2,B,CSE,3,Code Lab,Week 6,50.0,7716114302
STU050,Manish Singh,2,2,B,CSE,3,Code Lab,Week 7,100.0,7716114302
STU050,Manish Singh,2,2,B,CSE,3,Code Lab,Week 8,100.0,7716114302
STU050,Manish Singh,1,2,B,CSE,3,Communication Skills,Week 1,50.0,7716114302
STU050,Manish Singh,2,2,B,CSE,3,Communication Skills,Week 2,100.0,7716114302
STU050,Manish Singh,3,3,B,CSE,3,Communication Skills,Week 3,100.0,7716114302
STU050,Manish Singh,1,2,B,CSE,3,Communication Skills,Week 4,50.0,7716114302
STU050,Manish Singh,2,2,B,CSE,3,Communication Skills,Week 5,100.0,7716114302
STU050,Manish Singh,2,2,B,CSE,3,Communication Skills,Week 6,100.0,7716114302
STU050,Manish Singh,2,2,B,CSE,3,Communication Skills,Week 7,100.0,7716114302
STU050,Manish Singh,2,2,B,CSE,3,Communication Skills,Week 8,100.0,7716114302
STU051,Vivek Mehta,3,3,C,MECH,3,Maths,Week 1,100.0,7928363301
STU051,Vivek Mehta,4,4,C,MECH,3,Maths,Week 2,100.0,7928363301
STU051,Vivek Mehta,4,4,C,MECH,3,Maths,Week 3,100.0,7928363301
STU051,Vivek Mehta,3,4,C,MECH,3,Maths,Week 4,75.0,7928363301
STU051,Vivek Mehta,5,5,C,MECH,3,Maths,Week 5,100.0,7928363301
STU051,Vivek Mehta,3,3,C,MECH,3,Maths,Week 6,100.0,7928363301
STU051,Vivek Mehta,4,4,C,MECH,3,Maths,Week 7,100.0,7928363301
STU051,Vivek Mehta,3,4,C,MECH,3,Maths,Week 8,75.0,7928363301
STU051,Vivek Mehta,3,3,C,MECH,3,Python,Week 1,100.0,7928363301
STU051,Vivek Mehta,4,4,C,MECH,3,Python,Week 2,100.0,7928363301
STU051,Vivek Mehta,1,2,C,MECH,3,Python,Week 3,50.0,7928363301
STU051,Vivek Mehta,3,3,C,MECH,3,Python,Week 4,100.0,7928363301
STU051,Vivek Mehta,2,3,C,MECH,3,Python,Week 5,66.67,7928363301
STU051,Vivek Mehta,3,3,C,MECH,3,Python,Week 6,100.0,7928363301
STU051,Vivek Mehta,2,2,C,MECH,3,Python,Week 7,100.0,7928363301
STU051,Vivek Mehta,2,2,C,MECH,3,Python,Week 8,100.0,7928363301
STU051,Vivek Mehta,2,3,C,MECH,3,AI,Week 1,66.67,7928363301
STU051,Vivek Mehta,2,4,C,MECH,3,AI,Week 2,50.0,7928363301
STU051,Vivek Mehta,2,2,C,MECH,3,AI,Week 3,100.0,7928363301
STU051,Vivek Mehta,3,4,C,MECH,3,AI,Week 4,75.0,7928363301
STU051,Vivek Mehta,3,3,C,MECH,3,AI,Week 5,100.0,7928363301
STU051,Vivek Mehta,2,2,C,MECH,3,AI,Week 6,100.0,7928363301
STU051,Vivek Mehta,1,2,C,MECH,3,AI,Week 7,50.0,7928363301
STU051,Vivek Mehta,4,4,C,MECH,3,AI,Week 8,100.0,7928363301
STU051,Vivek Mehta,3,4,C,MECH,3,DSA,Week 1,75.0,7928363301
STU051,Vivek Mehta,4,4,C,MECH,3,DSA,Week 2,100.0,7928363301
STU051,Vivek Mehta,2,4,C,MECH,3,DSA,Week 3,50.0,7928363301
STU051,Vivek Mehta,5,5,C,MECH,3,DSA,Week 4,100.0,7928363301
STU051,Vivek Mehta,5,5,C,MECH,3,DSA,Week 5,100.0,7928363301
STU051,Vivek Mehta,5,5,C,MECH,3,DSA,Week 6,100.0,7928363301
STU051,Vivek Mehta,4,4,C,MECH,3,DSA,Week 7,100.0,7928363301
STU051,Vivek Mehta,4,4,C,MECH,3,DSA,Week 8,100.0,7928363301
STU051,Vivek Mehta,2,2,C,MECH,3,Code Lab,Week 1,100.0,7928363301
STU051,Vivek Mehta,2,2,C,MECH,3,Code Lab,Week 2,100.0,7928363301
STU051,Vivek Mehta,2,3,C,MECH,3,Code Lab,Week 3,66.67,7928363301
STU051,Vivek Mehta,2,2,C,MECH,3,Code Lab,Week 4,100.0,7928363301
STU051,Vivek Mehta,3,3,C,MECH,3,Code Lab,Week 5,100.0,7928363301
STU051,Vivek Mehta,3,3,C,MECH,3,Code Lab,Week 6,100.0,7928363301
STU051,Vivek Mehta,2,2,C,MECH,3,Code Lab,Week 7,100.0,7928363301
STU051,Vivek Mehta,2,2,C,MECH,3,Code Lab,Week 8,100.0,7928363301
STU051,Vivek Mehta,2,2,C,MECH,3,Communication Skills,Week 1,100.0,7928363301
STU051,Vivek Mehta,1,2,C,MECH,3,Communication Skills,Week 2,50.0,7928363301
STU051,Vivek Mehta,2,2,C,MECH,3,Communication Skills,Week 3,100.0,7928363301
STU051,Vivek Mehta,2,2,C,MECH,3,Communication Skills,Week 4,100.0,7928363301
STU051,Vivek Mehta,1,2,C,MECH,3,Communication Skills,Week 5,50.0,7928363301
STU051,Vivek Mehta,2,2,C,MECH,3,Communication Skills,Week 6,100.0,7928363301
STU051,Vivek Mehta,2,2,C,MECH,3,Communication Skills,Week 7,100.0,7928363301
STU051,Vivek Mehta,2,2,C,MECH,3,Communication Skills,Week 8,100.0,7928363301
STU052,Sanjay Mehta,2,3,A,CSE,5,Maths,Week 1,66.67,8840081098
STU052,Sanjay Mehta,4,4,A,CSE,5,Maths,Week 2,100.0,8840081098
STU052,Sanjay Mehta,3,4,A,CSE,5,Maths,Week 3,75.0,8840081098
STU052,Sanjay Mehta,4,5,A,CSE,5,Maths,Week 4,80.0,8840081098
STU052,Sanjay Mehta,4,4,A,CSE,5,Maths,Week 5,100.0,8840081098
STU052,Sanjay Mehta,4,4,A,CSE,5,Maths,Week 6,100.0,8840081098
STU052,Sanjay Mehta,3,3,A,CSE,5,Maths,Week 7,100.0,8840081098
STU052,Sanjay Mehta,1,3,A,CSE,5,Maths,Week 8,33.33,8840081098
STU052,Sanjay Mehta,3,3,A,CSE,5,Python,Week 1,100.0,8840081098
STU052,Sanjay Mehta,1,3,A,CSE,5,Python,Week 2,33.33,8840081098
STU052,Sanjay Mehta,2,2,A,CSE,5,Python,Week 3,100.0,8840081098
STU052,Sanjay Mehta,1,2,A,CSE,5,Python,Week 4,50.0,8840081098
STU052,Sanjay Mehta,2,3,A,CSE,5,Python,Week 5,66.67,8840081098
STU052,Sanjay Mehta,3,3,A,CSE,5,Python,Week 6,100.0,8840081098
STU052,Sanjay Mehta,2,2,A,CSE,5,Python,Week 7,100.0,8840081098
STU052,Sanjay Mehta,3,4,A,CSE,5,Python,Week 8,75.0,8840081098
STU052,Sanjay Mehta,2,3,A,CSE,5,AI,Week 1,66.67,8840081098
STU052,Sanjay Mehta,1,2,A,CSE,5,AI,Week 2,50.0,8840081098
STU052,Sanjay Mehta,3,3,A,CSE,5,AI,Week 3,100.0,8840081098
STU052,Sanjay Mehta,4,4,A,CSE,5,AI,Week 4,100.0,8840081098
STU052,Sanjay Mehta,2,4,A,CSE,5,AI,Week 5,50.0,8840081098
STU052,Sanjay Mehta,3,3,A,CSE,5,AI,Week 6,100.0,8840081098
STU052,Sanjay Mehta,3,3,A,CSE,5,AI,Week 7,100.0,8840081098
STU052,Sanjay Mehta,2,4,A,CSE,5,AI,Week 8,50.0,8840081098
STU052,Sanjay Mehta,2,4,A,CSE,5,DSA,Week 1,50.0,8840081098
STU052,Sanjay Mehta,3,4,A,CSE,5,DSA,Week 2,75.0,8840081098
STU052,Sanjay Mehta,4,4,A,CSE,5,DSA,Week 3,100.0,8840081098
STU052,Sanjay Mehta,4,4,A,CSE,5,DSA,Week 4,100.0,8840081098
STU052,Sanjay Mehta,3,3,A,CSE,5,DSA,Week 5,100.0,8840081098
STU052,Sanjay Mehta,2,3,A,CSE,5,DSA,Week 6,66.67,8840081098
STU052,Sanjay Mehta,3,5,A,CSE,5,DSA,Week 7,60.0,8840081098
STU052,Sanjay Mehta,3,3,A,CSE,5,DSA,Week 8,100.0,8840081098
STU052,Sanjay Mehta,2,3,A,CSE,5,Code Lab,Week 1,66.67,8840081098
STU052,Sanjay Mehta,3,3,A,CSE,5,Code Lab,Week 2,100.0,8840081098
STU052,Sanjay Mehta,1,3,A,CSE,5,Code Lab,Week 3,33.33,8840081098
STU052,Sanjay Mehta,2,2,A,CSE,5,Code Lab,Week 4,100.0,8840081098
STU052,Sanjay Mehta,2,2,A,CSE,5,Code Lab,Week 5,100.0,8840081098
STU052,Sanjay Mehta,2,3,A,CSE,5,Code Lab,Week 6,66.67,8840081098
STU052,Sanjay Mehta,1,1,A,CSE,5,Code Lab,Week 7,100.0,8840081098
STU052,Sanjay Mehta,1,2,A,CSE,5,Code Lab,Week 8,50.0,8840081098
STU052,Sanjay Mehta,1,2,A,CSE,5,Communication Skills,Week 1,50.0,8840081098
STU052,Sanjay Mehta,0,2,A,CSE,5,Communication Skills,Week 2,0.0,8840081098
STU052,Sanjay Mehta,2,2,A,CSE,5,Communication Skills,Week 3,100.0,8840081098
STU052,Sanjay Mehta,1,1,A,CSE,5,Communication Skills,Week 4,100.0,8840081098
STU052,Sanjay Mehta,2,2,A,CSE,5,Communication Skills,Week 5,100.0,8840081098
STU052,Sanjay Mehta,3,3,A,CSE,5,Communication Skills,Week 6,100.0,8840081098
STU052,Sanjay Mehta,1,2,A,CSE,5,Communication Skills,Week 7,50.0,8840081098
STU052,Sanjay Mehta,2,2,A,CSE,5,Communication Skills,Week 8,100.0,8840081098
STU053,Varun Kapoor,5,5,C,AI&DS,3,Maths,Week 1,100.0,9936481956
STU053,Varun Kapoor,3,4,C,AI&DS,3,Maths,Week 2,75.0,9936481956
STU053,Varun Kapoor,4,4,C,AI&DS,3,Maths,Week 3,100.0,9936481956
STU053,Varun Kapoor,4,4,C,AI&DS,3,Maths,Week 4,100.0,9936481956
STU053,Varun Kapoor,3,4,C,AI&DS,3,Maths,Week 5,75.0,9936481956
STU053,Varun Kapoor,3,3,C,AI&DS,3,Maths,Week 6,100.0,9936481956
STU053,Varun Kapoor,3,3,C,AI&DS,3,Maths,Week 7,100.0,9936481956
STU053,Varun Kapoor,3,4,C,AI&DS,3,Maths,Week 8,75.0,9936481956
STU053,Varun Kapoor,3,4,C,AI&DS,3,Python,Week 1,75.0,9936481956
STU053,Varun Kapoor,2,2,C,AI&DS,3,Python,Week 2,100.0,9936481956
STU053,Varun Kapoor,2,2,C,AI&DS,3,Python,Week 3,100.0,9936481956
STU053,Varun Kapoor,2,3,C,AI&DS,3,Python,Week 4,66.67,9936481956
STU053,Varun Kapoor,3,3,C,AI&DS,3,Python,Week 5,100.0,9936481956
STU053,Varun Kapoor,4,4,C,AI&DS,3,Python,Week 6,100.0,9936481956
STU053,Varun Kapoor,4,4,C,AI&DS,3,Python,Week 7,100.0,9936481956
STU053,Varun Kapoor,4,4,C,AI&DS,3,Python,Week 8,100.0,9936481956
STU053,Varun Kapoor,4,4,C,AI&DS,3,AI,Week 1,100.0,9936481956
STU053,Varun Kapoor,2,3,C,AI&DS,3,AI,Week 2,66.67,9936481956
STU053,Varun Kapoor,2,3,C,AI&DS,3,AI,Week 3,66.67,9936481956
STU053,Varun Kapoor,3,3,C,AI&DS,3,AI,Week 4,100.0,9936481956
STU053,Varun Kapoor,3,3,C,AI&DS,3,AI,Week 5,100.0,9936481956
STU053,Varun Kapoor,3,3,C,AI&DS,3,AI,Week 6,100.0,9936481956
STU053,Varun Kapoor,1,2,C,AI&DS,3,AI,Week 7,50.0,9936481956
STU053,Varun Kapoor,2,2,C,AI&DS,3,AI,Week 8,100.0,9936481956
STU053,Varun Kapoor,5,5,C,AI&DS,3,DSA,Week 1,100.0,9936481956
STU053,Varun Kapoor,4,4,C,AI&DS,3,DSA,Week 2,100.0,9936481956
STU053,Varun Kapoor,4,4,C,AI&DS,3,DSA,Week 3,100.0,9936481956
STU053,Varun Kapoor,3,4,C,AI&DS,3,DSA,Week 4,75.0,9936481956
STU053,Varun Kapoor,3,4,C,AI&DS,3,DSA,Week 5,75.0,9936481956
STU053,Varun Kapoor,4,4,C,AI&DS,3,DSA,Week 6,100.0,9936481956
STU053,Varun Kapoor,3,3,C,AI&DS,3,DSA,Week 7,100.0,9936481956
STU053,Varun Kapoor,3,3,C,AI&DS,3,DSA,Week 8,100.0,9936481956
STU053,Varun Kapoor,2,2,C,AI&DS,3,Code Lab,Week 1,100.0,9936481956
STU053,Varun Kapoor,2,2,C,AI&DS,3,Code Lab,Week 2,100.0,9936481956
STU053,Varun Kapoor,2,3,C,AI&DS,3,Code Lab,Week 3,66.67,9936481956
STU053,Varun Kapoor,1,2,C,AI&DS,3,Code Lab,Week 4,50.0,9936481956
STU053,Varun Kapoor,3,3,C,AI&DS,3,Code Lab,Week 5,100.0,9936481956
STU053,Varun Kapoor,2,2,C,AI&DS,3,Code Lab,Week 6,100.0,9936481956
STU053,Varun Kapoor,2,3,C,AI&DS,3,Code Lab,Week 7,66.67,9936481956
STU053,Varun Kapoor,1,1,C,AI&DS,3,Code Lab,Week 8,100.0,9936481956
STU053,Varun Kapoor,1,1,C,AI&DS,3,Communication Skills,Week 1,100.0,9936481956
STU053,Varun Kapoor,2,2,C,AI&DS,3,Communication Skills,Week 2,100.0,9936481956
STU053,Varun Kapoor,2,2,C,AI&DS,3,Communication Skills,Week 3,100.0,9936481956
STU053,Varun Kapoor,1,1,C,AI&DS,3,Communication Skills,Week 4,100.0,9936481956
STU053,Varun Kapoor,2,3,C,AI&DS,3,Communication Skills,Week 5,66.67,9936481956
STU053,Varun Kapoor,2,2,C,AI&DS,3,Communication Skills,Week 6,100.0,9936481956
STU053,Varun Kapoor,2,3,C,AI&DS,3,Communication Skills,Week 7,66.67,9936481956
STU053,Varun Kapoor,3,3,C,AI&DS,3,Communication Skills,Week 8,100.0,9936481956
STU054,Ritika Reddy,4,4,B,AI&DS,4,Maths,Week 1,100.0,8881044229
STU054,Ritika Reddy,2,3,B,AI&DS,4,Maths,Week 2,66.67,8881044229
STU054,Ritika Reddy,4,5,B,AI&DS,4,Maths,Week 3,80.0,8881044229
STU054,Ritika Reddy,3,4,B,AI&DS,4,Maths,Week 4,75.0,8881044229
STU054,Ritika Reddy,2,3,B,AI&DS,4,Maths,Week 5,66.67,8881044229
STU054,Ritika Reddy,4,4,B,AI&DS,4,Maths,Week 6,100.0,8881044229
STU054,Ritika Reddy,3,4,B,AI&DS,4,Maths,Week 7,75.0,8881044229
STU054,Ritika Reddy,2,3,B,AI&DS,4,Maths,Week 8,66.67,8881044229
STU054,Ritika Reddy,3,3,B,AI&DS,4,Python,Week 1,100.0,8881044229
STU054,Ritika Reddy,2,2,B,AI&DS,4,Python,Week 2,100.0,8881044229
STU054,Ritika Reddy,2,3,B,AI&DS,4,Python,Week 3,66.67,8881044229
STU054,Ritika Reddy,3,3,B,AI&DS,4,Python,Week 4,100.0,8881044229
STU054,Ritika Reddy,2,2,B,AI&DS,4,Python,Week 5,100.0,8881044229
STU054,Ritika Reddy,4,4,B,AI&DS,4,Python,Week 6,100.0,8881044229
STU054,Ritika Reddy,2,3,B,AI&DS,4,Python,Week 7,66.67,8881044229
STU054,Ritika Reddy,2,3,B,AI&DS,4,Python,Week 8,66.67,8881044229
STU054,Ritika Reddy,3,3,B,AI&DS,4,AI,Week 1,100.0,8881044229
STU054,Ritika Reddy,4,4,B,AI&DS,4,AI,Week 2,100.0,8881044229
STU054,Ritika Reddy,4,4,B,AI&DS,4,AI,Week 3,100.0,8881044229
STU054,Ritika Reddy,2,3,B,AI&DS,4,AI,Week 4,66.67,8881044229
STU054,Ritika Reddy,2,2,B,AI&DS,4,AI,Week 5,100.0,8881044229
STU054,Ritika Reddy,3,3,B,AI&DS,4,AI,Week 6,100.0,8881044229
STU054,Ritika Reddy,3,3,B,AI&DS,4,AI,Week 7,100.0,8881044229
STU054,Ritika Reddy,2,3,B,AI&DS,4,AI,Week 8,66.67,8881044229
STU054,Ritika Reddy,3,4,B,AI&DS,4,DSA,Week 1,75.0,8881044229
STU054,Ritika Reddy,2,4,B,AI&DS,4,DSA,Week 2,50.0,8881044229
STU054,Ritika Reddy,4,5,B,AI&DS,4,DSA,Week 3,80.0,8881044229
STU054,Ritika Reddy,3,3,B,AI&DS,4,DSA,Week 4,100.0,8881044229
STU054,Ritika Reddy,4,4,B,AI&DS,4,DSA,Week 5,100.0,8881044229
STU054,Ritika Reddy,2,3,B,AI&DS,4,DSA,Week 6,66.67,8881044229
STU054,Ritika Reddy,4,4,B,AI&DS,4,DSA,Week 7,100.0,8881044229
STU054,Ritika Reddy,4,4,B,AI&DS,4,DSA,Week 8,100.0,8881044229
STU054,Ritika Reddy,1,1,B,AI&DS,4,Code Lab,Week 1,100.0,8881044229
STU054,Ritika Reddy,0,1,B,AI&DS,4,Code Lab,Week 2,0.0,8881044229
STU054,Ritika Reddy,1,1,B,AI&DS,4,Code Lab,Week 3,100.0,8881044229
STU054,Ritika Reddy,1,3,B,AI&DS,4,Code Lab,Week 4,33.33,8881044229
STU054,Ritika Reddy,1,1,B,AI&DS,4,Code Lab,Week 5,100.0,8881044229
STU054,Ritika Reddy,1,1,B,AI&DS,4,Code Lab,Week 6,100.0,8881044229
STU054,Ritika Reddy,1,3,B,AI&DS,4,Code Lab,Week 7,33.33,8881044229
STU054,Ritika Reddy,1,1,B,AI&DS,4,Code Lab,Week 8,100.0,8881044229
STU054,Ritika Reddy,1,2,B,AI&DS,4,Communication Skills,Week 1,50.0,8881044229
STU054,Ritika Reddy,1,2,B,AI&DS,4,Communication Skills,Week 2,50.0,8881044229
STU054,Ritika Reddy,3,3,B,AI&DS,4,Communication Skills,Week 3,100.0,8881044229
STU054,Ritika Reddy,3,3,B,AI&DS,4,Communication Skills,Week 4,100.0,8881044229
STU054,Ritika Reddy,1,2,B,AI&DS,4,Communication Skills,Week 5,50.0,8881044229
STU054,Ritika Reddy,2,2,B,AI&DS,4,Communication Skills,Week 6,100.0,8881044229
STU054,Ritika Reddy,3,3,B,AI&DS,4,Communication Skills,Week 7,100.0,8881044229
STU054,Ritika Reddy,2,2,B,AI&DS,4,Communication Skills,Week 8,100.0,8881044229
STU055,Isha Reddy,4,4,C,CSE,3,Maths,Week 1,100.0,9352468587
STU055,Isha Reddy,4,4,C,CSE,3,Maths,Week 2,100.0,9352468587
STU055,Isha Reddy,3,3,C,CSE,3,Maths,Week 3,100.0,9352468587
STU055,Isha Reddy,4,4,C,CSE,3,Maths,Week 4,100.0,9352468587
STU055,Isha Reddy,5,5,C,CSE,3,Maths,Week 5,100.0,9352468587
STU055,Isha Reddy,4,4,C,CSE,3,Maths,Week 6,100.0,9352468587
STU055,Isha Reddy,5,5,C,CSE,3,Maths,Week 7,100.0,9352468587
STU055,Isha Reddy,4,4,C,CSE,3,Maths,Week 8,100.0,9352468587
STU055,Isha Reddy,3,3,C,CSE,3,Python,Week 1,100.0,9352468587
STU055,Isha Reddy,3,3,C,CSE,3,Python,Week 2,100.0,9352468587
STU055,Isha Reddy,3,3,C,CSE,3,Python,Week 3,100.0,9352468587
STU055,Isha Reddy,2,3,C,CSE,3,Python,Week 4,66.67,9352468587
STU055,Isha Reddy,3,3,C,CSE,3,Python,Week 5,100.0,9352468587
STU055,Isha Reddy,3,3,C,CSE,3,Python,Week 6,100.0,9352468587
STU055,Isha Reddy,2,3,C,CSE,3,Python,Week 7,66.67,9352468587
STU055,Isha Reddy,3,3,C,CSE,3,Python,Week 8,100.0,9352468587
STU055,Isha Reddy,2,2,C,CSE,3,AI,Week 1,100.0,9352468587
STU055,Isha Reddy,3,3,C,CSE,3,AI,Week 2,100.0,9352468587
STU055,Isha Reddy,2,4,C,CSE,3,AI,Week 3,50.0,9352468587
STU055,Isha Reddy,4,4,C,CSE,3,AI,Week 4,100.0,9352468587
STU055,Isha Reddy,1,2,C,CSE,3,AI,Week 5,50.0,9352468587
STU055,Isha Reddy,2,2,C,CSE,3,AI,Week 6,100.0,9352468587
STU055,Isha Reddy,3,3,C,CSE,3,AI,Week 7,100.0,9352468587
STU055,Isha Reddy,1,3,C,CSE,3,AI,Week 8,33.33,9352468587
STU055,Isha Reddy,2,3,C,CSE,3,DSA,Week 1,66.67,9352468587
STU055,Isha Reddy,3,4,C,CSE,3,DSA,Week 2,75.0,9352468587
STU055,Isha Reddy,5,5,C,CSE,3,DSA,Week 3,100.0,9352468587
STU055,Isha Reddy,3,4,C,CSE,3,DSA,Week 4,75.0,9352468587
STU055,Isha Reddy,3,4,C,CSE,3,DSA,Week 5,75.0,9352468587
STU055,Isha Reddy,4,5,C,CSE,3,DSA,Week 6,80.0,9352468587
STU055,Isha Reddy,2,4,C,CSE,3,DSA,Week 7,50.0,9352468587
STU055,Isha Reddy,3,3,C,CSE,3,DSA,Week 8,100.0,9352468587
STU055,Isha Reddy,2,2,C,CSE,3,Code Lab,Week 1,100.0,9352468587
STU055,Isha Reddy,1,1,C,CSE,3,Code Lab,Week 2,100.0,9352468587
STU055,Isha Reddy,1,1,C,CSE,3,Code Lab,Week 3,100.0,9352468587
STU055,Isha Reddy,3,3,C,CSE,3,Code Lab,Week 4,100.0,9352468587
STU055,Isha Reddy,2,2,C,CSE,3,Code Lab,Week 5,100.0,9352468587
STU055,Isha Reddy,2,2,C,CSE,3,Code Lab,Week 6,100.0,9352468587
STU055,Isha Reddy,3,3,C,CSE,3,Code Lab,Week 7,100.0,9352468587
STU055,Isha Reddy,3,3,C,CSE,3,Code Lab,Week 8,100.0,9352468587
STU055,Isha Reddy,2,2,C,CSE,3,Communication Skills,Week 1,100.0,9352468587
STU055,Isha Reddy,1,1,C,CSE,3,Communication Skills,Week 2,100.0,9352468587
STU055,Isha Reddy,3,3,C,CSE,3,Communication Skills,Week 3,100.0,9352468587
STU055,Isha Reddy,2,2,C,CSE,3,Communication Skills,Week 4,100.0,9352468587
STU055,Isha Reddy,2,2,C,CSE,3,Communication Skills,Week 5,100.0,9352468587
STU055,Isha Reddy,2,2,C,CSE,3,Communication Skills,Week 6,100.0,9352468587
STU055,Isha Reddy,2,2,C,CSE,3,Communication Skills,Week 7,100.0,9352468587
STU055,Isha Reddy,2,3,C,CSE,3,Communication Skills,Week 8,66.67,9352468587
STU056,Priya Kapoor,3,4,C,ECE,5,Maths,Week 1,75.0,9729627019
STU056,Priya Kapoor,4,4,C,ECE,5,Maths,Week 2,100.0,9729627019
STU056,Priya Kapoor,2,4,C,ECE,5,Maths,Week 3,50.0,9729627019
STU056,Priya Kapoor,4,4,C,ECE,5,Maths,Week 4,100.0,9729627019
STU056,Priya Kapoor,5,5,C,ECE,5,Maths,Week 5,100.0,9729627019
STU056,Priya Kapoor,3,4,C,ECE,5,Maths,Week 6,75.0,9729627019
STU056,Priya Kapoor,4,4,C,ECE,5,Maths,Week 7,100.0,9729627019
STU056,Priya Kapoor,3,4,C,ECE,5,Maths,Week 8,75.0,9729627019
STU056,Priya Kapoor,3,4,C,ECE,5,Python,Week 1,75.0,9729627019
STU056,Priya Kapoor,2,2,C,ECE,5,Python,Week 2,100.0,9729627019
STU056,Priya Kapoor,2,2,C,ECE,5,Python,Week 3,100.0,9729627019
STU056,Priya Kapoor,3,3,C,ECE,5,Python,Week 4,100.0,9729627019
STU056,Priya Kapoor,2,2,C,ECE,5,Python,Week 5,100.0,9729627019
STU056,Priya Kapoor,1,3,C,ECE,5,Python,Week 6,33.33,9729627019
STU056,Priya Kapoor,3,3,C,ECE,5,Python,Week 7,100.0,9729627019
STU056,Priya Kapoor,3,3,C,ECE,5,Python,Week 8,100.0,9729627019
STU056,Priya Kapoor,2,3,C,ECE,5,AI,Week 1,66.67,9729627019
STU056,Priya Kapoor,3,4,C,ECE,5,AI,Week 2,75.0,9729627019
STU056,Priya Kapoor,2,3,C,ECE,5,AI,Week 3,66.67,9729627019
STU056,Priya Kapoor,2,2,C,ECE,5,AI,Week 4,100.0,9729627019
STU056,Priya Kapoor,1,3,C,ECE,5,AI,Week 5,33.33,9729627019
STU056,Priya Kapoor,1,2,C,ECE,5,AI,Week 6,50.0,9729627019
STU056,Priya Kapoor,3,4,C,ECE,5,AI,Week 7,75.0,9729627019
STU056,Priya Kapoor,3,3,C,ECE,5,AI,Week 8,100.0,9729627019
STU056,Priya Kapoor,3,4,C,ECE,5,DSA,Week 1,75.0,9729627019
STU056,Priya Kapoor,4,4,C,ECE,5,DSA,Week 2,100.0,9729627019
STU056,Priya Kapoor,4,4,C,ECE,5,DSA,Week 3,100.0,9729627019
STU056,Priya Kapoor,4,5,C,ECE,5,DSA,Week 4,80.0,9729627019
STU056,Priya Kapoor,3,4,C,ECE,5,DSA,Week 5,75.0,9729627019
STU056,Priya Kapoor,3,4,C,ECE,5,DSA,Week 6,75.0,9729627019
STU056,Priya Kapoor,3,4,C,ECE,5,DSA,Week 7,75.0,9729627019
STU056,Priya Kapoor,2,4,C,ECE,5,DSA,Week 8,50.0,9729627019
STU056,Priya Kapoor,2,2,C,ECE,5,Code Lab,Week 1,100.0,9729627019
STU056,Priya Kapoor,1,1,C,ECE,5,Code Lab,Week 2,100.0,9729627019
STU056,Priya Kapoor,2,3,C,ECE,5,Code Lab,Week 3,66.67,9729627019
STU056,Priya Kapoor,1,1,C,ECE,5,Code Lab,Week 4,100.0,9729627019
STU056,Priya Kapoor,1,2,C,ECE,5,Code Lab,Week 5,50.0,9729627019
STU056,Priya Kapoor,1,1,C,ECE,5,Code Lab,Week 6,100.0,9729627019
STU056,Priya Kapoor,3,3,C,ECE,5,Code Lab,Week 7,100.0,9729627019
STU056,Priya Kapoor,0,1,C,ECE,5,Code Lab,Week 8,0.0,9729627019
STU056,Priya Kapoor,2,2,C,ECE,5,Communication Skills,Week 1,100.0,9729627019
STU056,Priya Kapoor,2,2,C,ECE,5,Communication Skills,Week 2,100.0,9729627019
STU056,Priya Kapoor,2,3,C,ECE,5,Communication Skills,Week 3,66.67,9729627019
STU056,Priya Kapoor,2,2,C,ECE,5,Communication Skills,Week 4,100.0,9729627019
STU056,Priya Kapoor,3,3,C,ECE,5,Communication Skills,Week 5,100.0,9729627019
STU056,Priya Kapoor,3,3,C,ECE,5,Communication Skills,Week 6,100.0,9729627019
STU056,Priya Kapoor,1,2,C,ECE,5,Communication Skills,Week 7,50.0,9729627019
STU056,Priya Kapoor,1,1,C,ECE,5,Communication Skills,Week 8,100.0,9729627019
STU057,Simran Patel,4,4,A,CSE,4,Maths,Week 1,100.0,7623403479
STU057,Simran Patel,3,4,A,CSE,4,Maths,Week 2,75.0,7623403479
STU057,Simran Patel,4,4,A,CSE,4,Maths,Week 3,100.0,7623403479
STU057,Simran Patel,4,4,A,CSE,4,Maths,Week 4,100.0,7623403479
STU057,Simran Patel,4,4,A,CSE,4,Maths,Week 5,100.0,7623403479
STU057,Simran Patel,3,4,A,CSE,4,Maths,Week 6,75.0,7623403479
STU057,Simran Patel,3,5,A,CSE,4,Maths,Week 7,60.0,7623403479
STU057,Simran Patel,2,3,A,CSE,4,Maths,Week 8,66.67,7623403479
STU057,Simran Patel,2,4,A,CSE,4,Python,Week 1,50.0,7623403479
STU057,Simran Patel,2,4,A,CSE,4,Python,Week 2,50.0,7623403479
STU057,Simran Patel,1,3,A,CSE,4,Python,Week 3,33.33,7623403479
STU057,Simran Patel,3,3,A,CSE,4,Python,Week 4,100.0,7623403479
STU057,Simran Patel,2,2,A,CSE,4,Python,Week 5,100.0,7623403479
STU057,Simran Patel,1,3,A,CSE,4,Python,Week 6,33.33,7623403479
STU057,Simran Patel,4,4,A,CSE,4,Python,Week 7,100.0,7623403479
STU057,Simran Patel,1,2,A,CSE,4,Python,Week 8,50.0,7623403479
STU057,Simran Patel,3,3,A,CSE,4,AI,Week 1,100.0,7623403479
STU057,Simran Patel,4,4,A,CSE,4,AI,Week 2,100.0,7623403479
STU057,Simran Patel,2,3,A,CSE,4,AI,Week 3,66.67,7623403479
STU057,Simran Patel,3,4,A,CSE,4,AI,Week 4,75.0,7623403479
STU057,Simran Patel,2,3,A,CSE,4,AI,Week 5,66.67,7623403479
STU057,Simran Patel,2,3,A,CSE,4,AI,Week 6,66.67,7623403479
STU057,Simran Patel,1,4,A,CSE,4,AI,Week 7,25.0,7623403479
STU057,Simran Patel,3,3,A,CSE,4,AI,Week 8,100.0,7623403479
STU057,Simran Patel,2,4,A,CSE,4,DSA,Week 1,50.0,7623403479
STU057,Simran Patel,3,4,A,CSE,4,DSA,Week 2,75.0,7623403479
STU057,Simran Patel,4,4,A,CSE,4,DSA,Week 3,100.0,7623403479
STU057,Simran Patel,3,4,A,CSE,4,DSA,Week 4,75.0,7623403479
STU057,Simran Patel,1,4,A,CSE,4,DSA,Week 5,25.0,7623403479
STU057,Simran Patel,4,4,A,CSE,4,DSA,Week 6,100.0,7623403479
STU057,Simran Patel,2,3,A,CSE,4,DSA,Week 7,66.67,7623403479
STU057,Simran Patel,3,3,A,CSE,4,DSA,Week 8,100.0,7623403479
STU057,Simran Patel,1,2,A,CSE,4,Code Lab,Week 1,50.0,7623403479
STU057,Simran Patel,2,2,A,CSE,4,Code Lab,Week 2,100.0,7623403479
STU057,Simran Patel,2,2,A,CSE,4,Code Lab,Week 3,100.0,7623403479
STU057,Simran Patel,1,1,A,CSE,4,Code Lab,Week 4,100.0,7623403479
STU057,Simran Patel,2,2,A,CSE,4,Code Lab,Week 5,100.0,7623403479
STU057,Simran Patel,2,2,A,CSE,4,Code Lab,Week 6,100.0,7623403479
STU057,Simran Patel,1,1,A,CSE,4,Code Lab,Week 7,100.0,7623403479
STU057,Simran Patel,2,3,A,CSE,4,Code Lab,Week 8,66.67,7623403479
STU057,Simran Patel,1,2,A,CSE,4,Communication Skills,Week 1,50.0,7623403479
STU057,Simran Patel,2,3,A,CSE,4,Communication Skills,Week 2,66.67,7623403479
STU057,Simran Patel,1,1,A,CSE,4,Communication Skills,Week 3,100.0,7623403479
STU057,Simran Patel,2,2,A,CSE,4,Communication Skills,Week 4,100.0,7623403479
STU057,Simran Patel,2,2,A,CSE,4,Communication Skills,Week 5,100.0,7623403479
STU057,Simran Patel,1,3,A,CSE,4,Communication Skills,Week 6,33.33,7623403479
STU057,Simran Patel,1,3,A,CSE,4,Communication Skills,Week 7,33.33,7623403479
STU057,Simran Patel,2,2,A,CSE,4,Communication Skills,Week 8,100.0,7623403479
STU058,Pooja Sharma,3,4,C,CSE,4,Maths,Week 1,75.0,8782269302
STU058,Pooja Sharma,2,4,C,CSE,4,Maths,Week 2,50.0,8782269302
STU058,Pooja Sharma,3,3,C,CSE,4,Maths,Week 3,100.0,8782269302
STU058,Pooja Sharma,4,5,C,CSE,4,Maths,Week 4,80.0,8782269302
STU058,Pooja Sharma,2,3,C,CSE,4,Maths,Week 5,66.67,8782269302
STU058,Pooja Sharma,3,4,C,CSE,4,Maths,Week 6,75.0,8782269302
STU058,Pooja Sharma,4,4,C,CSE,4,Maths,Week 7,100.0,8782269302
STU058,Pooja Sharma,2,3,C,CSE,4,Maths,Week 8,66.67,8782269302
STU058,Pooja Sharma,3,4,C,CSE,4,Python,Week 1,75.0,8782269302
STU058,Pooja Sharma,3,3,C,CSE,4,Python,Week 2,100.0,8782269302
STU058,Pooja Sharma,1,3,C,CSE,4,Python,Week 3,33.33,8782269302
STU058,Pooja Sharma,1,4,C,CSE,4,Python,Week 4,25.0,8782269302
STU058,Pooja Sharma,3,4,C,CSE,4,Python,Week 5,75.0,8782269302
STU058,Pooja Sharma,4,4,C,CSE,4,Python,Week 6,100.0,8782269302
STU058,Pooja Sharma,2,3,C,CSE,4,Python,Week 7,66.67,8782269302
STU058,Pooja Sharma,1,2,C,CSE,4,Python,Week 8,50.0,8782269302
STU058,Pooja Sharma,3,3,C,CSE,4,AI,Week 1,100.0,8782269302
STU058,Pooja Sharma,4,4,C,CSE,4,AI,Week 2,100.0,8782269302
STU058,Pooja Sharma,2,3,C,CSE,4,AI,Week 3,66.67,8782269302
STU058,Pooja Sharma,2,3,C,CSE,4,AI,Week 4,66.67,8782269302
STU058,Pooja Sharma,2,3,C,CSE,4,AI,Week 5,66.67,8782269302
STU058,Pooja Sharma,2,3,C,CSE,4,AI,Week 6,66.67,8782269302
STU058,Pooja Sharma,3,3,C,CSE,4,AI,Week 7,100.0,8782269302
STU058,Pooja Sharma,3,3,C,CSE,4,AI,Week 8,100.0,8782269302
STU058,Pooja Sharma,2,3,C,CSE,4,DSA,Week 1,66.67,8782269302
STU058,Pooja Sharma,4,4,C,CSE,4,DSA,Week 2,100.0,8782269302
STU058,Pooja Sharma,2,5,C,CSE,4,DSA,Week 3,40.0,8782269302
STU058,Pooja Sharma,3,4,C,CSE,4,DSA,Week 4,75.0,8782269302
STU058,Pooja Sharma,3,3,C,CSE,4,DSA,Week 5,100.0,8782269302
STU058,Pooja Sharma,3,4,C,CSE,4,DSA,Week 6,75.0,8782269302
STU058,Pooja Sharma,2,4,C,CSE,4,DSA,Week 7,50.0,8782269302
STU058,Pooja Sharma,2,4,C,CSE,4,DSA,Week 8,50.0,8782269302
STU058,Pooja Sharma,1,3,C,CSE,4,Code Lab,Week 1,33.33,8782269302
STU058,Pooja Sharma,1,2,C,CSE,4,Code Lab,Week 2,50.0,8782269302
STU058,Pooja Sharma,2,2,C,CSE,4,Code Lab,Week 3,100.0,8782269302
STU058,Pooja Sharma,2,2,C,CSE,4,Code Lab,Week 4,100.0,8782269302
STU058,Pooja Sharma,0,1,C,CSE,4,Code Lab,Week 5,0.0,8782269302
STU058,Pooja Sharma,1,1,C,CSE,4,Code Lab,Week 6,100.0,8782269302
STU058,Pooja Sharma,3,3,C,CSE,4,Code Lab,Week 7,100.0,8782269302
STU058,Pooja Sharma,2,2,C,CSE,4,Code Lab,Week 8,100.0,8782269302
STU058,Pooja Sharma,1,1,C,CSE,4,Communication Skills,Week 1,100.0,8782269302
STU058,Pooja Sharma,3,3,C,CSE,4,Communication Skills,Week 2,100.0,8782269302
STU058,Pooja Sharma,2,3,C,CSE,4,Communication Skills,Week 3,66.67,8782269302
STU058,Pooja Sharma,2,2,C,CSE,4,Communication Skills,Week 4,100.0,8782269302
STU058,Pooja Sharma,3,3,C,CSE,4,Communication Skills,Week 5,100.0,8782269302
STU058,Pooja Sharma,2,2,C,CSE,4,Communication Skills,Week 6,100.0,8782269302
STU058,Pooja Sharma,1,2,C,CSE,4,Communication Skills,Week 7,50.0,8782269302
STU058,Pooja Sharma,1,3,C,CSE,4,Communication Skills,Week 8,33.33,8782269302
STU059,Deepak Iyer,1,3,C,IT,3,Maths,Week 1,33.33,8047659674
STU059,Deepak Iyer,0,4,C,IT,3,Maths,Week 2,0.0,8047659674
STU059,Deepak Iyer,3,4,C,IT,3,Maths,Week 3,75.0,8047659674
STU059,Deepak Iyer,3,5,C,IT,3,Maths,Week 4,60.0,8047659674
STU059,Deepak Iyer,1,3,C,IT,3,Maths,Week 5,33.33,8047659674
STU059,Deepak Iyer,1,3,C,IT,3,Maths,Week 6,33.33,8047659674
STU059,Deepak Iyer,3,4,C,IT,3,Maths,Week 7,75.0,8047659674
STU059,Deepak Iyer,3,4,C,IT,3,Maths,Week 8,75.0,8047659674
STU059,Deepak Iyer,1,3,C,IT,3,Python,Week 1,33.33,8047659674
STU059,Deepak Iyer,2,3,C,IT,3,Python,Week 2,66.67,8047659674
STU059,Deepak Iyer,0,3,C,IT,3,Python,Week 3,0.0,8047659674
STU059,Deepak Iyer,3,3,C,IT,3,Python,Week 4,100.0,8047659674
STU059,Deepak Iyer,3,3,C,IT,3,Python,Week 5,100.0,8047659674
STU059,Deepak Iyer,2,2,C,IT,3,Python,Week 6,100.0,8047659674
STU059,Deepak Iyer,2,3,C,IT,3,Python,Week 7,66.67,8047659674
STU059,Deepak Iyer,2,2,C,IT,3,Python,Week 8,100.0,8047659674
STU059,Deepak Iyer,0,3,C,IT,3,AI,Week 1,0.0,8047659674
STU059,Deepak Iyer,0,3,C,IT,3,AI,Week 2,0.0,8047659674
STU059,Deepak Iyer,0,2,C,IT,3,AI,Week 3,0.0,8047659674
STU059,Deepak Iyer,3,4,C,IT,3,AI,Week 4,75.0,8047659674
STU059,Deepak Iyer,3,3,C,IT,3,AI,Week 5,100.0,8047659674
STU059,Deepak Iyer,2,2,C,IT,3,AI,Week 6,100.0,8047659674
STU059,Deepak Iyer,3,3,C,IT,3,AI,Week 7,100.0,8047659674
STU059,Deepak Iyer,4,4,C,IT,3,AI,Week 8,100.0,8047659674
STU059,Deepak Iyer,2,4,C,IT,3,DSA,Week 1,50.0,8047659674
STU059,Deepak Iyer,3,4,C,IT,3,DSA,Week 2,75.0,8047659674
STU059,Deepak Iyer,3,4,C,IT,3,DSA,Week 3,75.0,8047659674
STU059,Deepak Iyer,1,3,C,IT,3,DSA,Week 4,33.33,8047659674
STU059,Deepak Iyer,1,3,C,IT,3,DSA,Week 5,33.33,8047659674
STU059,Deepak Iyer,4,4,C,IT,3,DSA,Week 6,100.0,8047659674
STU059,Deepak Iyer,2,4,C,IT,3,DSA,Week 7,50.0,8047659674
STU059,Deepak Iyer,2,3,C,IT,3,DSA,Week 8,66.67,8047659674
STU059,Deepak Iyer,1,2,C,IT,3,Code Lab,Week 1,50.0,8047659674
STU059,Deepak Iyer,1,2,C,IT,3,Code Lab,Week 2,50.0,8047659674
STU059,Deepak Iyer,2,2,C,IT,3,Code Lab,Week 3,100.0,8047659674
STU059,Deepak Iyer,2,3,C,IT,3,Code Lab,Week 4,66.67,8047659674
STU059,Deepak Iyer,1,1,C,IT,3,Code Lab,Week 5,100.0,8047659674
STU059,Deepak Iyer,1,2,C,IT,3,Code Lab,Week 6,50.0,8047659674
STU059,Deepak Iyer,2,2,C,IT,3,Code Lab,Week 7,100.0,8047659674
STU059,Deepak Iyer,1,2,C,IT,3,Code Lab,Week 8,50.0,8047659674
STU059,Deepak Iyer,0,2,C,IT,3,Communication Skills,Week 1,0.0,8047659674
STU059,Deepak Iyer,0,2,C,IT,3,Communication Skills,Week 2,0.0,8047659674
STU059,Deepak Iyer,1,2,C,IT,3,Communication Skills,Week 3,50.0,8047659674
STU059,Deepak Iyer,2,2,C,IT,3,Communication Skills,Week 4,100.0,8047659674
STU059,Deepak Iyer,2,2,C,IT,3,Communication Skills,Week 5,100.0,8047659674
STU059,Deepak Iyer,2,2,C,IT,3,Communication Skills,Week 6,100.0,8047659674
STU059,Deepak Iyer,2,2,C,IT,3,Communication Skills,Week 7,100.0,8047659674
STU059,Deepak Iyer,2,3,C,IT,3,Communication Skills,Week 8,66.67,8047659674
STU060,Aditi Menon,3,5,B,ECE,3,Maths,Week 1,60.0,8669108025
STU060,Aditi Menon,3,4,B,ECE,3,Maths,Week 2,75.0,8669108025
STU060,Aditi Menon,3,3,B,ECE,3,Maths,Week 3,100.0,8669108025
STU060,Aditi Menon,2,4,B,ECE,3,Maths,Week 4,50.0,8669108025
STU060,Aditi Menon,4,5,B,ECE,3,Maths,Week 5,80.0,8669108025
STU060,Aditi Menon,3,4,B,ECE,3,Maths,Week 6,75.0,8669108025
STU060,Aditi Menon,2,5,B,ECE,3,Maths,Week 7,40.0,8669108025
STU060,Aditi Menon,2,5,B,ECE,3,Maths,Week 8,40.0,8669108025
STU060,Aditi Menon,2,3,B,ECE,3,Python,Week 1,66.67,8669108025
STU060,Aditi Menon,2,3,B,ECE,3,Python,Week 2,66.67,8669108025
STU060,Aditi Menon,1,3,B,ECE,3,Python,Week 3,33.33,8669108025
STU060,Aditi Menon,1,2,B,ECE,3,Python,Week 4,50.0,8669108025
STU060,Aditi Menon,0,3,B,ECE,3,Python,Week 5,0.0,8669108025
STU060,Aditi Menon,3,3,B,ECE,3,Python,Week 6,100.0,8669108025
STU060,Aditi Menon,1,2,B,ECE,3,Python,Week 7,50.0,8669108025
STU060,Aditi Menon,2,3,B,ECE,3,Python,Week 8,66.67,8669108025
STU060,Aditi Menon,2,3,B,ECE,3,AI,Week 1,66.67,8669108025
STU060,Aditi Menon,3,4,B,ECE,3,AI,Week 2,75.0,8669108025
STU060,Aditi Menon,0,2,B,ECE,3,AI,Week 3,0.0,8669108025
STU060,Aditi Menon,1,4,B,ECE,3,AI,Week 4,25.0,8669108025
STU060,Aditi Menon,2,3,B,ECE,3,AI,Week 5,66.67,8669108025
STU060,Aditi Menon,3,3,B,ECE,3,AI,Week 6,100.0,8669108025
STU060,Aditi Menon,3,3,B,ECE,3,AI,Week 7,100.0,8669108025
STU060,Aditi Menon,0,2,B,ECE,3,AI,Week 8,0.0,8669108025
STU060,Aditi Menon,1,5,B,ECE,3,DSA,Week 1,20.0,8669108025
STU060,Aditi Menon,0,4,B,ECE,3,DSA,Week 2,0.0,8669108025
STU060,Aditi Menon,2,4,B,ECE,3,DSA,Week 3,50.0,8669108025
STU060,Aditi Menon,2,4,B,ECE,3,DSA,Week 4,50.0,8669108025
STU060,Aditi Menon,1,5,B,ECE,3,DSA,Week 5,20.0,8669108025
STU060,Aditi Menon,1,3,B,ECE,3,DSA,Week 6,33.33,8669108025
STU060,Aditi Menon,3,4,B,ECE,3,DSA,Week 7,75.0,8669108025
STU060,Aditi Menon,2,4,B,ECE,3,DSA,Week 8,50.0,8669108025
STU060,Aditi Menon,1,1,B,ECE,3,Code Lab,Week 1,100.0,8669108025
STU060,Aditi Menon,1,2,B,ECE,3,Code Lab,Week 2,50.0,8669108025
STU060,Aditi Menon,2,3,B,ECE,3,Code Lab,Week 3,66.67,8669108025
STU060,Aditi Menon,0,2,B,ECE,3,Code Lab,Week 4,0.0,8669108025
STU060,Aditi Menon,1,2,B,ECE,3,Code Lab,Week 5,50.0,8669108025
STU060,Aditi Menon,1,3,B,ECE,3,Code Lab,Week 6,33.33,8669108025
STU060,Aditi Menon,1,2,B,ECE,3,Code Lab,Week 7,50.0,8669108025
STU060,Aditi Menon,2,2,B,ECE,3,Code Lab,Week 8,100.0,8669108025
STU060,Aditi Menon,0,2,B,ECE,3,Communication Skills,Week 1,0.0,8669108025
STU060,Aditi Menon,1,2,B,ECE,3,Communication Skills,Week 2,50.0,8669108025
STU060,Aditi Menon,1,2,B,ECE,3,Communication Skills,Week 3,50.0,8669108025
STU060,Aditi Menon,2,3,B,ECE,3,Communication Skills,Week 4,66.67,8669108025
STU060,Aditi Menon,0,1,B,ECE,3,Communication Skills,Week 5,0.0,8669108025
STU060,Aditi Menon,1,1,B,ECE,3,Communication Skills,Week 6,100.0,8669108025
STU060,Aditi Menon,1,1,B,ECE,3,Communication Skills,Week 7,100.0,8669108025
STU060,Aditi Menon,1,2,B,ECE,3,Communication Skills,Week 8,50.0,8669108025
STU061,Vikram Joshi,5,5,B,MECH,5,Maths,Week 1,100.0,9350236225
STU061,Vikram Joshi,2,4,B,MECH,5,Maths,Week 2,50.0,9350236225
STU061,Vikram Joshi,0,3,B,MECH,5,Maths,Week 3,0.0,9350236225
STU061,Vikram Joshi,1,3,B,MECH,5,Maths,Week 4,33.33,9350236225
STU061,Vikram Joshi,2,4,B,MECH,5,Maths,Week 5,50.0,9350236225
STU061,Vikram Joshi,0,4,B,MECH,5,Maths,Week 6,0.0,9350236225
STU061,Vikram Joshi,3,5,B,MECH,5,Maths,Week 7,60.0,9350236225
STU061,Vikram Joshi,2,4,B,MECH,5,Maths,Week 8,50.0,9350236225
STU061,Vikram Joshi,3,3,B,MECH,5,Python,Week 1,100.0,9350236225
STU061,Vikram Joshi,3,3,B,MECH,5,Python,Week 2,100.0,9350236225
STU061,Vikram Joshi,3,3,B,MECH,5,Python,Week 3,100.0,9350236225
STU061,Vikram Joshi,2,3,B,MECH,5,Python,Week 4,66.67,9350236225
STU061,Vikram Joshi,1,3,B,MECH,5,Python,Week 5,33.33,9350236225
STU061,Vikram Joshi,3,4,B,MECH,5,Python,Week 6,75.0,9350236225
STU061,Vikram Joshi,2,2,B,MECH,5,Python,Week 7,100.0,9350236225
STU061,Vikram Joshi,1,3,B,MECH,5,Python,Week 8,33.33,9350236225
STU061,Vikram Joshi,2,2,B,MECH,5,AI,Week 1,100.0,9350236225
STU061,Vikram Joshi,2,3,B,MECH,5,AI,Week 2,66.67,9350236225
STU061,Vikram Joshi,3,3,B,MECH,5,AI,Week 3,100.0,9350236225
STU061,Vikram Joshi,3,3,B,MECH,5,AI,Week 4,100.0,9350236225
STU061,Vikram Joshi,1,3,B,MECH,5,AI,Week 5,33.33,9350236225
STU061,Vikram Joshi,3,3,B,MECH,5,AI,Week 6,100.0,9350236225
STU061,Vikram Joshi,0,3,B,MECH,5,AI,Week 7,0.0,9350236225
STU061,Vikram Joshi,0,2,B,MECH,5,AI,Week 8,0.0,9350236225
STU061,Vikram Joshi,2,3,B,MECH,5,DSA,Week 1,66.67,9350236225
STU061,Vikram Joshi,0,4,B,MECH,5,DSA,Week 2,0.0,9350236225
STU061,Vikram Joshi,3,5,B,MECH,5,DSA,Week 3,60.0,9350236225
STU061,Vikram Joshi,2,4,B,MECH,5,DSA,Week 4,50.0,9350236225
STU061,Vikram Joshi,2,4,B,MECH,5,DSA,Week 5,50.0,9350236225
STU061,Vikram Joshi,4,4,B,MECH,5,DSA,Week 6,100.0,9350236225
STU061,Vikram Joshi,1,4,B,MECH,5,DSA,Week 7,25.0,9350236225
STU061,Vikram Joshi,2,4,B,MECH,5,DSA,Week 8,50.0,9350236225
STU061,Vikram Joshi,1,2,B,MECH,5,Code Lab,Week 1,50.0,9350236225
STU061,Vikram Joshi,0,2,B,MECH,5,Code Lab,Week 2,0.0,9350236225
STU061,Vikram Joshi,1,2,B,MECH,5,Code Lab,Week 3,50.0,9350236225
STU061,Vikram Joshi,0,2,B,MECH,5,Code Lab,Week 4,0.0,9350236225
STU061,Vikram Joshi,0,2,B,MECH,5,Code Lab,Week 5,0.0,9350236225
STU061,Vikram Joshi,0,1,B,MECH,5,Code Lab,Week 6,0.0,9350236225
STU061,Vikram Joshi,2,2,B,MECH,5,Code Lab,Week 7,100.0,9350236225
STU061,Vikram Joshi,2,3,B,MECH,5,Code Lab,Week 8,66.67,9350236225
STU061,Vikram Joshi,1,2,B,MECH,5,Communication Skills,Week 1,50.0,9350236225
STU061,Vikram Joshi,2,2,B,MECH,5,Communication Skills,Week 2,100.0,9350236225
STU061,Vikram Joshi,1,2,B,MECH,5,Communication Skills,Week 3,50.0,9350236225
STU061,Vikram Joshi,1,2,B,MECH,5,Communication Skills,Week 4,50.0,9350236225
STU061,Vikram Joshi,2,2,B,MECH,5,Communication Skills,Week 5,100.0,9350236225
STU061,Vikram Joshi,0,1,B,MECH,5,Communication Skills,Week 6,0.0,9350236225
STU061,Vikram Joshi,1,2,B,MECH,5,Communication Skills,Week 7,50.0,9350236225
STU061,Vikram Joshi,2,3,B,MECH,5,Communication Skills,Week 8,66.67,9350236225
STU062,Riya Nair,3,4,B,AI&DS,5,Maths,Week 1,75.0,9727264603
STU062,Riya Nair,3,5,B,AI&DS,5,Maths,Week 2,60.0,9727264603
STU062,Riya Nair,3,4,B,AI&DS,5,Maths,Week 3,75.0,9727264603
STU062,Riya Nair,4,5,B,AI&DS,5,Maths,Week 4,80.0,9727264603
STU062,Riya Nair,4,4,B,AI&DS,5,Maths,Week 5,100.0,9727264603
STU062,Riya Nair,4,4,B,AI&DS,5,Maths,Week 6,100.0,9727264603
STU062,Riya Nair,3,5,B,AI&DS,5,Maths,Week 7,60.0,9727264603
STU062,Riya Nair,3,4,B,AI&DS,5,Maths,Week 8,75.0,9727264603
STU062,Riya Nair,2,3,B,AI&DS,5,Python,Week 1,66.67,9727264603
STU062,Riya Nair,0,3,B,AI&DS,5,Python,Week 2,0.0,9727264603
STU062,Riya Nair,1,2,B,AI&DS,5,Python,Week 3,50.0,9727264603
STU062,Riya Nair,2,3,B,AI&DS,5,Python,Week 4,66.67,9727264603
STU062,Riya Nair,2,3,B,AI&DS,5,Python,Week 5,66.67,9727264603
STU062,Riya Nair,3,3,B,AI&DS,5,Python,Week 6,100.0,9727264603
STU062,Riya Nair,4,4,B,AI&DS,5,Python,Week 7,100.0,9727264603
STU062,Riya Nair,2,3,B,AI&DS,5,Python,Week 8,66.67,9727264603
STU062,Riya Nair,2,4,B,AI&DS,5,AI,Week 1,50.0,9727264603
STU062,Riya Nair,1,3,B,AI&DS,5,AI,Week 2,33.33,9727264603
STU062,Riya Nair,1,2,B,AI&DS,5,AI,Week 3,50.0,9727264603
STU062,Riya Nair,3,3,B,AI&DS,5,AI,Week 4,100.0,9727264603
STU062,Riya Nair,2,3,B,AI&DS,5,AI,Week 5,66.67,9727264603
STU062,Riya Nair,2,3,B,AI&DS,5,AI,Week 6,66.67,9727264603
STU062,Riya Nair,4,4,B,AI&DS,5,AI,Week 7,100.0,9727264603
STU062,Riya Nair,2,2,B,AI&DS,5,AI,Week 8,100.0,9727264603
STU062,Riya Nair,3,4,B,AI&DS,5,DSA,Week 1,75.0,9727264603
STU062,Riya Nair,1,3,B,AI&DS,5,DSA,Week 2,33.33,9727264603
STU062,Riya Nair,4,5,B,AI&DS,5,DSA,Week 3,80.0,9727264603
STU062,Riya Nair,2,3,B,AI&DS,5,DSA,Week 4,66.67,9727264603
STU062,Riya Nair,4,5,B,AI&DS,5,DSA,Week 5,80.0,9727264603
STU062,Riya Nair,4,5,B,AI&DS,5,DSA,Week 6,80.0,9727264603
STU062,Riya Nair,4,4,B,AI&DS,5,DSA,Week 7,100.0,9727264603
STU062,Riya Nair,5,5,B,AI&DS,5,DSA,Week 8,100.0,9727264603
STU062,Riya Nair,2,2,B,AI&DS,5,Code Lab,Week 1,100.0,9727264603
STU062,Riya Nair,1,1,B,AI&DS,5,Code Lab,Week 2,100.0,9727264603
STU062,Riya Nair,2,2,B,AI&DS,5,Code Lab,Week 3,100.0,9727264603
STU062,Riya Nair,1,2,B,AI&DS,5,Code Lab,Week 4,50.0,9727264603
STU062,Riya Nair,1,2,B,AI&DS,5,Code Lab,Week 5,50.0,9727264603
STU062,Riya Nair,1,2,B,AI&DS,5,Code Lab,Week 6,50.0,9727264603
STU062,Riya Nair,2,2,B,AI&DS,5,Code Lab,Week 7,100.0,9727264603
STU062,Riya Nair,1,1,B,AI&DS,5,Code Lab,Week 8,100.0,9727264603
STU062,Riya Nair,1,1,B,AI&DS,5,Communication Skills,Week 1,100.0,9727264603
STU062,Riya Nair,1,2,B,AI&DS,5,Communication Skills,Week 2,50.0,9727264603
STU062,Riya Nair,3,3,B,AI&DS,5,Communication Skills,Week 3,100.0,9727264603
STU062,Riya Nair,2,2,B,AI&DS,5,Communication Skills,Week 4,100.0,9727264603
STU062,Riya Nair,1,2,B,AI&DS,5,Communication Skills,Week 5,50.0,9727264603
STU062,Riya Nair,1,2,B,AI&DS,5,Communication Skills,Week 6,50.0,9727264603
STU062,Riya Nair,3,3,B,AI&DS,5,Communication Skills,Week 7,100.0,9727264603
STU062,Riya Nair,3,3,B,AI&DS,5,Communication Skills,Week 8,100.0,9727264603
STU063,Sanjay Joshi,4,4,C,IT,3,Maths,Week 1,100.0,8308071259
STU063,Sanjay Joshi,2,3,C,IT,3,Maths,Week 2,66.67,8308071259
STU063,Sanjay Joshi,4,4,C,IT,3,Maths,Week 3,100.0,8308071259
STU063,Sanjay Joshi,4,5,C,IT,3,Maths,Week 4,80.0,8308071259
STU063,Sanjay Joshi,4,4,C,IT,3,Maths,Week 5,100.0,8308071259
STU063,Sanjay Joshi,4,4,C,IT,3,Maths,Week 6,100.0,8308071259
STU063,Sanjay Joshi,4,4,C,IT,3,Maths,Week 7,100.0,8308071259
STU063,Sanjay Joshi,2,4,C,IT,3,Maths,Week 8,50.0,8308071259
STU063,Sanjay Joshi,2,4,C,IT,3,Python,Week 1,50.0,8308071259
STU063,Sanjay Joshi,3,3,C,IT,3,Python,Week 2,100.0,8308071259
STU063,Sanjay Joshi,2,2,C,IT,3,Python,Week 3,100.0,8308071259
STU063,Sanjay Joshi,2,2,C,IT,3,Python,Week 4,100.0,8308071259
STU063,Sanjay Joshi,3,3,C,IT,3,Python,Week 5,100.0,8308071259
STU063,Sanjay Joshi,3,3,C,IT,3,Python,Week 6,100.0,8308071259
STU063,Sanjay Joshi,3,3,C,IT,3,Python,Week 7,100.0,8308071259
STU063,Sanjay Joshi,3,3,C,IT,3,Python,Week 8,100.0,8308071259
STU063,Sanjay Joshi,4,4,C,IT,3,AI,Week 1,100.0,8308071259
STU063,Sanjay Joshi,3,3,C,IT,3,AI,Week 2,100.0,8308071259
STU063,Sanjay Joshi,2,2,C,IT,3,AI,Week 3,100.0,8308071259
STU063,Sanjay Joshi,4,4,C,IT,3,AI,Week 4,100.0,8308071259
STU063,Sanjay Joshi,3,3,C,IT,3,AI,Week 5,100.0,8308071259
STU063,Sanjay Joshi,2,2,C,IT,3,AI,Week 6,100.0,8308071259
STU063,Sanjay Joshi,3,3,C,IT,3,AI,Week 7,100.0,8308071259
STU063,Sanjay Joshi,2,2,C,IT,3,AI,Week 8,100.0,8308071259
STU063,Sanjay Joshi,4,4,C,IT,3,DSA,Week 1,100.0,8308071259
STU063,Sanjay Joshi,4,4,C,IT,3,DSA,Week 2,100.0,8308071259
STU063,Sanjay Joshi,4,5,C,IT,3,DSA,Week 3,80.0,8308071259
STU063,Sanjay Joshi,3,4,C,IT,3,DSA,Week 4,75.0,8308071259
STU063,Sanjay Joshi,4,4,C,IT,3,DSA,Week 5,100.0,8308071259
STU063,Sanjay Joshi,4,4,C,IT,3,DSA,Week 6,100.0,8308071259
STU063,Sanjay Joshi,3,3,C,IT,3,DSA,Week 7,100.0,8308071259
STU063,Sanjay Joshi,4,4,C,IT,3,DSA,Week 8,100.0,8308071259
STU063,Sanjay Joshi,2,2,C,IT,3,Code Lab,Week 1,100.0,8308071259
STU063,Sanjay Joshi,2,2,C,IT,3,Code Lab,Week 2,100.0,8308071259
STU063,Sanjay Joshi,2,2,C,IT,3,Code Lab,Week 3,100.0,8308071259
STU063,Sanjay Joshi,3,3,C,IT,3,Code Lab,Week 4,100.0,8308071259
STU063,Sanjay Joshi,3,3,C,IT,3,Code Lab,Week 5,100.0,8308071259
STU063,Sanjay Joshi,2,3,C,IT,3,Code Lab,Week 6,66.67,8308071259
STU063,Sanjay Joshi,1,1,C,IT,3,Code Lab,Week 7,100.0,8308071259
STU063,Sanjay Joshi,1,2,C,IT,3,Code Lab,Week 8,50.0,8308071259
STU063,Sanjay Joshi,2,2,C,IT,3,Communication Skills,Week 1,100.0,8308071259
STU063,Sanjay Joshi,1,1,C,IT,3,Communication Skills,Week 2,100.0,8308071259
STU063,Sanjay Joshi,2,2,C,IT,3,Communication Skills,Week 3,100.0,8308071259
STU063,Sanjay Joshi,2,2,C,IT,3,Communication Skills,Week 4,100.0,8308071259
STU063,Sanjay Joshi,2,2,C,IT,3,Communication Skills,Week 5,100.0,8308071259
STU063,Sanjay Joshi,3,3,C,IT,3,Communication Skills,Week 6,100.0,8308071259
STU063,Sanjay Joshi,2,2,C,IT,3,Communication Skills,Week 7,100.0,8308071259
STU063,Sanjay Joshi,2,2,C,IT,3,Communication Skills,Week 8,100.0,8308071259
STU064,Amit Patel,3,3,B,IT,4,Maths,Week 1,100.0,7548868899
STU064,Amit Patel,4,4,B,IT,4,Maths,Week 2,100.0,7548868899
STU064,Amit Patel,1,4,B,IT,4,Maths,Week 3,25.0,7548868899
STU064,Amit Patel,4,4,B,IT,4,Maths,Week 4,100.0,7548868899
STU064,Amit Patel,1,4,B,IT,4,Maths,Week 5,25.0,7548868899
STU064,Amit Patel,2,5,B,IT,4,Maths,Week 6,40.0,7548868899
STU064,Amit Patel,2,3,B,IT,4,Maths,Week 7,66.67,7548868899
STU064,Amit Patel,3,4,B,IT,4,Maths,Week 8,75.0,7548868899
STU064,Amit Patel,3,3,B,IT,4,Python,Week 1,100.0,7548868899
STU064,Amit Patel,4,4,B,IT,4,Python,Week 2,100.0,7548868899
STU064,Amit Patel,3,4,B,IT,4,Python,Week 3,75.0,7548868899
STU064,Amit Patel,3,3,B,IT,4,Python,Week 4,100.0,7548868899
STU064,Amit Patel,3,3,B,IT,4,Python,Week 5,100.0,7548868899
STU064,Amit Patel,2,3,B,IT,4,Python,Week 6,66.67,7548868899
STU064,Amit Patel,3,4,B,IT,4,Python,Week 7,75.0,7548868899
STU064,Amit Patel,2,3,B,IT,4,Python,Week 8,66.67,7548868899
STU064,Amit Patel,3,4,B,IT,4,AI,Week 1,75.0,7548868899
STU064,Amit Patel,2,2,B,IT,4,AI,Week 2,100.0,7548868899
STU064,Amit Patel,2,4,B,IT,4,AI,Week 3,50.0,7548868899
STU064,Amit Patel,3,3,B,IT,4,AI,Week 4,100.0,7548868899
STU064,Amit Patel,3,3,B,IT,4,AI,Week 5,100.0,7548868899
STU064,Amit Patel,2,3,B,IT,4,AI,Week 6,66.67,7548868899
STU064,Amit Patel,2,4,B,IT,4,AI,Week 7,50.0,7548868899
STU064,Amit Patel,2,3,B,IT,4,AI,Week 8,66.67,7548868899
STU064,Amit Patel,2,3,B,IT,4,DSA,Week 1,66.67,7548868899
STU064,Amit Patel,4,4,B,IT,4,DSA,Week 2,100.0,7548868899
STU064,Amit Patel,2,3,B,IT,4,DSA,Week 3,66.67,7548868899
STU064,Amit Patel,2,3,B,IT,4,DSA,Week 4,66.67,7548868899
STU064,Amit Patel,2,5,B,IT,4,DSA,Week 5,40.0,7548868899
STU064,Amit Patel,1,3,B,IT,4,DSA,Week 6,33.33,7548868899
STU064,Amit Patel,0,3,B,IT,4,DSA,Week 7,0.0,7548868899
STU064,Amit Patel,3,5,B,IT,4,DSA,Week 8,60.0,7548868899
STU064,Amit Patel,0,1,B,IT,4,Code Lab,Week 1,0.0,7548868899
STU064,Amit Patel,2,2,B,IT,4,Code Lab,Week 2,100.0,7548868899
STU064,Amit Patel,2,2,B,IT,4,Code Lab,Week 3,100.0,7548868899
STU064,Amit Patel,3,3,B,IT,4,Code Lab,Week 4,100.0,7548868899
STU064,Amit Patel,2,2,B,IT,4,Code Lab,Week 5,100.0,7548868899
STU064,Amit Patel,2,2,B,IT,4,Code Lab,Week 6,100.0,7548868899
STU064,Amit Patel,2,2,B,IT,4,Code Lab,Week 7,100.0,7548868899
STU064,Amit Patel,1,1,B,IT,4,Code Lab,Week 8,100.0,7548868899
STU064,Amit Patel,2,2,B,IT,4,Communication Skills,Week 1,100.0,7548868899
STU064,Amit Patel,1,3,B,IT,4,Communication Skills,Week 2,33.33,7548868899
STU064,Amit Patel,1,1,B,IT,4,Communication Skills,Week 3,100.0,7548868899
STU064,Amit Patel,1,2,B,IT,4,Communication Skills,Week 4,50.0,7548868899
STU064,Amit Patel,1,2,B,IT,4,Communication Skills,Week 5,50.0,7548868899
STU064,Amit Patel,3,3,B,IT,4,Communication Skills,Week 6,100.0,7548868899
STU064,Amit Patel,1,2,B,IT,4,Communication Skills,Week 7,50.0,7548868899
STU064,Amit Patel,1,1,B,IT,4,Communication Skills,Week 8,100.0,7548868899
STU065,Divya Verma,3,5,C,ECE,5,Maths,Week 1,60.0,8100273738
STU065,Divya Verma,2,4,C,ECE,5,Maths,Week 2,50.0,8100273738
STU065,Divya Verma,1,4,C,ECE,5,Maths,Week 3,25.0,8100273738
STU065,Divya Verma,2,4,C,ECE,5,Maths,Week 4,50.0,8100273738
STU065,Divya Verma,0,4,C,ECE,5,Maths,Week 5,0.0,8100273738
STU065,Divya Verma,3,4,C,ECE,5,Maths,Week 6,75.0,8100273738
STU065,Divya Verma,4,4,C,ECE,5,Maths,Week 7,100.0,8100273738
STU065,Divya Verma,3,4,C,ECE,5,Maths,Week 8,75.0,8100273738
STU065,Divya Verma,2,2,C,ECE,5,Python,Week 1,100.0,8100273738
STU065,Divya Verma,3,3,C,ECE,5,Python,Week 2,100.0,8100273738
STU065,Divya Verma,2,3,C,ECE,5,Python,Week 3,66.67,8100273738
STU065,Divya Verma,2,3,C,ECE,5,Python,Week 4,66.67,8100273738
STU065,Divya Verma,3,3,C,ECE,5,Python,Week 5,100.0,8100273738
STU065,Divya Verma,2,2,C,ECE,5,Python,Week 6,100.0,8100273738
STU065,Divya Verma,2,2,C,ECE,5,Python,Week 7,100.0,8100273738
STU065,Divya Verma,3,3,C,ECE,5,Python,Week 8,100.0,8100273738
STU065,Divya Verma,4,4,C,ECE,5,AI,Week 1,100.0,8100273738
STU065,Divya Verma,2,3,C,ECE,5,AI,Week 2,66.67,8100273738
STU065,Divya Verma,3,3,C,ECE,5,AI,Week 3,100.0,8100273738
STU065,Divya Verma,1,3,C,ECE,5,AI,Week 4,33.33,8100273738
STU065,Divya Verma,3,3,C,ECE,5,AI,Week 5,100.0,8100273738
STU065,Divya Verma,3,3,C,ECE,5,AI,Week 6,100.0,8100273738
STU065,Divya Verma,1,2,C,ECE,5,AI,Week 7,50.0,8100273738
STU065,Divya Verma,3,3,C,ECE,5,AI,Week 8,100.0,8100273738
STU065,Divya Verma,3,4,C,ECE,5,DSA,Week 1,75.0,8100273738
STU065,Divya Verma,3,4,C,ECE,5,DSA,Week 2,75.0,8100273738
STU065,Divya Verma,4,4,C,ECE,5,DSA,Week 3,100.0,8100273738
STU065,Divya Verma,4,5,C,ECE,5,DSA,Week 4,80.0,8100273738
STU065,Divya Verma,5,5,C,ECE,5,DSA,Week 5,100.0,8100273738
STU065,Divya Verma,1,4,C,ECE,5,DSA,Week 6,25.0,8100273738
STU065,Divya Verma,1,3,C,ECE,5,DSA,Week 7,33.33,8100273738
STU065,Divya Verma,3,5,C,ECE,5,DSA,Week 8,60.0,8100273738
STU065,Divya Verma,2,2,C,ECE,5,Code Lab,Week 1,100.0,8100273738
STU065,Divya Verma,2,2,C,ECE,5,Code Lab,Week 2,100.0,8100273738
STU065,Divya Verma,1,1,C,ECE,5,Code Lab,Week 3,100.0,8100273738
STU065,Divya Verma,1,1,C,ECE,5,Code Lab,Week 4,100.0,8100273738
STU065,Divya Verma,1,1,C,ECE,5,Code Lab,Week 5,100.0,8100273738
STU065,Divya Verma,2,2,C,ECE,5,Code Lab,Week 6,100.0,8100273738
STU065,Divya Verma,3,3,C,ECE,5,Code Lab,Week 7,100.0,8100273738
STU065,Divya Verma,2,2,C,ECE,5,Code Lab,Week 8,100.0,8100273738
STU065,Divya Verma,2,2,C,ECE,5,Communication Skills,Week 1,100.0,8100273738
STU065,Divya Verma,2,2,C,ECE,5,Communication Skills,Week 2,100.0,8100273738
STU065,Divya Verma,1,1,C,ECE,5,Communication Skills,Week 3,100.0,8100273738
STU065,Divya Verma,2,2,C,ECE,5,Communication Skills,Week 4,100.0,8100273738
STU065,Divya Verma,1,1,C,ECE,5,Communication Skills,Week 5,100.0,8100273738
STU065,Divya Verma,2,2,C,ECE,5,Communication Skills,Week 6,100.0,8100273738
STU065,Divya Verma,1,2,C,ECE,5,Communication Skills,Week 7,50.0,8100273738
STU065,Divya Verma,2,3,C,ECE,5,Communication Skills,Week 8,66.67,8100273738
STU066,Varun Joshi,5,5,A,AI&DS,3,Maths,Week 1,100.0,6049621604
STU066,Varun Joshi,3,3,A,AI&DS,3,Maths,Week 2,100.0,6049621604
STU066,Varun Joshi,3,4,A,AI&DS,3,Maths,Week 3,75.0,6049621604
STU066,Varun Joshi,5,5,A,AI&DS,3,Maths,Week 4,100.0,6049621604
STU066,Varun Joshi,5,5,A,AI&DS,3,Maths,Week 5,100.0,6049621604
STU066,Varun Joshi,2,3,A,AI&DS,3,Maths,Week 6,66.67,6049621604
STU066,Varun Joshi,4,4,A,AI&DS,3,Maths,Week 7,100.0,6049621604
STU066,Varun Joshi,4,4,A,AI&DS,3,Maths,Week 8,100.0,6049621604
STU066,Varun Joshi,3,3,A,AI&DS,3,Python,Week 1,100.0,6049621604
STU066,Varun Joshi,1,2,A,AI&DS,3,Python,Week 2,50.0,6049621604
STU066,Varun Joshi,2,3,A,AI&DS,3,Python,Week 3,66.67,6049621604
STU066,Varun Joshi,3,3,A,AI&DS,3,Python,Week 4,100.0,6049621604
STU066,Varun Joshi,2,3,A,AI&DS,3,Python,Week 5,66.67,6049621604
STU066,Varun Joshi,1,2,A,AI&DS,3,Python,Week 6,50.0,6049621604
STU066,Varun Joshi,3,3,A,AI&DS,3,Python,Week 7,100.0,6049621604
STU066,Varun Joshi,2,3,A,AI&DS,3,Python,Week 8,66.67,6049621604
STU066,Varun Joshi,2,3,A,AI&DS,3,AI,Week 1,66.67,6049621604
STU066,Varun Joshi,2,3,A,AI&DS,3,AI,Week 2,66.67,6049621604
STU066,Varun Joshi,4,4,A,AI&DS,3,AI,Week 3,100.0,6049621604
STU066,Varun Joshi,3,3,A,AI&DS,3,AI,Week 4,100.0,6049621604
STU066,Varun Joshi,3,3,A,AI&DS,3,AI,Week 5,100.0,6049621604
STU066,Varun Joshi,1,3,A,AI&DS,3,AI,Week 6,33.33,6049621604
STU066,Varun Joshi,4,4,A,AI&DS,3,AI,Week 7,100.0,6049621604
STU066,Varun Joshi,3,3,A,AI&DS,3,AI,Week 8,100.0,6049621604
STU066,Varun Joshi,4,4,A,AI&DS,3,DSA,Week 1,100.0,6049621604
STU066,Varun Joshi,4,4,A,AI&DS,3,DSA,Week 2,100.0,6049621604
STU066,Varun Joshi,4,4,A,AI&DS,3,DSA,Week 3,100.0,6049621604
STU066,Varun Joshi,2,5,A,AI&DS,3,DSA,Week 4,40.0,6049621604
STU066,Varun Joshi,3,4,A,AI&DS,3,DSA,Week 5,75.0,6049621604
STU066,Varun Joshi,4,4,A,AI&DS,3,DSA,Week 6,100.0,6049621604
STU066,Varun Joshi,3,4,A,AI&DS,3,DSA,Week 7,75.0,6049621604
STU066,Varun Joshi,4,4,A,AI&DS,3,DSA,Week 8,100.0,6049621604
STU066,Varun Joshi,3,3,A,AI&DS,3,Code Lab,Week 1,100.0,6049621604
STU066,Varun Joshi,3,3,A,AI&DS,3,Code Lab,Week 2,100.0,6049621604
STU066,Varun Joshi,1,1,A,AI&DS,3,Code Lab,Week 3,100.0,6049621604
STU066,Varun Joshi,1,1,A,AI&DS,3,Code Lab,Week 4,100.0,6049621604
STU066,Varun Joshi,2,2,A,AI&DS,3,Code Lab,Week 5,100.0,6049621604
STU066,Varun Joshi,1,2,A,AI&DS,3,Code Lab,Week 6,50.0,6049621604
STU066,Varun Joshi,1,1,A,AI&DS,3,Code Lab,Week 7,100.0,6049621604
STU066,Varun Joshi,3,3,A,AI&DS,3,Code Lab,Week 8,100.0,6049621604
STU066,Varun Joshi,1,1,A,AI&DS,3,Communication Skills,Week 1,100.0,6049621604
STU066,Varun Joshi,2,2,A,AI&DS,3,Communication Skills,Week 2,100.0,6049621604
STU066,Varun Joshi,2,2,A,AI&DS,3,Communication Skills,Week 3,100.0,6049621604
STU066,Varun Joshi,1,1,A,AI&DS,3,Communication Skills,Week 4,100.0,6049621604
STU066,Varun Joshi,1,2,A,AI&DS,3,Communication Skills,Week 5,50.0,6049621604
STU066,Varun Joshi,1,1,A,AI&DS,3,Communication Skills,Week 6,100.0,6049621604
STU066,Varun Joshi,2,2,A,AI&DS,3,Communication Skills,Week 7,100.0,6049621604
STU066,Varun Joshi,2,2,A,AI&DS,3,Communication Skills,Week 8,100.0,6049621604
STU067,Ritika Verma,2,4,B,IT,5,Maths,Week 1,50.0,7771318048
STU067,Ritika Verma,1,4,B,IT,5,Maths,Week 2,25.0,7771318048
STU067,Ritika Verma,2,4,B,IT,5,Maths,Week 3,50.0,7771318048
STU067,Ritika Verma,3,4,B,IT,5,Maths,Week 4,75.0,7771318048
STU067,Ritika Verma,2,3,B,IT,5,Maths,Week 5,66.67,7771318048
STU067,Ritika Verma,2,4,B,IT,5,Maths,Week 6,50.0,7771318048
STU067,Ritika Verma,3,5,B,IT,5,Maths,Week 7,60.0,7771318048
STU067,Ritika Verma,4,4,B,IT,5,Maths,Week 8,100.0,7771318048
STU067,Ritika Verma,2,2,B,IT,5,Python,Week 1,100.0,7771318048
STU067,Ritika Verma,0,2,B,IT,5,Python,Week 2,0.0,7771318048
STU067,Ritika Verma,1,3,B,IT,5,Python,Week 3,33.33,7771318048
STU067,Ritika Verma,3,3,B,IT,5,Python,Week 4,100.0,7771318048
STU067,Ritika Verma,2,3,B,IT,5,Python,Week 5,66.67,7771318048
STU067,Ritika Verma,3,3,B,IT,5,Python,Week 6,100.0,7771318048
STU067,Ritika Verma,1,2,B,IT,5,Python,Week 7,50.0,7771318048
STU067,Ritika Verma,1,3,B,IT,5,Python,Week 8,33.33,7771318048
STU067,Ritika Verma,2,3,B,IT,5,AI,Week 1,66.67,7771318048
STU067,Ritika Verma,1,4,B,IT,5,AI,Week 2,25.0,7771318048
STU067,Ritika Verma,3,4,B,IT,5,AI,Week 3,75.0,7771318048
STU067,Ritika Verma,1,3,B,IT,5,AI,Week 4,33.33,7771318048
STU067,Ritika Verma,1,3,B,IT,5,AI,Week 5,33.33,7771318048
STU067,Ritika Verma,1,3,B,IT,5,AI,Week 6,33.33,7771318048
STU067,Ritika Verma,1,2,B,IT,5,AI,Week 7,50.0,7771318048
STU067,Ritika Verma,3,4,B,IT,5,AI,Week 8,75.0,7771318048
STU067,Ritika Verma,1,4,B,IT,5,DSA,Week 1,25.0,7771318048
STU067,Ritika Verma,3,4,B,IT,5,DSA,Week 2,75.0,7771318048
STU067,Ritika Verma,2,3,B,IT,5,DSA,Week 3,66.67,7771318048
STU067,Ritika Verma,3,3,B,IT,5,DSA,Week 4,100.0,7771318048
STU067,Ritika Verma,3,4,B,IT,5,DSA,Week 5,75.0,7771318048
STU067,Ritika Verma,2,4,B,IT,5,DSA,Week 6,50.0,7771318048
STU067,Ritika Verma,3,3,B,IT,5,DSA,Week 7,100.0,7771318048
STU067,Ritika Verma,4,4,B,IT,5,DSA,Week 8,100.0,7771318048
STU067,Ritika Verma,0,1,B,IT,5,Code Lab,Week 1,0.0,7771318048
STU067,Ritika Verma,1,2,B,IT,5,Code Lab,Week 2,50.0,7771318048
STU067,Ritika Verma,1,2,B,IT,5,Code Lab,Week 3,50.0,7771318048
STU067,Ritika Verma,1,1,B,IT,5,Code Lab,Week 4,100.0,7771318048
STU067,Ritika Verma,2,2,B,IT,5,Code Lab,Week 5,100.0,7771318048
STU067,Ritika Verma,2,2,B,IT,5,Code Lab,Week 6,100.0,7771318048
STU067,Ritika Verma,2,2,B,IT,5,Code Lab,Week 7,100.0,7771318048
STU067,Ritika Verma,1,2,B,IT,5,Code Lab,Week 8,50.0,7771318048
STU067,Ritika Verma,1,3,B,IT,5,Communication Skills,Week 1,33.33,7771318048
STU067,Ritika Verma,2,2,B,IT,5,Communication Skills,Week 2,100.0,7771318048
STU067,Ritika Verma,1,1,B,IT,5,Communication Skills,Week 3,100.0,7771318048
STU067,Ritika Verma,2,3,B,IT,5,Communication Skills,Week 4,66.67,7771318048
STU067,Ritika Verma,2,2,B,IT,5,Communication Skills,Week 5,100.0,7771318048
STU067,Ritika Verma,1,2,B,IT,5,Communication Skills,Week 6,50.0,7771318048
STU067,Ritika Verma,1,2,B,IT,5,Communication Skills,Week 7,50.0,7771318048
STU067,Ritika Verma,2,2,B,IT,5,Communication Skills,Week 8,100.0,7771318048
STU068,Suresh Desai,4,4,A,AI&DS,5,Maths,Week 1,100.0,6958486184
STU068,Suresh Desai,3,4,A,AI&DS,5,Maths,Week 2,75.0,6958486184
STU068,Suresh Desai,2,4,A,AI&DS,5,Maths,Week 3,50.0,6958486184
STU068,Suresh Desai,4,4,A,AI&DS,5,Maths,Week 4,100.0,6958486184
STU068,Suresh Desai,2,4,A,AI&DS,5,Maths,Week 5,50.0,6958486184
STU068,Suresh Desai,2,4,A,AI&DS,5,Maths,Week 6,50.0,6958486184
STU068,Suresh Desai,5,5,A,AI&DS,5,Maths,Week 7,100.0,6958486184
STU068,Suresh Desai,3,4,A,AI&DS,5,Maths,Week 8,75.0,6958486184
STU068,Suresh Desai,3,3,A,AI&DS,5,Python,Week 1,100.0,6958486184
STU068,Suresh Desai,1,2,A,AI&DS,5,Python,Week 2,50.0,6958486184
STU068,Suresh Desai,2,3,A,AI&DS,5,Python,Week 3,66.67,6958486184
STU068,Suresh Desai,2,4,A,AI&DS,5,Python,Week 4,50.0,6958486184
STU068,Suresh Desai,3,3,A,AI&DS,5,Python,Week 5,100.0,6958486184
STU068,Suresh Desai,2,3,A,AI&DS,5,Python,Week 6,66.67,6958486184
STU068,Suresh Desai,2,3,A,AI&DS,5,Python,Week 7,66.67,6958486184
STU068,Suresh Desai,2,3,A,AI&DS,5,Python,Week 8,66.67,6958486184
STU068,Suresh Desai,3,3,A,AI&DS,5,AI,Week 1,100.0,6958486184
STU068,Suresh Desai,3,3,A,AI&DS,5,AI,Week 2,100.0,6958486184
STU068,Suresh Desai,1,3,A,AI&DS,5,AI,Week 3,33.33,6958486184
STU068,Suresh Desai,1,3,A,AI&DS,5,AI,Week 4,33.33,6958486184
STU068,Suresh Desai,3,3,A,AI&DS,5,AI,Week 5,100.0,6958486184
STU068,Suresh Desai,3,3,A,AI&DS,5,AI,Week 6,100.0,6958486184
STU068,Suresh Desai,0,3,A,AI&DS,5,AI,Week 7,0.0,6958486184
STU068,Suresh Desai,2,2,A,AI&DS,5,AI,Week 8,100.0,6958486184
STU068,Suresh Desai,4,5,A,AI&DS,5,DSA,Week 1,80.0,6958486184
STU068,Suresh Desai,3,3,A,AI&DS,5,DSA,Week 2,100.0,6958486184
STU068,Suresh Desai,3,5,A,AI&DS,5,DSA,Week 3,60.0,6958486184
STU068,Suresh Desai,4,4,A,AI&DS,5,DSA,Week 4,100.0,6958486184
STU068,Suresh Desai,4,4,A,AI&DS,5,DSA,Week 5,100.0,6958486184
STU068,Suresh Desai,2,4,A,AI&DS,5,DSA,Week 6,50.0,6958486184
STU068,Suresh Desai,4,4,A,AI&DS,5,DSA,Week 7,100.0,6958486184
STU068,Suresh Desai,1,3,A,AI&DS,5,DSA,Week 8,33.33,6958486184
STU068,Suresh Desai,0,2,A,AI&DS,5,Code Lab,Week 1,0.0,6958486184
STU068,Suresh Desai,3,3,A,AI&DS,5,Code Lab,Week 2,100.0,6958486184
STU068,Suresh Desai,2,2,A,AI&DS,5,Code Lab,Week 3,100.0,6958486184
STU068,Suresh Desai,1,2,A,AI&DS,5,Code Lab,Week 4,50.0,6958486184
STU068,Suresh Desai,2,2,A,AI&DS,5,Code Lab,Week 5,100.0,6958486184
STU068,Suresh Desai,2,2,A,AI&DS,5,Code Lab,Week 6,100.0,6958486184
STU068,Suresh Desai,2,2,A,AI&DS,5,Code Lab,Week 7,100.0,6958486184
STU068,Suresh Desai,1,2,A,AI&DS,5,Code Lab,Week 8,50.0,6958486184
STU068,Suresh Desai,2,3,A,AI&DS,5,Communication Skills,Week 1,66.67,6958486184
STU068,Suresh Desai,1,2,A,AI&DS,5,Communication Skills,Week 2,50.0,6958486184
STU068,Suresh Desai,0,1,A,AI&DS,5,Communication Skills,Week 3,0.0,6958486184
STU068,Suresh Desai,1,1,A,AI&DS,5,Communication Skills,Week 4,100.0,6958486184
STU068,Suresh Desai,2,2,A,AI&DS,5,Communication Skills,Week 5,100.0,6958486184
STU068,Suresh Desai,2,3,A,AI&DS,5,Communication Skills,Week 6,66.67,6958486184
STU068,Suresh Desai,0,1,A,AI&DS,5,Communication Skills,Week 7,0.0,6958486184
STU068,Suresh Desai,2,2,A,AI&DS,5,Communication Skills,Week 8,100.0,6958486184
STU069,Neha Mehta,5,5,A,AI&DS,5,Maths,Week 1,100.0,9053921577
STU069,Neha Mehta,4,4,A,AI&DS,5,Maths,Week 2,100.0,9053921577
STU069,Neha Mehta,3,3,A,AI&DS,5,Maths,Week 3,100.0,9053921577
STU069,Neha Mehta,3,3,A,AI&DS,5,Maths,Week 4,100.0,9053921577
STU069,Neha Mehta,5,5,A,AI&DS,5,Maths,Week 5,100.0,9053921577
STU069,Neha Mehta,2,4,A,AI&DS,5,Maths,Week 6,50.0,9053921577
STU069,Neha Mehta,1,4,A,AI&DS,5,Maths,Week 7,25.0,9053921577
STU069,Neha Mehta,2,4,A,AI&DS,5,Maths,Week 8,50.0,9053921577
STU069,Neha Mehta,3,4,A,AI&DS,5,Python,Week 1,75.0,9053921577
STU069,Neha Mehta,3,3,A,AI&DS,5,Python,Week 2,100.0,9053921577
STU069,Neha Mehta,3,3,A,AI&DS,5,Python,Week 3,100.0,9053921577
STU069,Neha Mehta,3,3,A,AI&DS,5,Python,Week 4,100.0,9053921577
STU069,Neha Mehta,3,3,A,AI&DS,5,Python,Week 5,100.0,9053921577
STU069,Neha Mehta,0,2,A,AI&DS,5,Python,Week 6,0.0,9053921577
STU069,Neha Mehta,2,4,A,AI&DS,5,Python,Week 7,50.0,9053921577
STU069,Neha Mehta,2,3,A,AI&DS,5,Python,Week 8,66.67,9053921577
STU069,Neha Mehta,3,3,A,AI&DS,5,AI,Week 1,100.0,9053921577
STU069,Neha Mehta,2,2,A,AI&DS,5,AI,Week 2,100.0,9053921577
STU069,Neha Mehta,2,3,A,AI&DS,5,AI,Week 3,66.67,9053921577
STU069,Neha Mehta,1,3,A,AI&DS,5,AI,Week 4,33.33,9053921577
STU069,Neha Mehta,3,4,A,AI&DS,5,AI,Week 5,75.0,9053921577
STU069,Neha Mehta,2,2,A,AI&DS,5,AI,Week 6,100.0,9053921577
STU069,Neha Mehta,2,3,A,AI&DS,5,AI,Week 7,66.67,9053921577
STU069,Neha Mehta,2,4,A,AI&DS,5,AI,Week 8,50.0,9053921577
STU069,Neha Mehta,4,4,A,AI&DS,5,DSA,Week 1,100.0,9053921577
STU069,Neha Mehta,3,4,A,AI&DS,5,DSA,Week 2,75.0,9053921577
STU069,Neha Mehta,3,5,A,AI&DS,5,DSA,Week 3,60.0,9053921577
STU069,Neha Mehta,2,4,A,AI&DS,5,DSA,Week 4,50.0,9053921577
STU069,Neha Mehta,2,3,A,AI&DS,5,DSA,Week 5,66.67,9053921577
STU069,Neha Mehta,2,4,A,AI&DS,5,DSA,Week 6,50.0,9053921577
STU069,Neha Mehta,2,4,A,AI&DS,5,DSA,Week 7,50.0,9053921577
STU069,Neha Mehta,2,3,A,AI&DS,5,DSA,Week 8,66.67,9053921577
STU069,Neha Mehta,3,3,A,AI&DS,5,Code Lab,Week 1,100.0,9053921577
STU069,Neha Mehta,1,2,A,AI&DS,5,Code Lab,Week 2,50.0,9053921577
STU069,Neha Mehta,2,3,A,AI&DS,5,Code Lab,Week 3,66.67,9053921577
STU069,Neha Mehta,2,3,A,AI&DS,5,Code Lab,Week 4,66.67,9053921577
STU069,Neha Mehta,1,2,A,AI&DS,5,Code Lab,Week 5,50.0,9053921577
STU069,Neha Mehta,2,2,A,AI&DS,5,Code Lab,Week 6,100.0,9053921577
STU069,Neha Mehta,1,2,A,AI&DS,5,Code Lab,Week 7,50.0,9053921577
STU069,Neha Mehta,1,2,A,AI&DS,5,Code Lab,Week 8,50.0,9053921577
STU069,Neha Mehta,2,2,A,AI&DS,5,Communication Skills,Week 1,100.0,9053921577
STU069,Neha Mehta,1,2,A,AI&DS,5,Communication Skills,Week 2,50.0,9053921577
STU069,Neha Mehta,1,1,A,AI&DS,5,Communication Skills,Week 3,100.0,9053921577
STU069,Neha Mehta,1,3,A,AI&DS,5,Communication Skills,Week 4,33.33,9053921577
STU069,Neha Mehta,0,2,A,AI&DS,5,Communication Skills,Week 5,0.0,9053921577
STU069,Neha Mehta,2,2,A,AI&DS,5,Communication Skills,Week 6,100.0,9053921577
STU069,Neha Mehta,2,2,A,AI&DS,5,Communication Skills,Week 7,100.0,9053921577
STU069,Neha Mehta,1,2,A,AI&DS,5,Communication Skills,Week 8,50.0,9053921577
STU070,Vikram Pillai,2,4,B,AI&DS,5,Maths,Week 1,50.0,8810943524
STU070,Vikram Pillai,3,4,B,AI&DS,5,Maths,Week 2,75.0,8810943524
STU070,Vikram Pillai,2,3,B,AI&DS,5,Maths,Week 3,66.67,8810943524
STU070,Vikram Pillai,4,5,B,AI&DS,5,Maths,Week 4,80.0,8810943524
STU070,Vikram Pillai,3,4,B,AI&DS,5,Maths,Week 5,75.0,8810943524
STU070,Vikram Pillai,3,4,B,AI&DS,5,Maths,Week 6,75.0,8810943524
STU070,Vikram Pillai,5,5,B,AI&DS,5,Maths,Week 7,100.0,8810943524
STU070,Vikram Pillai,4,4,B,AI&DS,5,Maths,Week 8,100.0,8810943524
STU070,Vikram Pillai,2,3,B,AI&DS,5,Python,Week 1,66.67,8810943524
STU070,Vikram Pillai,3,3,B,AI&DS,5,Python,Week 2,100.0,8810943524
STU070,Vikram Pillai,3,3,B,AI&DS,5,Python,Week 3,100.0,8810943524
STU070,Vikram Pillai,2,2,B,AI&DS,5,Python,Week 4,100.0,8810943524
STU070,Vikram Pillai,2,2,B,AI&DS,5,Python,Week 5,100.0,8810943524
STU070,Vikram Pillai,2,3,B,AI&DS,5,Python,Week 6,66.67,8810943524
STU070,Vikram Pillai,3,3,B,AI&DS,5,Python,Week 7,100.0,8810943524
STU070,Vikram Pillai,0,2,B,AI&DS,5,Python,Week 8,0.0,8810943524
STU070,Vikram Pillai,3,3,B,AI&DS,5,AI,Week 1,100.0,8810943524
STU070,Vikram Pillai,3,3,B,AI&DS,5,AI,Week 2,100.0,8810943524
STU070,Vikram Pillai,2,3,B,AI&DS,5,AI,Week 3,66.67,8810943524
STU070,Vikram Pillai,3,3,B,AI&DS,5,AI,Week 4,100.0,8810943524
STU070,Vikram Pillai,4,4,B,AI&DS,5,AI,Week 5,100.0,8810943524
STU070,Vikram Pillai,4,4,B,AI&DS,5,AI,Week 6,100.0,8810943524
STU070,Vikram Pillai,2,3,B,AI&DS,5,AI,Week 7,66.67,8810943524
STU070,Vikram Pillai,3,3,B,AI&DS,5,AI,Week 8,100.0,8810943524
STU070,Vikram Pillai,3,4,B,AI&DS,5,DSA,Week 1,75.0,8810943524
STU070,Vikram Pillai,3,5,B,AI&DS,5,DSA,Week 2,60.0,8810943524
STU070,Vikram Pillai,4,4,B,AI&DS,5,DSA,Week 3,100.0,8810943524
STU070,Vikram Pillai,4,5,B,AI&DS,5,DSA,Week 4,80.0,8810943524
STU070,Vikram Pillai,2,3,B,AI&DS,5,DSA,Week 5,66.67,8810943524
STU070,Vikram Pillai,3,4,B,AI&DS,5,DSA,Week 6,75.0,8810943524
STU070,Vikram Pillai,4,4,B,AI&DS,5,DSA,Week 7,100.0,8810943524
STU070,Vikram Pillai,3,4,B,AI&DS,5,DSA,Week 8,75.0,8810943524
STU070,Vikram Pillai,2,2,B,AI&DS,5,Code Lab,Week 1,100.0,8810943524
STU070,Vikram Pillai,2,2,B,AI&DS,5,Code Lab,Week 2,100.0,8810943524
STU070,Vikram Pillai,2,2,B,AI&DS,5,Code Lab,Week 3,100.0,8810943524
STU070,Vikram Pillai,3,3,B,AI&DS,5,Code Lab,Week 4,100.0,8810943524
STU070,Vikram Pillai,2,3,B,AI&DS,5,Code Lab,Week 5,66.67,8810943524
STU070,Vikram Pillai,2,2,B,AI&DS,5,Code Lab,Week 6,100.0,8810943524
STU070,Vikram Pillai,2,3,B,AI&DS,5,Code Lab,Week 7,66.67,8810943524
STU070,Vikram Pillai,1,1,B,AI&DS,5,Code Lab,Week 8,100.0,8810943524
STU070,Vikram Pillai,2,2,B,AI&DS,5,Communication Skills,Week 1,100.0,8810943524
STU070,Vikram Pillai,1,2,B,AI&DS,5,Communication Skills,Week 2,50.0,8810943524
STU070,Vikram Pillai,2,2,B,AI&DS,5,Communication Skills,Week 3,100.0,8810943524
STU070,Vikram Pillai,3,3,B,AI&DS,5,Communication Skills,Week 4,100.0,8810943524
STU070,Vikram Pillai,1,2,B,AI&DS,5,Communication Skills,Week 5,50.0,8810943524
STU070,Vikram Pillai,1,2,B,AI&DS,5,Communication Skills,Week 6,50.0,8810943524
STU070,Vikram Pillai,2,2,B,AI&DS,5,Communication Skills,Week 7,100.0,8810943524
STU070,Vikram Pillai,0,1,B,AI&DS,5,Communication Skills,Week 8,0.0,8810943524
STU071,Ravi Mehta,5,5,B,MECH,3,Maths,Week 1,100.0,9483258726
STU071,Ravi Mehta,3,3,B,MECH,3,Maths,Week 2,100.0,9483258726
STU071,Ravi Mehta,2,3,B,MECH,3,Maths,Week 3,66.67,9483258726
STU071,Ravi Mehta,4,4,B,MECH,3,Maths,Week 4,100.0,9483258726
STU071,Ravi Mehta,3,4,B,MECH,3,Maths,Week 5,75.0,9483258726
STU071,Ravi Mehta,4,4,B,MECH,3,Maths,Week 6,100.0,9483258726
STU071,Ravi Mehta,4,4,B,MECH,3,Maths,Week 7,100.0,9483258726
STU071,Ravi Mehta,4,4,B,MECH,3,Maths,Week 8,100.0,9483258726
STU071,Ravi Mehta,3,3,B,MECH,3,Python,Week 1,100.0,9483258726
STU071,Ravi Mehta,3,3,B,MECH,3,Python,Week 2,100.0,9483258726
STU071,Ravi Mehta,2,3,B,MECH,3,Python,Week 3,66.67,9483258726
STU071,Ravi Mehta,3,3,B,MECH,3,Python,Week 4,100.0,9483258726
STU071,Ravi Mehta,4,4,B,MECH,3,Python,Week 5,100.0,9483258726
STU071,Ravi Mehta,2,2,B,MECH,3,Python,Week 6,100.0,9483258726
STU071,Ravi Mehta,2,2,B,MECH,3,Python,Week 7,100.0,9483258726
STU071,Ravi Mehta,3,3,B,MECH,3,Python,Week 8,100.0,9483258726
STU071,Ravi Mehta,3,4,B,MECH,3,AI,Week 1,75.0,9483258726
STU071,Ravi Mehta,3,3,B,MECH,3,AI,Week 2,100.0,9483258726
STU071,Ravi Mehta,2,2,B,MECH,3,AI,Week 3,100.0,9483258726
STU071,Ravi Mehta,2,2,B,MECH,3,AI,Week 4,100.0,9483258726
STU071,Ravi Mehta,2,2,B,MECH,3,AI,Week 5,100.0,9483258726
STU071,Ravi Mehta,4,4,B,MECH,3,AI,Week 6,100.0,9483258726
STU071,Ravi Mehta,4,4,B,MECH,3,AI,Week 7,100.0,9483258726
STU071,Ravi Mehta,3,3,B,MECH,3,AI,Week 8,100.0,9483258726
STU071,Ravi Mehta,5,5,B,MECH,3,DSA,Week 1,100.0,9483258726
STU071,Ravi Mehta,4,4,B,MECH,3,DSA,Week 2,100.0,9483258726
STU071,Ravi Mehta,5,5,B,MECH,3,DSA,Week 3,100.0,9483258726
STU071,Ravi Mehta,4,4,B,MECH,3,DSA,Week 4,100.0,9483258726
STU071,Ravi Mehta,4,5,B,MECH,3,DSA,Week 5,80.0,9483258726
STU071,Ravi Mehta,3,4,B,MECH,3,DSA,Week 6,75.0,9483258726
STU071,Ravi Mehta,4,4,B,MECH,3,DSA,Week 7,100.0,9483258726
STU071,Ravi Mehta,4,4,B,MECH,3,DSA,Week 8,100.0,9483258726
STU071,Ravi Mehta,2,2,B,MECH,3,Code Lab,Week 1,100.0,9483258726
STU071,Ravi Mehta,2,2,B,MECH,3,Code Lab,Week 2,100.0,9483258726
STU071,Ravi Mehta,0,1,B,MECH,3,Code Lab,Week 3,0.0,9483258726
STU071,Ravi Mehta,1,1,B,MECH,3,Code Lab,Week 4,100.0,9483258726
STU071,Ravi Mehta,2,2,B,MECH,3,Code Lab,Week 5,100.0,9483258726
STU071,Ravi Mehta,2,2,B,MECH,3,Code Lab,Week 6,100.0,9483258726
STU071,Ravi Mehta,3,3,B,MECH,3,Code Lab,Week 7,100.0,9483258726
STU071,Ravi Mehta,2,2,B,MECH,3,Code Lab,Week 8,100.0,9483258726
STU071,Ravi Mehta,1,1,B,MECH,3,Communication Skills,Week 1,100.0,9483258726
STU071,Ravi Mehta,2,2,B,MECH,3,Communication Skills,Week 2,100.0,9483258726
STU071,Ravi Mehta,1,2,B,MECH,3,Communication Skills,Week 3,50.0,9483258726
STU071,Ravi Mehta,2,2,B,MECH,3,Communication Skills,Week 4,100.0,9483258726
STU071,Ravi Mehta,2,3,B,MECH,3,Communication Skills,Week 5,66.67,9483258726
STU071,Ravi Mehta,1,1,B,MECH,3,Communication Skills,Week 6,100.0,9483258726
STU071,Ravi Mehta,3,3,B,MECH,3,Communication Skills,Week 7,100.0,9483258726
STU071,Ravi Mehta,1,2,B,MECH,3,Communication Skills,Week 8,50.0,9483258726
STU072,Varun Kapoor,3,4,B,MECH,5,Maths,Week 1,75.0,7294846763
STU072,Varun Kapoor,2,5,B,MECH,5,Maths,Week 2,40.0,7294846763
STU072,Varun Kapoor,2,3,B,MECH,5,Maths,Week 3,66.67,7294846763
STU072,Varun Kapoor,4,4,B,MECH,5,Maths,Week 4,100.0,7294846763
STU072,Varun Kapoor,3,3,B,MECH,5,Maths,Week 5,100.0,7294846763
STU072,Varun Kapoor,2,4,B,MECH,5,Maths,Week 6,50.0,7294846763
STU072,Varun Kapoor,3,4,B,MECH,5,Maths,Week 7,75.0,7294846763
STU072,Varun Kapoor,1,5,B,MECH,5,Maths,Week 8,20.0,7294846763
STU072,Varun Kapoor,2,2,B,MECH,5,Python,Week 1,100.0,7294846763
STU072,Varun Kapoor,2,3,B,MECH,5,Python,Week 2,66.67,7294846763
STU072,Varun Kapoor,1,3,B,MECH,5,Python,Week 3,33.33,7294846763
STU072,Varun Kapoor,2,3,B,MECH,5,Python,Week 4,66.67,7294846763
STU072,Varun Kapoor,2,4,B,MECH,5,Python,Week 5,50.0,7294846763
STU072,Varun Kapoor,3,4,B,MECH,5,Python,Week 6,75.0,7294846763
STU072,Varun Kapoor,2,3,B,MECH,5,Python,Week 7,66.67,7294846763
STU072,Varun Kapoor,1,3,B,MECH,5,Python,Week 8,33.33,7294846763
STU072,Varun Kapoor,3,4,B,MECH,5,AI,Week 1,75.0,7294846763
STU072,Varun Kapoor,2,3,B,MECH,5,AI,Week 2,66.67,7294846763
STU072,Varun Kapoor,1,3,B,MECH,5,AI,Week 3,33.33,7294846763
STU072,Varun Kapoor,3,4,B,MECH,5,AI,Week 4,75.0,7294846763
STU072,Varun Kapoor,2,3,B,MECH,5,AI,Week 5,66.67,7294846763
STU072,Varun Kapoor,2,4,B,MECH,5,AI,Week 6,50.0,7294846763
STU072,Varun Kapoor,1,2,B,MECH,5,AI,Week 7,50.0,7294846763
STU072,Varun Kapoor,1,4,B,MECH,5,AI,Week 8,25.0,7294846763
STU072,Varun Kapoor,4,5,B,MECH,5,DSA,Week 1,80.0,7294846763
STU072,Varun Kapoor,3,3,B,MECH,5,DSA,Week 2,100.0,7294846763
STU072,Varun Kapoor,3,4,B,MECH,5,DSA,Week 3,75.0,7294846763
STU072,Varun Kapoor,4,4,B,MECH,5,DSA,Week 4,100.0,7294846763
STU072,Varun Kapoor,4,4,B,MECH,5,DSA,Week 5,100.0,7294846763
STU072,Varun Kapoor,3,4,B,MECH,5,DSA,Week 6,75.0,7294846763
STU072,Varun Kapoor,2,4,B,MECH,5,DSA,Week 7,50.0,7294846763
STU072,Varun Kapoor,4,4,B,MECH,5,DSA,Week 8,100.0,7294846763
STU072,Varun Kapoor,1,2,B,MECH,5,Code Lab,Week 1,50.0,7294846763
STU072,Varun Kapoor,2,2,B,MECH,5,Code Lab,Week 2,100.0,7294846763
STU072,Varun Kapoor,2,3,B,MECH,5,Code Lab,Week 3,66.67,7294846763
STU072,Varun Kapoor,1,2,B,MECH,5,Code Lab,Week 4,50.0,7294846763
STU072,Varun Kapoor,1,3,B,MECH,5,Code Lab,Week 5,33.33,7294846763
STU072,Varun Kapoor,0,2,B,MECH,5,Code Lab,Week 6,0.0,7294846763
STU072,Varun Kapoor,1,2,B,MECH,5,Code Lab,Week 7,50.0,7294846763
STU072,Varun Kapoor,0,1,B,MECH,5,Code Lab,Week 8,0.0,7294846763
STU072,Varun Kapoor,0,2,B,MECH,5,Communication Skills,Week 1,0.0,7294846763
STU072,Varun Kapoor,1,2,B,MECH,5,Communication Skills,Week 2,50.0,7294846763
STU072,Varun Kapoor,0,3,B,MECH,5,Communication Skills,Week 3,0.0,7294846763
STU072,Varun Kapoor,3,3,B,MECH,5,Communication Skills,Week 4,100.0,7294846763
STU072,Varun Kapoor,1,2,B,MECH,5,Communication Skills,Week 5,50.0,7294846763
STU072,Varun Kapoor,2,2,B,MECH,5,Communication Skills,Week 6,100.0,7294846763
STU072,Varun Kapoor,1,2,B,MECH,5,Communication Skills,Week 7,50.0,7294846763
STU072,Varun Kapoor,1,2,B,MECH,5,Communication Skills,Week 8,50.0,7294846763
STU073,Riya Reddy,3,3,B,ECE,4,Maths,Week 1,100.0,6148578017
STU073,Riya Reddy,4,4,B,ECE,4,Maths,Week 2,100.0,6148578017
STU073,Riya Reddy,3,4,B,ECE,4,Maths,Week 3,75.0,6148578017
STU073,Riya Reddy,4,4,B,ECE,4,Maths,Week 4,100.0,6148578017
STU073,Riya Reddy,4,4,B,ECE,4,Maths,Week 5,100.0,6148578017
STU073,Riya Reddy,3,3,B,ECE,4,Maths,Week 6,100.0,6148578017
STU073,Riya Reddy,5,5,B,ECE,4,Maths,Week 7,100.0,6148578017
STU073,Riya Reddy,5,5,B,ECE,4,Maths,Week 8,100.0,6148578017
STU073,Riya Reddy,4,4,B,ECE,4,Python,Week 1,100.0,6148578017
STU073,Riya Reddy,3,3,B,ECE,4,Python,Week 2,100.0,6148578017
STU073,Riya Reddy,3,3,B,ECE,4,Python,Week 3,100.0,6148578017
STU073,Riya Reddy,3,3,B,ECE,4,Python,Week 4,100.0,6148578017
STU073,Riya Reddy,3,4,B,ECE,4,Python,Week 5,75.0,6148578017
STU073,Riya Reddy,2,2,B,ECE,4,Python,Week 6,100.0,6148578017
STU073,Riya Reddy,3,3,B,ECE,4,Python,Week 7,100.0,6148578017
STU073,Riya Reddy,3,3,B,ECE,4,Python,Week 8,100.0,6148578017
STU073,Riya Reddy,3,3,B,ECE,4,AI,Week 1,100.0,6148578017
STU073,Riya Reddy,2,2,B,ECE,4,AI,Week 2,100.0,6148578017
STU073,Riya Reddy,4,4,B,ECE,4,AI,Week 3,100.0,6148578017
STU073,Riya Reddy,1,2,B,ECE,4,AI,Week 4,50.0,6148578017
STU073,Riya Reddy,3,3,B,ECE,4,AI,Week 5,100.0,6148578017
STU073,Riya Reddy,3,3,B,ECE,4,AI,Week 6,100.0,6148578017
STU073,Riya Reddy,2,3,B,ECE,4,AI,Week 7,66.67,6148578017
STU073,Riya Reddy,2,3,B,ECE,4,AI,Week 8,66.67,6148578017
STU073,Riya Reddy,4,4,B,ECE,4,DSA,Week 1,100.0,6148578017
STU073,Riya Reddy,4,4,B,ECE,4,DSA,Week 2,100.0,6148578017
STU073,Riya Reddy,4,4,B,ECE,4,DSA,Week 3,100.0,6148578017
STU073,Riya Reddy,3,4,B,ECE,4,DSA,Week 4,75.0,6148578017
STU073,Riya Reddy,4,4,B,ECE,4,DSA,Week 5,100.0,6148578017
STU073,Riya Reddy,3,3,B,ECE,4,DSA,Week 6,100.0,6148578017
STU073,Riya Reddy,4,4,B,ECE,4,DSA,Week 7,100.0,6148578017
STU073,Riya Reddy,3,3,B,ECE,4,DSA,Week 8,100.0,6148578017
STU073,Riya Reddy,2,2,B,ECE,4,Code Lab,Week 1,100.0,6148578017
STU073,Riya Reddy,0,1,B,ECE,4,Code Lab,Week 2,0.0,6148578017
STU073,Riya Reddy,2,2,B,ECE,4,Code Lab,Week 3,100.0,6148578017
STU073,Riya Reddy,2,2,B,ECE,4,Code Lab,Week 4,100.0,6148578017
STU073,Riya Reddy,3,3,B,ECE,4,Code Lab,Week 5,100.0,6148578017
STU073,Riya Reddy,1,1,B,ECE,4,Code Lab,Week 6,100.0,6148578017
STU073,Riya Reddy,2,2,B,ECE,4,Code Lab,Week 7,100.0,6148578017
STU073,Riya Reddy,2,2,B,ECE,4,Code Lab,Week 8,100.0,6148578017
STU073,Riya Reddy,2,2,B,ECE,4,Communication Skills,Week 1,100.0,6148578017
STU073,Riya Reddy,2,2,B,ECE,4,Communication Skills,Week 2,100.0,6148578017
STU073,Riya Reddy,1,1,B,ECE,4,Communication Skills,Week 3,100.0,6148578017
STU073,Riya Reddy,2,2,B,ECE,4,Communication Skills,Week 4,100.0,6148578017
STU073,Riya Reddy,3,3,B,ECE,4,Communication Skills,Week 5,100.0,6148578017
STU073,Riya Reddy,2,2,B,ECE,4,Communication Skills,Week 6,100.0,6148578017
STU073,Riya Reddy,3,3,B,ECE,4,Communication Skills,Week 7,100.0,6148578017
STU073,Riya Reddy,1,1,B,ECE,4,Communication Skills,Week 8,100.0,6148578017
STU074,Shreya Nair,3,4,A,AI&DS,4,Maths,Week 1,75.0,9355281184
STU074,Shreya Nair,3,3,A,AI&DS,4,Maths,Week 2,100.0,9355281184
STU074,Shreya Nair,4,4,A,AI&DS,4,Maths,Week 3,100.0,9355281184
STU074,Shreya Nair,3,3,A,AI&DS,4,Maths,Week 4,100.0,9355281184
STU074,Shreya Nair,2,3,A,AI&DS,4,Maths,Week 5,66.67,9355281184
STU074,Shreya Nair,3,5,A,AI&DS,4,Maths,Week 6,60.0,9355281184
STU074,Shreya Nair,0,4,A,AI&DS,4,Maths,Week 7,0.0,9355281184
STU074,Shreya Nair,3,4,A,AI&DS,4,Maths,Week 8,75.0,9355281184
STU074,Shreya Nair,4,4,A,AI&DS,4,Python,Week 1,100.0,9355281184
STU074,Shreya Nair,3,3,A,AI&DS,4,Python,Week 2,100.0,9355281184
STU074,Shreya Nair,3,3,A,AI&DS,4,Python,Week 3,100.0,9355281184
STU074,Shreya Nair,2,4,A,AI&DS,4,Python,Week 4,50.0,9355281184
STU074,Shreya Nair,1,3,A,AI&DS,4,Python,Week 5,33.33,9355281184
STU074,Shreya Nair,2,2,A,AI&DS,4,Python,Week 6,100.0,9355281184
STU074,Shreya Nair,2,3,A,AI&DS,4,Python,Week 7,66.67,9355281184
STU074,Shreya Nair,0,3,A,AI&DS,4,Python,Week 8,0.0,9355281184
STU074,Shreya Nair,2,2,A,AI&DS,4,AI,Week 1,100.0,9355281184
STU074,Shreya Nair,3,3,A,AI&DS,4,AI,Week 2,100.0,9355281184
STU074,Shreya Nair,3,3,A,AI&DS,4,AI,Week 3,100.0,9355281184
STU074,Shreya Nair,2,3,A,AI&DS,4,AI,Week 4,66.67,9355281184
STU074,Shreya Nair,2,3,A,AI&DS,4,AI,Week 5,66.67,9355281184
STU074,Shreya Nair,2,3,A,AI&DS,4,AI,Week 6,66.67,9355281184
STU074,Shreya Nair,1,3,A,AI&DS,4,AI,Week 7,33.33,9355281184
STU074,Shreya Nair,1,4,A,AI&DS,4,AI,Week 8,25.0,9355281184
STU074,Shreya Nair,4,4,A,AI&DS,4,DSA,Week 1,100.0,9355281184
STU074,Shreya Nair,4,4,A,AI&DS,4,DSA,Week 2,100.0,9355281184
STU074,Shreya Nair,4,4,A,AI&DS,4,DSA,Week 3,100.0,9355281184
STU074,Shreya Nair,4,4,A,AI&DS,4,DSA,Week 4,100.0,9355281184
STU074,Shreya Nair,3,4,A,AI&DS,4,DSA,Week 5,75.0,9355281184
STU074,Shreya Nair,2,5,A,AI&DS,4,DSA,Week 6,40.0,9355281184
STU074,Shreya Nair,0,4,A,AI&DS,4,DSA,Week 7,0.0,9355281184
STU074,Shreya Nair,1,3,A,AI&DS,4,DSA,Week 8,33.33,9355281184
STU074,Shreya Nair,2,2,A,AI&DS,4,Code Lab,Week 1,100.0,9355281184
STU074,Shreya Nair,2,2,A,AI&DS,4,Code Lab,Week 2,100.0,9355281184
STU074,Shreya Nair,2,2,A,AI&DS,4,Code Lab,Week 3,100.0,9355281184
STU074,Shreya Nair,2,2,A,AI&DS,4,Code Lab,Week 4,100.0,9355281184
STU074,Shreya Nair,1,3,A,AI&DS,4,Code Lab,Week 5,33.33,9355281184
STU074,Shreya Nair,1,1,A,AI&DS,4,Code Lab,Week 6,100.0,9355281184
STU074,Shreya Nair,0,2,A,AI&DS,4,Code Lab,Week 7,0.0,9355281184
STU074,Shreya Nair,2,2,A,AI&DS,4,Code Lab,Week 8,100.0,9355281184
STU074,Shreya Nair,2,2,A,AI&DS,4,Communication Skills,Week 1,100.0,9355281184
STU074,Shreya Nair,2,2,A,AI&DS,4,Communication Skills,Week 2,100.0,9355281184
STU074,Shreya Nair,2,3,A,AI&DS,4,Communication Skills,Week 3,66.67,9355281184
STU074,Shreya Nair,1,3,A,AI&DS,4,Communication Skills,Week 4,33.33,9355281184
STU074,Shreya Nair,0,1,A,AI&DS,4,Communication Skills,Week 5,0.0,9355281184
STU074,Shreya Nair,2,2,A,AI&DS,4,Communication Skills,Week 6,100.0,9355281184
STU074,Shreya Nair,2,2,A,AI&DS,4,Communication Skills,Week 7,100.0,9355281184
STU074,Shreya Nair,1,3,A,AI&DS,4,Communication Skills,Week 8,33.33,9355281184
STU075,Anjali Sharma,3,4,B,AI&DS,4,Maths,Week 1,75.0,6919909014
STU075,Anjali Sharma,3,4,B,AI&DS,4,Maths,Week 2,75.0,6919909014
STU075,Anjali Sharma,3,5,B,AI&DS,4,Maths,Week 3,60.0,6919909014
STU075,Anjali Sharma,2,3,B,AI&DS,4,Maths,Week 4,66.67,6919909014
STU075,Anjali Sharma,3,5,B,AI&DS,4,Maths,Week 5,60.0,6919909014
STU075,Anjali Sharma,0,3,B,AI&DS,4,Maths,Week 6,0.0,6919909014
STU075,Anjali Sharma,1,4,B,AI&DS,4,Maths,Week 7,25.0,6919909014
STU075,Anjali Sharma,4,4,B,AI&DS,4,Maths,Week 8,100.0,6919909014
STU075,Anjali Sharma,2,3,B,AI&DS,4,Python,Week 1,66.67,6919909014
STU075,Anjali Sharma,2,3,B,AI&DS,4,Python,Week 2,66.67,6919909014
STU075,Anjali Sharma,2,2,B,AI&DS,4,Python,Week 3,100.0,6919909014
STU075,Anjali Sharma,3,3,B,AI&DS,4,Python,Week 4,100.0,6919909014
STU075,Anjali Sharma,2,3,B,AI&DS,4,Python,Week 5,66.67,6919909014
STU075,Anjali Sharma,1,2,B,AI&DS,4,Python,Week 6,50.0,6919909014
STU075,Anjali Sharma,4,4,B,AI&DS,4,Python,Week 7,100.0,6919909014
STU075,Anjali Sharma,4,4,B,AI&DS,4,Python,Week 8,100.0,6919909014
STU075,Anjali Sharma,1,2,B,AI&DS,4,AI,Week 1,50.0,6919909014
STU075,Anjali Sharma,2,4,B,AI&DS,4,AI,Week 2,50.0,6919909014
STU075,Anjali Sharma,2,2,B,AI&DS,4,AI,Week 3,100.0,6919909014
STU075,Anjali Sharma,2,3,B,AI&DS,4,AI,Week 4,66.67,6919909014
STU075,Anjali Sharma,2,3,B,AI&DS,4,AI,Week 5,66.67,6919909014
STU075,Anjali Sharma,3,4,B,AI&DS,4,AI,Week 6,75.0,6919909014
STU075,Anjali Sharma,1,3,B,AI&DS,4,AI,Week 7,33.33,6919909014
STU075,Anjali Sharma,3,3,B,AI&DS,4,AI,Week 8,100.0,6919909014
STU075,Anjali Sharma,4,4,B,AI&DS,4,DSA,Week 1,100.0,6919909014
STU075,Anjali Sharma,2,3,B,AI&DS,4,DSA,Week 2,66.67,6919909014
STU075,Anjali Sharma,4,4,B,AI&DS,4,DSA,Week 3,100.0,6919909014
STU075,Anjali Sharma,3,4,B,AI&DS,4,DSA,Week 4,75.0,6919909014
STU075,Anjali Sharma,4,4,B,AI&DS,4,DSA,Week 5,100.0,6919909014
STU075,Anjali Sharma,2,3,B,AI&DS,4,DSA,Week 6,66.67,6919909014
STU075,Anjali Sharma,3,4,B,AI&DS,4,DSA,Week 7,75.0,6919909014
STU075,Anjali Sharma,3,5,B,AI&DS,4,DSA,Week 8,60.0,6919909014
STU075,Anjali Sharma,2,3,B,AI&DS,4,Code Lab,Week 1,66.67,6919909014
STU075,Anjali Sharma,2,2,B,AI&DS,4,Code Lab,Week 2,100.0,6919909014
STU075,Anjali Sharma,2,2,B,AI&DS,4,Code Lab,Week 3,100.0,6919909014
STU075,Anjali Sharma,1,2,B,AI&DS,4,Code Lab,Week 4,50.0,6919909014
STU075,Anjali Sharma,3,3,B,AI&DS,4,Code Lab,Week 5,100.0,6919909014
STU075,Anjali Sharma,1,2,B,AI&DS,4,Code Lab,Week 6,50.0,6919909014
STU075,Anjali Sharma,1,1,B,AI&DS,4,Code Lab,Week 7,100.0,6919909014
STU075,Anjali Sharma,0,2,B,AI&DS,4,Code Lab,Week 8,0.0,6919909014
STU075,Anjali Sharma,2,2,B,AI&DS,4,Communication Skills,Week 1,100.0,6919909014
STU075,Anjali Sharma,3,3,B,AI&DS,4,Communication Skills,Week 2,100.0,6919909014
STU075,Anjali Sharma,1,2,B,AI&DS,4,Communication Skills,Week 3,50.0,6919909014
STU075,Anjali Sharma,1,2,B,AI&DS,4,Communication Skills,Week 4,50.0,6919909014
STU075,Anjali Sharma,1,1,B,AI&DS,4,Communication Skills,Week 5,100.0,6919909014
STU075,Anjali Sharma,1,1,B,AI&DS,4,Communication Skills,Week 6,100.0,6919909014
STU075,Anjali Sharma,2,2,B,AI&DS,4,Communication Skills,Week 7,100.0,6919909014
STU075,Anjali Sharma,1,1,B,AI&DS,4,Communication Skills,Week 8,100.0,6919909014
STU076,Nidhi Desai,1,3,A,IT,4,Maths,Week 1,33.33,8809037759
STU076,Nidhi Desai,3,4,A,IT,4,Maths,Week 2,75.0,8809037759
STU076,Nidhi Desai,4,4,A,IT,4,Maths,Week 3,100.0,8809037759
STU076,Nidhi Desai,1,3,A,IT,4,Maths,Week 4,33.33,8809037759
STU076,Nidhi Desai,0,5,A,IT,4,Maths,Week 5,0.0,8809037759
STU076,Nidhi Desai,3,5,A,IT,4,Maths,Week 6,60.0,8809037759
STU076,Nidhi Desai,2,5,A,IT,4,Maths,Week 7,40.0,8809037759
STU076,Nidhi Desai,4,4,A,IT,4,Maths,Week 8,100.0,8809037759
STU076,Nidhi Desai,1,3,A,IT,4,Python,Week 1,33.33,8809037759
STU076,Nidhi Desai,0,3,A,IT,4,Python,Week 2,0.0,8809037759
STU076,Nidhi Desai,3,4,A,IT,4,Python,Week 3,75.0,8809037759
STU076,Nidhi Desai,1,3,A,IT,4,Python,Week 4,33.33,8809037759
STU076,Nidhi Desai,1,3,A,IT,4,Python,Week 5,33.33,8809037759
STU076,Nidhi Desai,0,3,A,IT,4,Python,Week 6,0.0,8809037759
STU076,Nidhi Desai,2,3,A,IT,4,Python,Week 7,66.67,8809037759
STU076,Nidhi Desai,1,3,A,IT,4,Python,Week 8,33.33,8809037759
STU076,Nidhi Desai,1,3,A,IT,4,AI,Week 1,33.33,8809037759
STU076,Nidhi Desai,0,3,A,IT,4,AI,Week 2,0.0,8809037759
STU076,Nidhi Desai,2,2,A,IT,4,AI,Week 3,100.0,8809037759
STU076,Nidhi Desai,1,4,A,IT,4,AI,Week 4,25.0,8809037759
STU076,Nidhi Desai,3,3,A,IT,4,AI,Week 5,100.0,8809037759
STU076,Nidhi Desai,1,3,A,IT,4,AI,Week 6,33.33,8809037759
STU076,Nidhi Desai,0,2,A,IT,4,AI,Week 7,0.0,8809037759
STU076,Nidhi Desai,1,2,A,IT,4,AI,Week 8,50.0,8809037759
STU076,Nidhi Desai,3,4,A,IT,4,DSA,Week 1,75.0,8809037759
STU076,Nidhi Desai,2,4,A,IT,4,DSA,Week 2,50.0,8809037759
STU076,Nidhi Desai,1,3,A,IT,4,DSA,Week 3,33.33,8809037759
STU076,Nidhi Desai,1,4,A,IT,4,DSA,Week 4,25.0,8809037759
STU076,Nidhi Desai,3,3,A,IT,4,DSA,Week 5,100.0,8809037759
STU076,Nidhi Desai,3,4,A,IT,4,DSA,Week 6,75.0,8809037759
STU076,Nidhi Desai,4,4,A,IT,4,DSA,Week 7,100.0,8809037759
STU076,Nidhi Desai,4,4,A,IT,4,DSA,Week 8,100.0,8809037759
STU076,Nidhi Desai,1,1,A,IT,4,Code Lab,Week 1,100.0,8809037759
STU076,Nidhi Desai,1,1,A,IT,4,Code Lab,Week 2,100.0,8809037759
STU076,Nidhi Desai,0,3,A,IT,4,Code Lab,Week 3,0.0,8809037759
STU076,Nidhi Desai,1,2,A,IT,4,Code Lab,Week 4,50.0,8809037759
STU076,Nidhi Desai,1,2,A,IT,4,Code Lab,Week 5,50.0,8809037759
STU076,Nidhi Desai,0,2,A,IT,4,Code Lab,Week 6,0.0,8809037759
STU076,Nidhi Desai,3,3,A,IT,4,Code Lab,Week 7,100.0,8809037759
STU076,Nidhi Desai,1,2,A,IT,4,Code Lab,Week 8,50.0,8809037759
STU076,Nidhi Desai,3,3,A,IT,4,Communication Skills,Week 1,100.0,8809037759
STU076,Nidhi Desai,2,2,A,IT,4,Communication Skills,Week 2,100.0,8809037759
STU076,Nidhi Desai,2,3,A,IT,4,Communication Skills,Week 3,66.67,8809037759
STU076,Nidhi Desai,0,1,A,IT,4,Communication Skills,Week 4,0.0,8809037759
STU076,Nidhi Desai,1,2,A,IT,4,Communication Skills,Week 5,50.0,8809037759
STU076,Nidhi Desai,0,1,A,IT,4,Communication Skills,Week 6,0.0,8809037759
STU076,Nidhi Desai,2,3,A,IT,4,Communication Skills,Week 7,66.67,8809037759
STU076,Nidhi Desai,1,3,A,IT,4,Communication Skills,Week 8,33.33,8809037759
STU077,Anjali Reddy,4,4,A,IT,4,Maths,Week 1,100.0,9521454127
STU077,Anjali Reddy,3,5,A,IT,4,Maths,Week 2,60.0,9521454127
STU077,Anjali Reddy,3,3,A,IT,4,Maths,Week 3,100.0,9521454127
STU077,Anjali Reddy,5,5,A,IT,4,Maths,Week 4,100.0,9521454127
STU077,Anjali Reddy,4,4,A,IT,4,Maths,Week 5,100.0,9521454127
STU077,Anjali Reddy,3,3,A,IT,4,Maths,Week 6,100.0,9521454127
STU077,Anjali Reddy,3,3,A,IT,4,Maths,Week 7,100.0,9521454127
STU077,Anjali Reddy,4,4,A,IT,4,Maths,Week 8,100.0,9521454127
STU077,Anjali Reddy,4,4,A,IT,4,Python,Week 1,100.0,9521454127
STU077,Anjali Reddy,3,3,A,IT,4,Python,Week 2,100.0,9521454127
STU077,Anjali Reddy,1,3,A,IT,4,Python,Week 3,33.33,9521454127
STU077,Anjali Reddy,3,4,A,IT,4,Python,Week 4,75.0,9521454127
STU077,Anjali Reddy,3,3,A,IT,4,Python,Week 5,100.0,9521454127
STU077,Anjali Reddy,2,3,A,IT,4,Python,Week 6,66.67,9521454127
STU077,Anjali Reddy,2,2,A,IT,4,Python,Week 7,100.0,9521454127
STU077,Anjali Reddy,3,3,A,IT,4,Python,Week 8,100.0,9521454127
STU077,Anjali Reddy,2,3,A,IT,4,AI,Week 1,66.67,9521454127
STU077,Anjali Reddy,2,3,A,IT,4,AI,Week 2,66.67,9521454127
STU077,Anjali Reddy,2,2,A,IT,4,AI,Week 3,100.0,9521454127
STU077,Anjali Reddy,2,2,A,IT,4,AI,Week 4,100.0,9521454127
STU077,Anjali Reddy,2,3,A,IT,4,AI,Week 5,66.67,9521454127
STU077,Anjali Reddy,3,3,A,IT,4,AI,Week 6,100.0,9521454127
STU077,Anjali Reddy,3,3,A,IT,4,AI,Week 7,100.0,9521454127
STU077,Anjali Reddy,3,4,A,IT,4,AI,Week 8,75.0,9521454127
STU077,Anjali Reddy,1,3,A,IT,4,DSA,Week 1,33.33,9521454127
STU077,Anjali Reddy,4,5,A,IT,4,DSA,Week 2,80.0,9521454127
STU077,Anjali Reddy,4,4,A,IT,4,DSA,Week 3,100.0,9521454127
STU077,Anjali Reddy,4,4,A,IT,4,DSA,Week 4,100.0,9521454127
STU077,Anjali Reddy,4,4,A,IT,4,DSA,Week 5,100.0,9521454127
STU077,Anjali Reddy,5,5,A,IT,4,DSA,Week 6,100.0,9521454127
STU077,Anjali Reddy,3,4,A,IT,4,DSA,Week 7,75.0,9521454127
STU077,Anjali Reddy,4,4,A,IT,4,DSA,Week 8,100.0,9521454127
STU077,Anjali Reddy,2,2,A,IT,4,Code Lab,Week 1,100.0,9521454127
STU077,Anjali Reddy,2,2,A,IT,4,Code Lab,Week 2,100.0,9521454127
STU077,Anjali Reddy,2,2,A,IT,4,Code Lab,Week 3,100.0,9521454127
STU077,Anjali Reddy,2,2,A,IT,4,Code Lab,Week 4,100.0,9521454127
STU077,Anjali Reddy,1,1,A,IT,4,Code Lab,Week 5,100.0,9521454127
STU077,Anjali Reddy,1,1,A,IT,4,Code Lab,Week 6,100.0,9521454127
STU077,Anjali Reddy,2,2,A,IT,4,Code Lab,Week 7,100.0,9521454127
STU077,Anjali Reddy,1,1,A,IT,4,Code Lab,Week 8,100.0,9521454127
STU077,Anjali Reddy,2,3,A,IT,4,Communication Skills,Week 1,66.67,9521454127
STU077,Anjali Reddy,2,2,A,IT,4,Communication Skills,Week 2,100.0,9521454127
STU077,Anjali Reddy,1,1,A,IT,4,Communication Skills,Week 3,100.0,9521454127
STU077,Anjali Reddy,2,2,A,IT,4,Communication Skills,Week 4,100.0,9521454127
STU077,Anjali Reddy,2,2,A,IT,4,Communication Skills,Week 5,100.0,9521454127
STU077,Anjali Reddy,2,2,A,IT,4,Communication Skills,Week 6,100.0,9521454127
STU077,Anjali Reddy,3,3,A,IT,4,Communication Skills,Week 7,100.0,9521454127
STU077,Anjali Reddy,3,3,A,IT,4,Communication Skills,Week 8,100.0,9521454127
STU078,Siddharth Desai,3,3,B,AI&DS,3,Maths,Week 1,100.0,6973807454
STU078,Siddharth Desai,3,4,B,AI&DS,3,Maths,Week 2,75.0,6973807454
STU078,Siddharth Desai,2,3,B,AI&DS,3,Maths,Week 3,66.67,6973807454
STU078,Siddharth Desai,3,4,B,AI&DS,3,Maths,Week 4,75.0,6973807454
STU078,Siddharth Desai,2,4,B,AI&DS,3,Maths,Week 5,50.0,6973807454
STU078,Siddharth Desai,1,4,B,AI&DS,3,Maths,Week 6,25.0,6973807454
STU078,Siddharth Desai,2,4,B,AI&DS,3,Maths,Week 7,50.0,6973807454
STU078,Siddharth Desai,0,3,B,AI&DS,3,Maths,Week 8,0.0,6973807454
STU078,Siddharth Desai,1,3,B,AI&DS,3,Python,Week 1,33.33,6973807454
STU078,Siddharth Desai,1,3,B,AI&DS,3,Python,Week 2,33.33,6973807454
STU078,Siddharth Desai,1,3,B,AI&DS,3,Python,Week 3,33.33,6973807454
STU078,Siddharth Desai,1,3,B,AI&DS,3,Python,Week 4,33.33,6973807454
STU078,Siddharth Desai,2,4,B,AI&DS,3,Python,Week 5,50.0,6973807454
STU078,Siddharth Desai,1,3,B,AI&DS,3,Python,Week 6,33.33,6973807454
STU078,Siddharth Desai,3,4,B,AI&DS,3,Python,Week 7,75.0,6973807454
STU078,Siddharth Desai,1,3,B,AI&DS,3,Python,Week 8,33.33,6973807454
STU078,Siddharth Desai,3,3,B,AI&DS,3,AI,Week 1,100.0,6973807454
STU078,Siddharth Desai,1,3,B,AI&DS,3,AI,Week 2,33.33,6973807454
STU078,Siddharth Desai,2,3,B,AI&DS,3,AI,Week 3,66.67,6973807454
STU078,Siddharth Desai,2,2,B,AI&DS,3,AI,Week 4,100.0,6973807454
STU078,Siddharth Desai,1,3,B,AI&DS,3,AI,Week 5,33.33,6973807454
STU078,Siddharth Desai,2,3,B,AI&DS,3,AI,Week 6,66.67,6973807454
STU078,Siddharth Desai,2,4,B,AI&DS,3,AI,Week 7,50.0,6973807454
STU078,Siddharth Desai,2,3,B,AI&DS,3,AI,Week 8,66.67,6973807454
STU078,Siddharth Desai,2,4,B,AI&DS,3,DSA,Week 1,50.0,6973807454
STU078,Siddharth Desai,2,4,B,AI&DS,3,DSA,Week 2,50.0,6973807454
STU078,Siddharth Desai,2,5,B,AI&DS,3,DSA,Week 3,40.0,6973807454
STU078,Siddharth Desai,4,4,B,AI&DS,3,DSA,Week 4,100.0,6973807454
STU078,Siddharth Desai,2,5,B,AI&DS,3,DSA,Week 5,40.0,6973807454
STU078,Siddharth Desai,3,4,B,AI&DS,3,DSA,Week 6,75.0,6973807454
STU078,Siddharth Desai,0,3,B,AI&DS,3,DSA,Week 7,0.0,6973807454
STU078,Siddharth Desai,3,4,B,AI&DS,3,DSA,Week 8,75.0,6973807454
STU078,Siddharth Desai,1,1,B,AI&DS,3,Code Lab,Week 1,100.0,6973807454
STU078,Siddharth Desai,0,3,B,AI&DS,3,Code Lab,Week 2,0.0,6973807454
STU078,Siddharth Desai,2,2,B,AI&DS,3,Code Lab,Week 3,100.0,6973807454
STU078,Siddharth Desai,0,2,B,AI&DS,3,Code Lab,Week 4,0.0,6973807454
STU078,Siddharth Desai,0,2,B,AI&DS,3,Code Lab,Week 5,0.0,6973807454
STU078,Siddharth Desai,1,2,B,AI&DS,3,Code Lab,Week 6,50.0,6973807454
STU078,Siddharth Desai,2,2,B,AI&DS,3,Code Lab,Week 7,100.0,6973807454
STU078,Siddharth Desai,2,2,B,AI&DS,3,Code Lab,Week 8,100.0,6973807454
STU078,Siddharth Desai,1,1,B,AI&DS,3,Communication Skills,Week 1,100.0,6973807454
STU078,Siddharth Desai,1,1,B,AI&DS,3,Communication Skills,Week 2,100.0,6973807454
STU078,Siddharth Desai,3,3,B,AI&DS,3,Communication Skills,Week 3,100.0,6973807454
STU078,Siddharth Desai,3,3,B,AI&DS,3,Communication Skills,Week 4,100.0,6973807454
STU078,Siddharth Desai,1,2,B,AI&DS,3,Communication Skills,Week 5,50.0,6973807454
STU078,Siddharth Desai,2,3,B,AI&DS,3,Communication Skills,Week 6,66.67,6973807454
STU078,Siddharth Desai,2,2,B,AI&DS,3,Communication Skills,Week 7,100.0,6973807454
STU078,Siddharth Desai,2,2,B,AI&DS,3,Communication Skills,Week 8,100.0,6973807454
STU079,Nidhi Rao,4,4,C,CSE,4,Maths,Week 1,100.0,7930774552
STU079,Nidhi Rao,3,4,C,CSE,4,Maths,Week 2,75.0,7930774552
STU079,Nidhi Rao,4,4,C,CSE,4,Maths,Week 3,100.0,7930774552
STU079,Nidhi Rao,2,5,C,CSE,4,Maths,Week 4,40.0,7930774552
STU079,Nidhi Rao,4,4,C,CSE,4,Maths,Week 5,100.0,7930774552
STU079,Nidhi Rao,1,3,C,CSE,4,Maths,Week 6,33.33,7930774552
STU079,Nidhi Rao,2,3,C,CSE,4,Maths,Week 7,66.67,7930774552
STU079,Nidhi Rao,1,4,C,CSE,4,Maths,Week 8,25.0,7930774552
STU079,Nidhi Rao,2,4,C,CSE,4,Python,Week 1,50.0,7930774552
STU079,Nidhi Rao,3,3,C,CSE,4,Python,Week 2,100.0,7930774552
STU079,Nidhi Rao,2,3,C,CSE,4,Python,Week 3,66.67,7930774552
STU079,Nidhi Rao,2,3,C,CSE,4,Python,Week 4,66.67,7930774552
STU079,Nidhi Rao,0,3,C,CSE,4,Python,Week 5,0.0,7930774552
STU079,Nidhi Rao,1,4,C,CSE,4,Python,Week 6,25.0,7930774552
STU079,Nidhi Rao,1,3,C,CSE,4,Python,Week 7,33.33,7930774552
STU079,Nidhi Rao,1,3,C,CSE,4,Python,Week 8,33.33,7930774552
STU079,Nidhi Rao,4,4,C,CSE,4,AI,Week 1,100.0,7930774552
STU079,Nidhi Rao,4,4,C,CSE,4,AI,Week 2,100.0,7930774552
STU079,Nidhi Rao,3,4,C,CSE,4,AI,Week 3,75.0,7930774552
STU079,Nidhi Rao,2,3,C,CSE,4,AI,Week 4,66.67,7930774552
STU079,Nidhi Rao,4,4,C,CSE,4,AI,Week 5,100.0,7930774552
STU079,Nidhi Rao,2,3,C,CSE,4,AI,Week 6,66.67,7930774552
STU079,Nidhi Rao,0,3,C,CSE,4,AI,Week 7,0.0,7930774552
STU079,Nidhi Rao,2,3,C,CSE,4,AI,Week 8,66.67,7930774552
STU079,Nidhi Rao,3,4,C,CSE,4,DSA,Week 1,75.0,7930774552
STU079,Nidhi Rao,4,4,C,CSE,4,DSA,Week 2,100.0,7930774552
STU079,Nidhi Rao,3,3,C,CSE,4,DSA,Week 3,100.0,7930774552
STU079,Nidhi Rao,4,4,C,CSE,4,DSA,Week 4,100.0,7930774552
STU079,Nidhi Rao,3,4,C,CSE,4,DSA,Week 5,75.0,7930774552
STU079,Nidhi Rao,1,4,C,CSE,4,DSA,Week 6,25.0,7930774552
STU079,Nidhi Rao,1,3,C,CSE,4,DSA,Week 7,33.33,7930774552
STU079,Nidhi Rao,2,4,C,CSE,4,DSA,Week 8,50.0,7930774552
STU079,Nidhi Rao,2,2,C,CSE,4,Code Lab,Week 1,100.0,7930774552
STU079,Nidhi Rao,1,1,C,CSE,4,Code Lab,Week 2,100.0,7930774552
STU079,Nidhi Rao,2,3,C,CSE,4,Code Lab,Week 3,66.67,7930774552
STU079,Nidhi Rao,2,2,C,CSE,4,Code Lab,Week 4,100.0,7930774552
STU079,Nidhi Rao,0,3,C,CSE,4,Code Lab,Week 5,0.0,7930774552
STU079,Nidhi Rao,2,2,C,CSE,4,Code Lab,Week 6,100.0,7930774552
STU079,Nidhi Rao,1,1,C,CSE,4,Code Lab,Week 7,100.0,7930774552
STU079,Nidhi Rao,1,2,C,CSE,4,Code Lab,Week 8,50.0,7930774552
STU079,Nidhi Rao,1,1,C,CSE,4,Communication Skills,Week 1,100.0,7930774552
STU079,Nidhi Rao,1,2,C,CSE,4,Communication Skills,Week 2,50.0,7930774552
STU079,Nidhi Rao,1,1,C,CSE,4,Communication Skills,Week 3,100.0,7930774552
STU079,Nidhi Rao,2,2,C,CSE,4,Communication Skills,Week 4,100.0,7930774552
STU079,Nidhi Rao,2,2,C,CSE,4,Communication Skills,Week 5,100.0,7930774552
STU079,Nidhi Rao,2,3,C,CSE,4,Communication Skills,Week 6,66.67,7930774552
STU079,Nidhi Rao,0,1,C,CSE,4,Communication Skills,Week 7,0.0,7930774552
STU079,Nidhi Rao,1,2,C,CSE,4,Communication Skills,Week 8,50.0,7930774552
STU080,Karan Kapoor,3,5,B,IT,3,Maths,Week 1,60.0,9350948014
STU080,Karan Kapoor,1,3,B,IT,3,Maths,Week 2,33.33,9350948014
STU080,Karan Kapoor,2,4,B,IT,3,Maths,Week 3,50.0,9350948014
STU080,Karan Kapoor,1,4,B,IT,3,Maths,Week 4,25.0,9350948014
STU080,Karan Kapoor,2,3,B,IT,3,Maths,Week 5,66.67,9350948014
STU080,Karan Kapoor,2,4,B,IT,3,Maths,Week 6,50.0,9350948014
STU080,Karan Kapoor,4,4,B,IT,3,Maths,Week 7,100.0,9350948014
STU080,Karan Kapoor,3,5,B,IT,3,Maths,Week 8,60.0,9350948014
STU080,Karan Kapoor,2,2,B,IT,3,Python,Week 1,100.0,9350948014
STU080,Karan Kapoor,0,2,B,IT,3,Python,Week 2,0.0,9350948014
STU080,Karan Kapoor,2,4,B,IT,3,Python,Week 3,50.0,9350948014
STU080,Karan Kapoor,1,3,B,IT,3,Python,Week 4,33.33,9350948014
STU080,Karan Kapoor,1,3,B,IT,3,Python,Week 5,33.33,9350948014
STU080,Karan Kapoor,1,3,B,IT,3,Python,Week 6,33.33,9350948014
STU080,Karan Kapoor,3,3,B,IT,3,Python,Week 7,100.0,9350948014
STU080,Karan Kapoor,1,2,B,IT,3,Python,Week 8,50.0,9350948014
STU080,Karan Kapoor,1,3,B,IT,3,AI,Week 1,33.33,9350948014
STU080,Karan Kapoor,2,2,B,IT,3,AI,Week 2,100.0,9350948014
STU080,Karan Kapoor,3,4,B,IT,3,AI,Week 3,75.0,9350948014
STU080,Karan Kapoor,2,3,B,IT,3,AI,Week 4,66.67,9350948014
STU080,Karan Kapoor,1,3,B,IT,3,AI,Week 5,33.33,9350948014
STU080,Karan Kapoor,1,3,B,IT,3,AI,Week 6,33.33,9350948014
STU080,Karan Kapoor,2,3,B,IT,3,AI,Week 7,66.67,9350948014
STU080,Karan Kapoor,2,3,B,IT,3,AI,Week 8,66.67,9350948014
STU080,Karan Kapoor,0,4,B,IT,3,DSA,Week 1,0.0,9350948014
STU080,Karan Kapoor,2,4,B,IT,3,DSA,Week 2,50.0,9350948014
STU080,Karan Kapoor,2,4,B,IT,3,DSA,Week 3,50.0,9350948014
STU080,Karan Kapoor,2,4,B,IT,3,DSA,Week 4,50.0,9350948014
STU080,Karan Kapoor,3,4,B,IT,3,DSA,Week 5,75.0,9350948014
STU080,Karan Kapoor,3,4,B,IT,3,DSA,Week 6,75.0,9350948014
STU080,Karan Kapoor,1,4,B,IT,3,DSA,Week 7,25.0,9350948014
STU080,Karan Kapoor,4,5,B,IT,3,DSA,Week 8,80.0,9350948014
STU080,Karan Kapoor,0,2,B,IT,3,Code Lab,Week 1,0.0,9350948014
STU080,Karan Kapoor,2,2,B,IT,3,Code Lab,Week 2,100.0,9350948014
STU080,Karan Kapoor,0,2,B,IT,3,Code Lab,Week 3,0.0,9350948014
STU080,Karan Kapoor,1,3,B,IT,3,Code Lab,Week 4,33.33,9350948014
STU080,Karan Kapoor,1,1,B,IT,3,Code Lab,Week 5,100.0,9350948014
STU080,Karan Kapoor,1,1,B,IT,3,Code Lab,Week 6,100.0,9350948014
STU080,Karan Kapoor,2,2,B,IT,3,Code Lab,Week 7,100.0,9350948014
STU080,Karan Kapoor,2,3,B,IT,3,Code Lab,Week 8,66.67,9350948014
STU080,Karan Kapoor,2,3,B,IT,3,Communication Skills,Week 1,66.67,9350948014
STU080,Karan Kapoor,1,1,B,IT,3,Communication Skills,Week 2,100.0,9350948014
STU080,Karan Kapoor,1,2,B,IT,3,Communication Skills,Week 3,50.0,9350948014
STU080,Karan Kapoor,0,2,B,IT,3,Communication Skills,Week 4,0.0,9350948014
STU080,Karan Kapoor,2,2,B,IT,3,Communication Skills,Week 5,100.0,9350948014
STU080,Karan Kapoor,1,2,B,IT,3,Communication Skills,Week 6,50.0,9350948014
STU080,Karan Kapoor,1,2,B,IT,3,Communication Skills,Week 7,50.0,9350948014
STU080,Karan Kapoor,0,1,B,IT,3,Communication Skills,Week 8,0.0,9350948014
STU081,Shreya Kapoor,2,5,B,IT,3,Maths,Week 1,40.0,9020812641
STU081,Shreya Kapoor,1,4,B,IT,3,Maths,Week 2,25.0,9020812641
STU081,Shreya Kapoor,2,4,B,IT,3,Maths,Week 3,50.0,9020812641
STU081,Shreya Kapoor,3,3,B,IT,3,Maths,Week 4,100.0,9020812641
STU081,Shreya Kapoor,2,4,B,IT,3,Maths,Week 5,50.0,9020812641
STU081,Shreya Kapoor,3,4,B,IT,3,Maths,Week 6,75.0,9020812641
STU081,Shreya Kapoor,2,4,B,IT,3,Maths,Week 7,50.0,9020812641
STU081,Shreya Kapoor,4,4,B,IT,3,Maths,Week 8,100.0,9020812641
STU081,Shreya Kapoor,1,3,B,IT,3,Python,Week 1,33.33,9020812641
STU081,Shreya Kapoor,1,3,B,IT,3,Python,Week 2,33.33,9020812641
STU081,Shreya Kapoor,2,3,B,IT,3,Python,Week 3,66.67,9020812641
STU081,Shreya Kapoor,2,3,B,IT,3,Python,Week 4,66.67,9020812641
STU081,Shreya Kapoor,2,3,B,IT,3,Python,Week 5,66.67,9020812641
STU081,Shreya Kapoor,1,2,B,IT,3,Python,Week 6,50.0,9020812641
STU081,Shreya Kapoor,3,3,B,IT,3,Python,Week 7,100.0,9020812641
STU081,Shreya Kapoor,3,3,B,IT,3,Python,Week 8,100.0,9020812641
STU081,Shreya Kapoor,2,3,B,IT,3,AI,Week 1,66.67,9020812641
STU081,Shreya Kapoor,1,3,B,IT,3,AI,Week 2,33.33,9020812641
STU081,Shreya Kapoor,1,2,B,IT,3,AI,Week 3,50.0,9020812641
STU081,Shreya Kapoor,3,4,B,IT,3,AI,Week 4,75.0,9020812641
STU081,Shreya Kapoor,2,3,B,IT,3,AI,Week 5,66.67,9020812641
STU081,Shreya Kapoor,2,3,B,IT,3,AI,Week 6,66.67,9020812641
STU081,Shreya Kapoor,3,3,B,IT,3,AI,Week 7,100.0,9020812641
STU081,Shreya Kapoor,3,3,B,IT,3,AI,Week 8,100.0,9020812641
STU081,Shreya Kapoor,1,3,B,IT,3,DSA,Week 1,33.33,9020812641
STU081,Shreya Kapoor,1,5,B,IT,3,DSA,Week 2,20.0,9020812641
STU081,Shreya Kapoor,3,4,B,IT,3,DSA,Week 3,75.0,9020812641
STU081,Shreya Kapoor,3,4,B,IT,3,DSA,Week 4,75.0,9020812641
STU081,Shreya Kapoor,3,3,B,IT,3,DSA,Week 5,100.0,9020812641
STU081,Shreya Kapoor,4,5,B,IT,3,DSA,Week 6,80.0,9020812641
STU081,Shreya Kapoor,4,4,B,IT,3,DSA,Week 7,100.0,9020812641
STU081,Shreya Kapoor,2,4,B,IT,3,DSA,Week 8,50.0,9020812641
STU081,Shreya Kapoor,2,3,B,IT,3,Code Lab,Week 1,66.67,9020812641
STU081,Shreya Kapoor,1,3,B,IT,3,Code Lab,Week 2,33.33,9020812641
STU081,Shreya Kapoor,1,1,B,IT,3,Code Lab,Week 3,100.0,9020812641
STU081,Shreya Kapoor,2,2,B,IT,3,Code Lab,Week 4,100.0,9020812641
STU081,Shreya Kapoor,1,1,B,IT,3,Code Lab,Week 5,100.0,9020812641
STU081,Shreya Kapoor,1,2,B,IT,3,Code Lab,Week 6,50.0,9020812641
STU081,Shreya Kapoor,3,3,B,IT,3,Code Lab,Week 7,100.0,9020812641
STU081,Shreya Kapoor,3,3,B,IT,3,Code Lab,Week 8,100.0,9020812641
STU081,Shreya Kapoor,1,2,B,IT,3,Communication Skills,Week 1,50.0,9020812641
STU081,Shreya Kapoor,2,2,B,IT,3,Communication Skills,Week 2,100.0,9020812641
STU081,Shreya Kapoor,1,2,B,IT,3,Communication Skills,Week 3,50.0,9020812641
STU081,Shreya Kapoor,2,2,B,IT,3,Communication Skills,Week 4,100.0,9020812641
STU081,Shreya Kapoor,2,3,B,IT,3,Communication Skills,Week 5,66.67,9020812641
STU081,Shreya Kapoor,2,2,B,IT,3,Communication Skills,Week 6,100.0,9020812641
STU081,Shreya Kapoor,2,2,B,IT,3,Communication Skills,Week 7,100.0,9020812641
STU081,Shreya Kapoor,2,2,B,IT,3,Communication Skills,Week 8,100.0,9020812641
STU082,Karan Singh,3,4,C,AI&DS,3,Maths,Week 1,75.0,6809851739
STU082,Karan Singh,4,4,C,AI&DS,3,Maths,Week 2,100.0,6809851739
STU082,Karan Singh,4,4,C,AI&DS,3,Maths,Week 3,100.0,6809851739
STU082,Karan Singh,2,4,C,AI&DS,3,Maths,Week 4,50.0,6809851739
STU082,Karan Singh,4,4,C,AI&DS,3,Maths,Week 5,100.0,6809851739
STU082,Karan Singh,4,4,C,AI&DS,3,Maths,Week 6,100.0,6809851739
STU082,Karan Singh,5,5,C,AI&DS,3,Maths,Week 7,100.0,6809851739
STU082,Karan Singh,4,4,C,AI&DS,3,Maths,Week 8,100.0,6809851739
STU082,Karan Singh,3,3,C,AI&DS,3,Python,Week 1,100.0,6809851739
STU082,Karan Singh,2,2,C,AI&DS,3,Python,Week 2,100.0,6809851739
STU082,Karan Singh,2,3,C,AI&DS,3,Python,Week 3,66.67,6809851739
STU082,Karan Singh,4,4,C,AI&DS,3,Python,Week 4,100.0,6809851739
STU082,Karan Singh,2,2,C,AI&DS,3,Python,Week 5,100.0,6809851739
STU082,Karan Singh,3,3,C,AI&DS,3,Python,Week 6,100.0,6809851739
STU082,Karan Singh,3,3,C,AI&DS,3,Python,Week 7,100.0,6809851739
STU082,Karan Singh,3,4,C,AI&DS,3,Python,Week 8,75.0,6809851739
STU082,Karan Singh,3,3,C,AI&DS,3,AI,Week 1,100.0,6809851739
STU082,Karan Singh,3,3,C,AI&DS,3,AI,Week 2,100.0,6809851739
STU082,Karan Singh,3,3,C,AI&DS,3,AI,Week 3,100.0,6809851739
STU082,Karan Singh,4,4,C,AI&DS,3,AI,Week 4,100.0,6809851739
STU082,Karan Singh,4,4,C,AI&DS,3,AI,Week 5,100.0,6809851739
STU082,Karan Singh,4,4,C,AI&DS,3,AI,Week 6,100.0,6809851739
STU082,Karan Singh,3,3,C,AI&DS,3,AI,Week 7,100.0,6809851739
STU082,Karan Singh,2,2,C,AI&DS,3,AI,Week 8,100.0,6809851739
STU082,Karan Singh,4,4,C,AI&DS,3,DSA,Week 1,100.0,6809851739
STU082,Karan Singh,3,3,C,AI&DS,3,DSA,Week 2,100.0,6809851739
STU082,Karan Singh,2,3,C,AI&DS,3,DSA,Week 3,66.67,6809851739
STU082,Karan Singh,4,5,C,AI&DS,3,DSA,Week 4,80.0,6809851739
STU082,Karan Singh,4,4,C,AI&DS,3,DSA,Week 5,100.0,6809851739
STU082,Karan Singh,4,4,C,AI&DS,3,DSA,Week 6,100.0,6809851739
STU082,Karan Singh,5,5,C,AI&DS,3,DSA,Week 7,100.0,6809851739
STU082,Karan Singh,4,4,C,AI&DS,3,DSA,Week 8,100.0,6809851739
STU082,Karan Singh,2,2,C,AI&DS,3,Code Lab,Week 1,100.0,6809851739
STU082,Karan Singh,2,2,C,AI&DS,3,Code Lab,Week 2,100.0,6809851739
STU082,Karan Singh,2,2,C,AI&DS,3,Code Lab,Week 3,100.0,6809851739
STU082,Karan Singh,2,2,C,AI&DS,3,Code Lab,Week 4,100.0,6809851739
STU082,Karan Singh,2,2,C,AI&DS,3,Code Lab,Week 5,100.0,6809851739
STU082,Karan Singh,3,3,C,AI&DS,3,Code Lab,Week 6,100.0,6809851739
STU082,Karan Singh,2,2,C,AI&DS,3,Code Lab,Week 7,100.0,6809851739
STU082,Karan Singh,1,2,C,AI&DS,3,Code Lab,Week 8,50.0,6809851739
STU082,Karan Singh,0,1,C,AI&DS,3,Communication Skills,Week 1,0.0,6809851739
STU082,Karan Singh,3,3,C,AI&DS,3,Communication Skills,Week 2,100.0,6809851739
STU082,Karan Singh,2,2,C,AI&DS,3,Communication Skills,Week 3,100.0,6809851739
STU082,Karan Singh,1,1,C,AI&DS,3,Communication Skills,Week 4,100.0,6809851739
STU082,Karan Singh,2,2,C,AI&DS,3,Communication Skills,Week 5,100.0,6809851739
STU082,Karan Singh,2,2,C,AI&DS,3,Communication Skills,Week 6,100.0,6809851739
STU082,Karan Singh,2,2,C,AI&DS,3,Communication Skills,Week 7,100.0,6809851739
STU082,Karan Singh,1,1,C,AI&DS,3,Communication Skills,Week 8,100.0,6809851739
STU083,Varun Menon,4,4,C,CSE,3,Maths,Week 1,100.0,7135528741
STU083,Varun Menon,4,4,C,CSE,3,Maths,Week 2,100.0,7135528741
STU083,Varun Menon,2,3,C,CSE,3,Maths,Week 3,66.67,7135528741
STU083,Varun Menon,3,3,C,CSE,3,Maths,Week 4,100.0,7135528741
STU083,Varun Menon,3,4,C,CSE,3,Maths,Week 5,75.0,7135528741
STU083,Varun Menon,3,3,C,CSE,3,Maths,Week 6,100.0,7135528741
STU083,Varun Menon,4,4,C,CSE,3,Maths,Week 7,100.0,7135528741
STU083,Varun Menon,2,3,C,CSE,3,Maths,Week 8,66.67,7135528741
STU083,Varun Menon,2,3,C,CSE,3,Python,Week 1,66.67,7135528741
STU083,Varun Menon,3,3,C,CSE,3,Python,Week 2,100.0,7135528741
STU083,Varun Menon,3,3,C,CSE,3,Python,Week 3,100.0,7135528741
STU083,Varun Menon,2,3,C,CSE,3,Python,Week 4,66.67,7135528741
STU083,Varun Menon,2,3,C,CSE,3,Python,Week 5,66.67,7135528741
STU083,Varun Menon,2,3,C,CSE,3,Python,Week 6,66.67,7135528741
STU083,Varun Menon,3,3,C,CSE,3,Python,Week 7,100.0,7135528741
STU083,Varun Menon,2,4,C,CSE,3,Python,Week 8,50.0,7135528741
STU083,Varun Menon,2,2,C,CSE,3,AI,Week 1,100.0,7135528741
STU083,Varun Menon,3,3,C,CSE,3,AI,Week 2,100.0,7135528741
STU083,Varun Menon,2,3,C,CSE,3,AI,Week 3,66.67,7135528741
STU083,Varun Menon,2,3,C,CSE,3,AI,Week 4,66.67,7135528741
STU083,Varun Menon,3,3,C,CSE,3,AI,Week 5,100.0,7135528741
STU083,Varun Menon,1,4,C,CSE,3,AI,Week 6,25.0,7135528741
STU083,Varun Menon,1,2,C,CSE,3,AI,Week 7,50.0,7135528741
STU083,Varun Menon,1,2,C,CSE,3,AI,Week 8,50.0,7135528741
STU083,Varun Menon,5,5,C,CSE,3,DSA,Week 1,100.0,7135528741
STU083,Varun Menon,3,3,C,CSE,3,DSA,Week 2,100.0,7135528741
STU083,Varun Menon,4,4,C,CSE,3,DSA,Week 3,100.0,7135528741
STU083,Varun Menon,2,3,C,CSE,3,DSA,Week 4,66.67,7135528741
STU083,Varun Menon,3,4,C,CSE,3,DSA,Week 5,75.0,7135528741
STU083,Varun Menon,5,5,C,CSE,3,DSA,Week 6,100.0,7135528741
STU083,Varun Menon,4,5,C,CSE,3,DSA,Week 7,80.0,7135528741
STU083,Varun Menon,3,4,C,CSE,3,DSA,Week 8,75.0,7135528741
STU083,Varun Menon,2,3,C,CSE,3,Code Lab,Week 1,66.67,7135528741
STU083,Varun Menon,1,1,C,CSE,3,Code Lab,Week 2,100.0,7135528741
STU083,Varun Menon,2,2,C,CSE,3,Code Lab,Week 3,100.0,7135528741
STU083,Varun Menon,2,2,C,CSE,3,Code Lab,Week 4,100.0,7135528741
STU083,Varun Menon,0,2,C,CSE,3,Code Lab,Week 5,0.0,7135528741
STU083,Varun Menon,1,1,C,CSE,3,Code Lab,Week 6,100.0,7135528741
STU083,Varun Menon,0,2,C,CSE,3,Code Lab,Week 7,0.0,7135528741
STU083,Varun Menon,1,1,C,CSE,3,Code Lab,Week 8,100.0,7135528741
STU083,Varun Menon,0,1,C,CSE,3,Communication Skills,Week 1,0.0,7135528741
STU083,Varun Menon,1,2,C,CSE,3,Communication Skills,Week 2,50.0,7135528741
STU083,Varun Menon,2,2,C,CSE,3,Communication Skills,Week 3,100.0,7135528741
STU083,Varun Menon,2,2,C,CSE,3,Communication Skills,Week 4,100.0,7135528741
STU083,Varun Menon,0,2,C,CSE,3,Communication Skills,Week 5,0.0,7135528741
STU083,Varun Menon,0,2,C,CSE,3,Communication Skills,Week 6,0.0,7135528741
STU083,Varun Menon,1,1,C,CSE,3,Communication Skills,Week 7,100.0,7135528741
STU083,Varun Menon,1,3,C,CSE,3,Communication Skills,Week 8,33.33,7135528741
STU084,Vikram Menon,3,3,C,IT,4,Maths,Week 1,100.0,8180162221
STU084,Vikram Menon,2,3,C,IT,4,Maths,Week 2,66.67,8180162221
STU084,Vikram Menon,4,5,C,IT,4,Maths,Week 3,80.0,8180162221
STU084,Vikram Menon,2,3,C,IT,4,Maths,Week 4,66.67,8180162221
STU084,Vikram Menon,2,4,C,IT,4,Maths,Week 5,50.0,8180162221
STU084,Vikram Menon,1,5,C,IT,4,Maths,Week 6,20.0,8180162221
STU084,Vikram Menon,2,3,C,IT,4,Maths,Week 7,66.67,8180162221
STU084,Vikram Menon,0,4,C,IT,4,Maths,Week 8,0.0,8180162221
STU084,Vikram Menon,3,3,C,IT,4,Python,Week 1,100.0,8180162221
STU084,Vikram Menon,2,3,C,IT,4,Python,Week 2,66.67,8180162221
STU084,Vikram Menon,3,3,C,IT,4,Python,Week 3,100.0,8180162221
STU084,Vikram Menon,2,3,C,IT,4,Python,Week 4,66.67,8180162221
STU084,Vikram Menon,1,2,C,IT,4,Python,Week 5,50.0,8180162221
STU084,Vikram Menon,1,3,C,IT,4,Python,Week 6,33.33,8180162221
STU084,Vikram Menon,2,3,C,IT,4,Python,Week 7,66.67,8180162221
STU084,Vikram Menon,1,4,C,IT,4,Python,Week 8,25.0,8180162221
STU084,Vikram Menon,4,4,C,IT,4,AI,Week 1,100.0,8180162221
STU084,Vikram Menon,3,3,C,IT,4,AI,Week 2,100.0,8180162221
STU084,Vikram Menon,2,3,C,IT,4,AI,Week 3,66.67,8180162221
STU084,Vikram Menon,2,2,C,IT,4,AI,Week 4,100.0,8180162221
STU084,Vikram Menon,3,3,C,IT,4,AI,Week 5,100.0,8180162221
STU084,Vikram Menon,1,3,C,IT,4,AI,Week 6,33.33,8180162221
STU084,Vikram Menon,0,4,C,IT,4,AI,Week 7,0.0,8180162221
STU084,Vikram Menon,0,2,C,IT,4,AI,Week 8,0.0,8180162221
STU084,Vikram Menon,3,3,C,IT,4,DSA,Week 1,100.0,8180162221
STU084,Vikram Menon,4,5,C,IT,4,DSA,Week 2,80.0,8180162221
STU084,Vikram Menon,3,4,C,IT,4,DSA,Week 3,75.0,8180162221
STU084,Vikram Menon,1,4,C,IT,4,DSA,Week 4,25.0,8180162221
STU084,Vikram Menon,2,4,C,IT,4,DSA,Week 5,50.0,8180162221
STU084,Vikram Menon,1,3,C,IT,4,DSA,Week 6,33.33,8180162221
STU084,Vikram Menon,3,4,C,IT,4,DSA,Week 7,75.0,8180162221
STU084,Vikram Menon,1,4,C,IT,4,DSA,Week 8,25.0,8180162221
STU084,Vikram Menon,3,3,C,IT,4,Code Lab,Week 1,100.0,8180162221
STU084,Vikram Menon,2,2,C,IT,4,Code Lab,Week 2,100.0,8180162221
STU084,Vikram Menon,1,2,C,IT,4,Code Lab,Week 3,50.0,8180162221
STU084,Vikram Menon,1,1,C,IT,4,Code Lab,Week 4,100.0,8180162221
STU084,Vikram Menon,0,1,C,IT,4,Code Lab,Week 5,0.0,8180162221
STU084,Vikram Menon,2,2,C,IT,4,Code Lab,Week 6,100.0,8180162221
STU084,Vikram Menon,2,3,C,IT,4,Code Lab,Week 7,66.67,8180162221
STU084,Vikram Menon,0,2,C,IT,4,Code Lab,Week 8,0.0,8180162221
STU084,Vikram Menon,1,1,C,IT,4,Communication Skills,Week 1,100.0,8180162221
STU084,Vikram Menon,2,3,C,IT,4,Communication Skills,Week 2,66.67,8180162221
STU084,Vikram Menon,2,2,C,IT,4,Communication Skills,Week 3,100.0,8180162221
STU084,Vikram Menon,1,2,C,IT,4,Communication Skills,Week 4,50.0,8180162221
STU084,Vikram Menon,1,2,C,IT,4,Communication Skills,Week 5,50.0,8180162221
STU084,Vikram Menon,1,2,C,IT,4,Communication Skills,Week 6,50.0,8180162221
STU084,Vikram Menon,1,3,C,IT,4,Communication Skills,Week 7,33.33,8180162221
STU084,Vikram Menon,2,3,C,IT,4,Communication Skills,Week 8,66.67,8180162221
STU085,Vikram Gupta,1,4,A,ECE,5,Maths,Week 1,25.0,6997385005
STU085,Vikram Gupta,3,3,A,ECE,5,Maths,Week 2,100.0,6997385005
STU085,Vikram Gupta,3,3,A,ECE,5,Maths,Week 3,100.0,6997385005
STU085,Vikram Gupta,1,3,A,ECE,5,Maths,Week 4,33.33,6997385005
STU085,Vikram Gupta,2,4,A,ECE,5,Maths,Week 5,50.0,6997385005
STU085,Vikram Gupta,3,4,A,ECE,5,Maths,Week 6,75.0,6997385005
STU085,Vikram Gupta,4,5,A,ECE,5,Maths,Week 7,80.0,6997385005
STU085,Vikram Gupta,3,4,A,ECE,5,Maths,Week 8,75.0,6997385005
STU085,Vikram Gupta,1,3,A,ECE,5,Python,Week 1,33.33,6997385005
STU085,Vikram Gupta,1,2,A,ECE,5,Python,Week 2,50.0,6997385005
STU085,Vikram Gupta,2,3,A,ECE,5,Python,Week 3,66.67,6997385005
STU085,Vikram Gupta,1,3,A,ECE,5,Python,Week 4,33.33,6997385005
STU085,Vikram Gupta,2,3,A,ECE,5,Python,Week 5,66.67,6997385005
STU085,Vikram Gupta,3,4,A,ECE,5,Python,Week 6,75.0,6997385005
STU085,Vikram Gupta,1,3,A,ECE,5,Python,Week 7,33.33,6997385005
STU085,Vikram Gupta,1,3,A,ECE,5,Python,Week 8,33.33,6997385005
STU085,Vikram Gupta,2,3,A,ECE,5,AI,Week 1,66.67,6997385005
STU085,Vikram Gupta,1,3,A,ECE,5,AI,Week 2,33.33,6997385005
STU085,Vikram Gupta,0,3,A,ECE,5,AI,Week 3,0.0,6997385005
STU085,Vikram Gupta,3,3,A,ECE,5,AI,Week 4,100.0,6997385005
STU085,Vikram Gupta,2,3,A,ECE,5,AI,Week 5,66.67,6997385005
STU085,Vikram Gupta,2,3,A,ECE,5,AI,Week 6,66.67,6997385005
STU085,Vikram Gupta,2,3,A,ECE,5,AI,Week 7,66.67,6997385005
STU085,Vikram Gupta,1,3,A,ECE,5,AI,Week 8,33.33,6997385005
STU085,Vikram Gupta,1,5,A,ECE,5,DSA,Week 1,20.0,6997385005
STU085,Vikram Gupta,3,4,A,ECE,5,DSA,Week 2,75.0,6997385005
STU085,Vikram Gupta,1,3,A,ECE,5,DSA,Week 3,33.33,6997385005
STU085,Vikram Gupta,3,5,A,ECE,5,DSA,Week 4,60.0,6997385005
STU085,Vikram Gupta,1,5,A,ECE,5,DSA,Week 5,20.0,6997385005
STU085,Vikram Gupta,3,5,A,ECE,5,DSA,Week 6,60.0,6997385005
STU085,Vikram Gupta,2,4,A,ECE,5,DSA,Week 7,50.0,6997385005
STU085,Vikram Gupta,2,4,A,ECE,5,DSA,Week 8,50.0,6997385005
STU085,Vikram Gupta,2,3,A,ECE,5,Code Lab,Week 1,66.67,6997385005
STU085,Vikram Gupta,1,2,A,ECE,5,Code Lab,Week 2,50.0,6997385005
STU085,Vikram Gupta,1,2,A,ECE,5,Code Lab,Week 3,50.0,6997385005
STU085,Vikram Gupta,2,2,A,ECE,5,Code Lab,Week 4,100.0,6997385005
STU085,Vikram Gupta,1,2,A,ECE,5,Code Lab,Week 5,50.0,6997385005
STU085,Vikram Gupta,1,3,A,ECE,5,Code Lab,Week 6,33.33,6997385005
STU085,Vikram Gupta,2,2,A,ECE,5,Code Lab,Week 7,100.0,6997385005
STU085,Vikram Gupta,0,2,A,ECE,5,Code Lab,Week 8,0.0,6997385005
STU085,Vikram Gupta,2,2,A,ECE,5,Communication Skills,Week 1,100.0,6997385005
STU085,Vikram Gupta,2,2,A,ECE,5,Communication Skills,Week 2,100.0,6997385005
STU085,Vikram Gupta,1,3,A,ECE,5,Communication Skills,Week 3,33.33,6997385005
STU085,Vikram Gupta,2,2,A,ECE,5,Communication Skills,Week 4,100.0,6997385005
STU085,Vikram Gupta,1,3,A,ECE,5,Communication Skills,Week 5,33.33,6997385005
STU085,Vikram Gupta,1,3,A,ECE,5,Communication Skills,Week 6,33.33,6997385005
STU085,Vikram Gupta,0,3,A,ECE,5,Communication Skills,Week 7,0.0,6997385005
STU085,Vikram Gupta,2,3,A,ECE,5,Communication Skills,Week 8,66.67,6997385005
STU086,Shreya Desai,2,4,A,AI&DS,5,Maths,Week 1,50.0,7109415691
STU086,Shreya Desai,1,4,A,AI&DS,5,Maths,Week 2,25.0,7109415691
STU086,Shreya Desai,2,5,A,AI&DS,5,Maths,Week 3,40.0,7109415691
STU086,Shreya Desai,1,4,A,AI&DS,5,Maths,Week 4,25.0,7109415691
STU086,Shreya Desai,3,5,A,AI&DS,5,Maths,Week 5,60.0,7109415691
STU086,Shreya Desai,4,4,A,AI&DS,5,Maths,Week 6,100.0,7109415691
STU086,Shreya Desai,2,3,A,AI&DS,5,Maths,Week 7,66.67,7109415691
STU086,Shreya Desai,3,4,A,AI&DS,5,Maths,Week 8,75.0,7109415691
STU086,Shreya Desai,1,3,A,AI&DS,5,Python,Week 1,33.33,7109415691
STU086,Shreya Desai,3,3,A,AI&DS,5,Python,Week 2,100.0,7109415691
STU086,Shreya Desai,0,2,A,AI&DS,5,Python,Week 3,0.0,7109415691
STU086,Shreya Desai,3,3,A,AI&DS,5,Python,Week 4,100.0,7109415691
STU086,Shreya Desai,1,3,A,AI&DS,5,Python,Week 5,33.33,7109415691
STU086,Shreya Desai,2,2,A,AI&DS,5,Python,Week 6,100.0,7109415691
STU086,Shreya Desai,3,3,A,AI&DS,5,Python,Week 7,100.0,7109415691
STU086,Shreya Desai,2,2,A,AI&DS,5,Python,Week 8,100.0,7109415691
STU086,Shreya Desai,1,3,A,AI&DS,5,AI,Week 1,33.33,7109415691
STU086,Shreya Desai,1,3,A,AI&DS,5,AI,Week 2,33.33,7109415691
STU086,Shreya Desai,3,4,A,AI&DS,5,AI,Week 3,75.0,7109415691
STU086,Shreya Desai,2,3,A,AI&DS,5,AI,Week 4,66.67,7109415691
STU086,Shreya Desai,1,2,A,AI&DS,5,AI,Week 5,50.0,7109415691
STU086,Shreya Desai,0,2,A,AI&DS,5,AI,Week 6,0.0,7109415691
STU086,Shreya Desai,4,4,A,AI&DS,5,AI,Week 7,100.0,7109415691
STU086,Shreya Desai,2,2,A,AI&DS,5,AI,Week 8,100.0,7109415691
STU086,Shreya Desai,2,4,A,AI&DS,5,DSA,Week 1,50.0,7109415691
STU086,Shreya Desai,2,4,A,AI&DS,5,DSA,Week 2,50.0,7109415691
STU086,Shreya Desai,1,4,A,AI&DS,5,DSA,Week 3,25.0,7109415691
STU086,Shreya Desai,3,4,A,AI&DS,5,DSA,Week 4,75.0,7109415691
STU086,Shreya Desai,4,4,A,AI&DS,5,DSA,Week 5,100.0,7109415691
STU086,Shreya Desai,2,4,A,AI&DS,5,DSA,Week 6,50.0,7109415691
STU086,Shreya Desai,4,4,A,AI&DS,5,DSA,Week 7,100.0,7109415691
STU086,Shreya Desai,4,4,A,AI&DS,5,DSA,Week 8,100.0,7109415691
STU086,Shreya Desai,0,2,A,AI&DS,5,Code Lab,Week 1,0.0,7109415691
STU086,Shreya Desai,1,2,A,AI&DS,5,Code Lab,Week 2,50.0,7109415691
STU086,Shreya Desai,1,2,A,AI&DS,5,Code Lab,Week 3,50.0,7109415691
STU086,Shreya Desai,1,2,A,AI&DS,5,Code Lab,Week 4,50.0,7109415691
STU086,Shreya Desai,1,2,A,AI&DS,5,Code Lab,Week 5,50.0,7109415691
STU086,Shreya Desai,3,3,A,AI&DS,5,Code Lab,Week 6,100.0,7109415691
STU086,Shreya Desai,1,2,A,AI&DS,5,Code Lab,Week 7,50.0,7109415691
STU086,Shreya Desai,1,2,A,AI&DS,5,Code Lab,Week 8,50.0,7109415691
STU086,Shreya Desai,0,1,A,AI&DS,5,Communication Skills,Week 1,0.0,7109415691
STU086,Shreya Desai,1,1,A,AI&DS,5,Communication Skills,Week 2,100.0,7109415691
STU086,Shreya Desai,0,1,A,AI&DS,5,Communication Skills,Week 3,0.0,7109415691
STU086,Shreya Desai,1,2,A,AI&DS,5,Communication Skills,Week 4,50.0,7109415691
STU086,Shreya Desai,2,2,A,AI&DS,5,Communication Skills,Week 5,100.0,7109415691
STU086,Shreya Desai,1,1,A,AI&DS,5,Communication Skills,Week 6,100.0,7109415691
STU086,Shreya Desai,1,2,A,AI&DS,5,Communication Skills,Week 7,50.0,7109415691
STU086,Shreya Desai,2,3,A,AI&DS,5,Communication Skills,Week 8,66.67,7109415691
STU087,Manish Iyer,0,4,A,MECH,4,Maths,Week 1,0.0,9710303128
STU087,Manish Iyer,2,5,A,MECH,4,Maths,Week 2,40.0,9710303128
STU087,Manish Iyer,1,4,A,MECH,4,Maths,Week 3,25.0,9710303128
STU087,Manish Iyer,4,4,A,MECH,4,Maths,Week 4,100.0,9710303128
STU087,Manish Iyer,4,4,A,MECH,4,Maths,Week 5,100.0,9710303128
STU087,Manish Iyer,1,4,A,MECH,4,Maths,Week 6,25.0,9710303128
STU087,Manish Iyer,2,4,A,MECH,4,Maths,Week 7,50.0,9710303128
STU087,Manish Iyer,4,5,A,MECH,4,Maths,Week 8,80.0,9710303128
STU087,Manish Iyer,3,3,A,MECH,4,Python,Week 1,100.0,9710303128
STU087,Manish Iyer,2,4,A,MECH,4,Python,Week 2,50.0,9710303128
STU087,Manish Iyer,2,4,A,MECH,4,Python,Week 3,50.0,9710303128
STU087,Manish Iyer,1,3,A,MECH,4,Python,Week 4,33.33,9710303128
STU087,Manish Iyer,2,2,A,MECH,4,Python,Week 5,100.0,9710303128
STU087,Manish Iyer,0,3,A,MECH,4,Python,Week 6,0.0,9710303128
STU087,Manish Iyer,2,3,A,MECH,4,Python,Week 7,66.67,9710303128
STU087,Manish Iyer,1,3,A,MECH,4,Python,Week 8,33.33,9710303128
STU087,Manish Iyer,1,3,A,MECH,4,AI,Week 1,33.33,9710303128
STU087,Manish Iyer,2,3,A,MECH,4,AI,Week 2,66.67,9710303128
STU087,Manish Iyer,0,3,A,MECH,4,AI,Week 3,0.0,9710303128
STU087,Manish Iyer,2,2,A,MECH,4,AI,Week 4,100.0,9710303128
STU087,Manish Iyer,2,3,A,MECH,4,AI,Week 5,66.67,9710303128
STU087,Manish Iyer,1,3,A,MECH,4,AI,Week 6,33.33,9710303128
STU087,Manish Iyer,0,3,A,MECH,4,AI,Week 7,0.0,9710303128
STU087,Manish Iyer,1,2,A,MECH,4,AI,Week 8,50.0,9710303128
STU087,Manish Iyer,3,4,A,MECH,4,DSA,Week 1,75.0,9710303128
STU087,Manish Iyer,2,4,A,MECH,4,DSA,Week 2,50.0,9710303128
STU087,Manish Iyer,3,5,A,MECH,4,DSA,Week 3,60.0,9710303128
STU087,Manish Iyer,1,4,A,MECH,4,DSA,Week 4,25.0,9710303128
STU087,Manish Iyer,2,4,A,MECH,4,DSA,Week 5,50.0,9710303128
STU087,Manish Iyer,3,3,A,MECH,4,DSA,Week 6,100.0,9710303128
STU087,Manish Iyer,2,3,A,MECH,4,DSA,Week 7,66.67,9710303128
STU087,Manish Iyer,0,4,A,MECH,4,DSA,Week 8,0.0,9710303128
STU087,Manish Iyer,2,2,A,MECH,4,Code Lab,Week 1,100.0,9710303128
STU087,Manish Iyer,1,1,A,MECH,4,Code Lab,Week 2,100.0,9710303128
STU087,Manish Iyer,0,3,A,MECH,4,Code Lab,Week 3,0.0,9710303128
STU087,Manish Iyer,0,2,A,MECH,4,Code Lab,Week 4,0.0,9710303128
STU087,Manish Iyer,0,2,A,MECH,4,Code Lab,Week 5,0.0,9710303128
STU087,Manish Iyer,1,3,A,MECH,4,Code Lab,Week 6,33.33,9710303128
STU087,Manish Iyer,3,3,A,MECH,4,Code Lab,Week 7,100.0,9710303128
STU087,Manish Iyer,1,2,A,MECH,4,Code Lab,Week 8,50.0,9710303128
STU087,Manish Iyer,1,2,A,MECH,4,Communication Skills,Week 1,50.0,9710303128
STU087,Manish Iyer,1,2,A,MECH,4,Communication Skills,Week 2,50.0,9710303128
STU087,Manish Iyer,2,2,A,MECH,4,Communication Skills,Week 3,100.0,9710303128
STU087,Manish Iyer,0,1,A,MECH,4,Communication Skills,Week 4,0.0,9710303128
STU087,Manish Iyer,1,2,A,MECH,4,Communication Skills,Week 5,50.0,9710303128
STU087,Manish Iyer,1,2,A,MECH,4,Communication Skills,Week 6,50.0,9710303128
STU087,Manish Iyer,1,2,A,MECH,4,Communication Skills,Week 7,50.0,9710303128
STU087,Manish Iyer,1,1,A,MECH,4,Communication Skills,Week 8,100.0,9710303128
STU088,Payal Patel,3,4,B,CSE,4,Maths,Week 1,75.0,6465492204
STU088,Payal Patel,3,4,B,CSE,4,Maths,Week 2,75.0,6465492204
STU088,Payal Patel,3,3,B,CSE,4,Maths,Week 3,100.0,6465492204
STU088,Payal Patel,5,5,B,CSE,4,Maths,Week 4,100.0,6465492204
STU088,Payal Patel,4,4,B,CSE,4,Maths,Week 5,100.0,6465492204
STU088,Payal Patel,2,4,B,CSE,4,Maths,Week 6,50.0,6465492204
STU088,Payal Patel,3,4,B,CSE,4,Maths,Week 7,75.0,6465492204
STU088,Payal Patel,3,4,B,CSE,4,Maths,Week 8,75.0,6465492204
STU088,Payal Patel,1,3,B,CSE,4,Python,Week 1,33.33,6465492204
STU088,Payal Patel,3,3,B,CSE,4,Python,Week 2,100.0,6465492204
STU088,Payal Patel,3,3,B,CSE,4,Python,Week 3,100.0,6465492204
STU088,Payal Patel,4,4,B,CSE,4,Python,Week 4,100.0,6465492204
STU088,Payal Patel,1,3,B,CSE,4,Python,Week 5,33.33,6465492204
STU088,Payal Patel,2,4,B,CSE,4,Python,Week 6,50.0,6465492204
STU088,Payal Patel,2,2,B,CSE,4,Python,Week 7,100.0,6465492204
STU088,Payal Patel,3,4,B,CSE,4,Python,Week 8,75.0,6465492204
STU088,Payal Patel,3,4,B,CSE,4,AI,Week 1,75.0,6465492204
STU088,Payal Patel,3,4,B,CSE,4,AI,Week 2,75.0,6465492204
STU088,Payal Patel,2,3,B,CSE,4,AI,Week 3,66.67,6465492204
STU088,Payal Patel,2,3,B,CSE,4,AI,Week 4,66.67,6465492204
STU088,Payal Patel,3,3,B,CSE,4,AI,Week 5,100.0,6465492204
STU088,Payal Patel,2,3,B,CSE,4,AI,Week 6,66.67,6465492204
STU088,Payal Patel,3,3,B,CSE,4,AI,Week 7,100.0,6465492204
STU088,Payal Patel,2,2,B,CSE,4,AI,Week 8,100.0,6465492204
STU088,Payal Patel,4,4,B,CSE,4,DSA,Week 1,100.0,6465492204
STU088,Payal Patel,4,5,B,CSE,4,DSA,Week 2,80.0,6465492204
STU088,Payal Patel,2,4,B,CSE,4,DSA,Week 3,50.0,6465492204
STU088,Payal Patel,4,4,B,CSE,4,DSA,Week 4,100.0,6465492204
STU088,Payal Patel,2,4,B,CSE,4,DSA,Week 5,50.0,6465492204
STU088,Payal Patel,3,3,B,CSE,4,DSA,Week 6,100.0,6465492204
STU088,Payal Patel,2,4,B,CSE,4,DSA,Week 7,50.0,6465492204
STU088,Payal Patel,2,4,B,CSE,4,DSA,Week 8,50.0,6465492204
STU088,Payal Patel,1,2,B,CSE,4,Code Lab,Week 1,50.0,6465492204
STU088,Payal Patel,1,2,B,CSE,4,Code Lab,Week 2,50.0,6465492204
STU088,Payal Patel,1,2,B,CSE,4,Code Lab,Week 3,50.0,6465492204
STU088,Payal Patel,1,2,B,CSE,4,Code Lab,Week 4,50.0,6465492204
STU088,Payal Patel,1,2,B,CSE,4,Code Lab,Week 5,50.0,6465492204
STU088,Payal Patel,3,3,B,CSE,4,Code Lab,Week 6,100.0,6465492204
STU088,Payal Patel,1,2,B,CSE,4,Code Lab,Week 7,50.0,6465492204
STU088,Payal Patel,1,2,B,CSE,4,Code Lab,Week 8,50.0,6465492204
STU088,Payal Patel,1,1,B,CSE,4,Communication Skills,Week 1,100.0,6465492204
STU088,Payal Patel,2,2,B,CSE,4,Communication Skills,Week 2,100.0,6465492204
STU088,Payal Patel,1,2,B,CSE,4,Communication Skills,Week 3,50.0,6465492204
STU088,Payal Patel,2,2,B,CSE,4,Communication Skills,Week 4,100.0,6465492204
STU088,Payal Patel,2,2,B,CSE,4,Communication Skills,Week 5,100.0,6465492204
STU088,Payal Patel,1,1,B,CSE,4,Communication Skills,Week 6,100.0,6465492204
STU088,Payal Patel,0,1,B,CSE,4,Communication Skills,Week 7,0.0,6465492204
STU088,Payal Patel,1,1,B,CSE,4,Communication Skills,Week 8,100.0,6465492204
STU089,Harsh Nair,4,5,A,IT,5,Maths,Week 1,80.0,8661330848
STU089,Harsh Nair,3,4,A,IT,5,Maths,Week 2,75.0,8661330848
STU089,Harsh Nair,4,5,A,IT,5,Maths,Week 3,80.0,8661330848
STU089,Harsh Nair,4,4,A,IT,5,Maths,Week 4,100.0,8661330848
STU089,Harsh Nair,4,4,A,IT,5,Maths,Week 5,100.0,8661330848
STU089,Harsh Nair,4,5,A,IT,5,Maths,Week 6,80.0,8661330848
STU089,Harsh Nair,4,5,A,IT,5,Maths,Week 7,80.0,8661330848
STU089,Harsh Nair,4,4,A,IT,5,Maths,Week 8,100.0,8661330848
STU089,Harsh Nair,2,3,A,IT,5,Python,Week 1,66.67,8661330848
STU089,Harsh Nair,2,2,A,IT,5,Python,Week 2,100.0,8661330848
STU089,Harsh Nair,3,3,A,IT,5,Python,Week 3,100.0,8661330848
STU089,Harsh Nair,2,3,A,IT,5,Python,Week 4,66.67,8661330848
STU089,Harsh Nair,3,3,A,IT,5,Python,Week 5,100.0,8661330848
STU089,Harsh Nair,2,2,A,IT,5,Python,Week 6,100.0,8661330848
STU089,Harsh Nair,3,3,A,IT,5,Python,Week 7,100.0,8661330848
STU089,Harsh Nair,3,3,A,IT,5,Python,Week 8,100.0,8661330848
STU089,Harsh Nair,3,3,A,IT,5,AI,Week 1,100.0,8661330848
STU089,Harsh Nair,3,3,A,IT,5,AI,Week 2,100.0,8661330848
STU089,Harsh Nair,1,2,A,IT,5,AI,Week 3,50.0,8661330848
STU089,Harsh Nair,3,3,A,IT,5,AI,Week 4,100.0,8661330848
STU089,Harsh Nair,1,4,A,IT,5,AI,Week 5,25.0,8661330848
STU089,Harsh Nair,3,3,A,IT,5,AI,Week 6,100.0,8661330848
STU089,Harsh Nair,2,3,A,IT,5,AI,Week 7,66.67,8661330848
STU089,Harsh Nair,4,4,A,IT,5,AI,Week 8,100.0,8661330848
STU089,Harsh Nair,2,4,A,IT,5,DSA,Week 1,50.0,8661330848
STU089,Harsh Nair,5,5,A,IT,5,DSA,Week 2,100.0,8661330848
STU089,Harsh Nair,3,4,A,IT,5,DSA,Week 3,75.0,8661330848
STU089,Harsh Nair,3,5,A,IT,5,DSA,Week 4,60.0,8661330848
STU089,Harsh Nair,5,5,A,IT,5,DSA,Week 5,100.0,8661330848
STU089,Harsh Nair,3,4,A,IT,5,DSA,Week 6,75.0,8661330848
STU089,Harsh Nair,1,3,A,IT,5,DSA,Week 7,33.33,8661330848
STU089,Harsh Nair,4,4,A,IT,5,DSA,Week 8,100.0,8661330848
STU089,Harsh Nair,2,2,A,IT,5,Code Lab,Week 1,100.0,8661330848
STU089,Harsh Nair,2,2,A,IT,5,Code Lab,Week 2,100.0,8661330848
STU089,Harsh Nair,0,2,A,IT,5,Code Lab,Week 3,0.0,8661330848
STU089,Harsh Nair,1,2,A,IT,5,Code Lab,Week 4,50.0,8661330848
STU089,Harsh Nair,2,3,A,IT,5,Code Lab,Week 5,66.67,8661330848
STU089,Harsh Nair,0,2,A,IT,5,Code Lab,Week 6,0.0,8661330848
STU089,Harsh Nair,1,2,A,IT,5,Code Lab,Week 7,50.0,8661330848
STU089,Harsh Nair,1,2,A,IT,5,Code Lab,Week 8,50.0,8661330848
STU089,Harsh Nair,2,3,A,IT,5,Communication Skills,Week 1,66.67,8661330848
STU089,Harsh Nair,2,3,A,IT,5,Communication Skills,Week 2,66.67,8661330848
STU089,Harsh Nair,2,2,A,IT,5,Communication Skills,Week 3,100.0,8661330848
STU089,Harsh Nair,1,3,A,IT,5,Communication Skills,Week 4,33.33,8661330848
STU089,Harsh Nair,1,2,A,IT,5,Communication Skills,Week 5,50.0,8661330848
STU089,Harsh Nair,2,2,A,IT,5,Communication Skills,Week 6,100.0,8661330848
STU089,Harsh Nair,1,2,A,IT,5,Communication Skills,Week 7,50.0,8661330848
STU089,Harsh Nair,2,2,A,IT,5,Communication Skills,Week 8,100.0,8661330848
STU090,Simran Chauhan,2,3,B,IT,5,Maths,Week 1,66.67,8346071904
STU090,Simran Chauhan,4,4,B,IT,5,Maths,Week 2,100.0,8346071904
STU090,Simran Chauhan,3,4,B,IT,5,Maths,Week 3,75.0,8346071904
STU090,Simran Chauhan,2,4,B,IT,5,Maths,Week 4,50.0,8346071904
STU090,Simran Chauhan,3,4,B,IT,5,Maths,Week 5,75.0,8346071904
STU090,Simran Chauhan,2,3,B,IT,5,Maths,Week 6,66.67,8346071904
STU090,Simran Chauhan,2,4,B,IT,5,Maths,Week 7,50.0,8346071904
STU090,Simran Chauhan,4,4,B,IT,5,Maths,Week 8,100.0,8346071904
STU090,Simran Chauhan,3,4,B,IT,5,Python,Week 1,75.0,8346071904
STU090,Simran Chauhan,3,4,B,IT,5,Python,Week 2,75.0,8346071904
STU090,Simran Chauhan,3,4,B,IT,5,Python,Week 3,75.0,8346071904
STU090,Simran Chauhan,2,2,B,IT,5,Python,Week 4,100.0,8346071904
STU090,Simran Chauhan,1,3,B,IT,5,Python,Week 5,33.33,8346071904
STU090,Simran Chauhan,3,4,B,IT,5,Python,Week 6,75.0,8346071904
STU090,Simran Chauhan,2,4,B,IT,5,Python,Week 7,50.0,8346071904
STU090,Simran Chauhan,3,3,B,IT,5,Python,Week 8,100.0,8346071904
STU090,Simran Chauhan,3,3,B,IT,5,AI,Week 1,100.0,8346071904
STU090,Simran Chauhan,3,3,B,IT,5,AI,Week 2,100.0,8346071904
STU090,Simran Chauhan,3,3,B,IT,5,AI,Week 3,100.0,8346071904
STU090,Simran Chauhan,1,2,B,IT,5,AI,Week 4,50.0,8346071904
STU090,Simran Chauhan,3,3,B,IT,5,AI,Week 5,100.0,8346071904
STU090,Simran Chauhan,3,3,B,IT,5,AI,Week 6,100.0,8346071904
STU090,Simran Chauhan,3,4,B,IT,5,AI,Week 7,75.0,8346071904
STU090,Simran Chauhan,4,4,B,IT,5,AI,Week 8,100.0,8346071904
STU090,Simran Chauhan,4,4,B,IT,5,DSA,Week 1,100.0,8346071904
STU090,Simran Chauhan,3,4,B,IT,5,DSA,Week 2,75.0,8346071904
STU090,Simran Chauhan,4,5,B,IT,5,DSA,Week 3,80.0,8346071904
STU090,Simran Chauhan,2,4,B,IT,5,DSA,Week 4,50.0,8346071904
STU090,Simran Chauhan,3,5,B,IT,5,DSA,Week 5,60.0,8346071904
STU090,Simran Chauhan,4,4,B,IT,5,DSA,Week 6,100.0,8346071904
STU090,Simran Chauhan,3,3,B,IT,5,DSA,Week 7,100.0,8346071904
STU090,Simran Chauhan,4,5,B,IT,5,DSA,Week 8,80.0,8346071904
STU090,Simran Chauhan,1,1,B,IT,5,Code Lab,Week 1,100.0,8346071904
STU090,Simran Chauhan,3,3,B,IT,5,Code Lab,Week 2,100.0,8346071904
STU090,Simran Chauhan,1,1,B,IT,5,Code Lab,Week 3,100.0,8346071904
STU090,Simran Chauhan,1,1,B,IT,5,Code Lab,Week 4,100.0,8346071904
STU090,Simran Chauhan,2,2,B,IT,5,Code Lab,Week 5,100.0,8346071904
STU090,Simran Chauhan,1,2,B,IT,5,Code Lab,Week 6,50.0,8346071904
STU090,Simran Chauhan,1,2,B,IT,5,Code Lab,Week 7,50.0,8346071904
STU090,Simran Chauhan,2,2,B,IT,5,Code Lab,Week 8,100.0,8346071904
STU090,Simran Chauhan,2,2,B,IT,5,Communication Skills,Week 1,100.0,8346071904
STU090,Simran Chauhan,1,1,B,IT,5,Communication Skills,Week 2,100.0,8346071904
STU090,Simran Chauhan,1,2,B,IT,5,Communication Skills,Week 3,50.0,8346071904
STU090,Simran Chauhan,1,2,B,IT,5,Communication Skills,Week 4,50.0,8346071904
STU090,Simran Chauhan,2,2,B,IT,5,Communication Skills,Week 5,100.0,8346071904
STU090,Simran Chauhan,1,2,B,IT,5,Communication Skills,Week 6,50.0,8346071904
STU090,Simran Chauhan,2,2,B,IT,5,Communication Skills,Week 7,100.0,8346071904
STU090,Simran Chauhan,0,2,B,IT,5,Communication Skills,Week 8,0.0,8346071904
STU091,Arjun Kapoor,4,4,A,IT,4,Maths,Week 1,100.0,9361203124
STU091,Arjun Kapoor,5,5,A,IT,4,Maths,Week 2,100.0,9361203124
STU091,Arjun Kapoor,3,3,A,IT,4,Maths,Week 3,100.0,9361203124
STU091,Arjun Kapoor,4,4,A,IT,4,Maths,Week 4,100.0,9361203124
STU091,Arjun Kapoor,4,4,A,IT,4,Maths,Week 5,100.0,9361203124
STU091,Arjun Kapoor,3,4,A,IT,4,Maths,Week 6,75.0,9361203124
STU091,Arjun Kapoor,3,3,A,IT,4,Maths,Week 7,100.0,9361203124
STU091,Arjun Kapoor,2,4,A,IT,4,Maths,Week 8,50.0,9361203124
STU091,Arjun Kapoor,2,3,A,IT,4,Python,Week 1,66.67,9361203124
STU091,Arjun Kapoor,3,3,A,IT,4,Python,Week 2,100.0,9361203124
STU091,Arjun Kapoor,3,3,A,IT,4,Python,Week 3,100.0,9361203124
STU091,Arjun Kapoor,3,3,A,IT,4,Python,Week 4,100.0,9361203124
STU091,Arjun Kapoor,3,3,A,IT,4,Python,Week 5,100.0,9361203124
STU091,Arjun Kapoor,1,2,A,IT,4,Python,Week 6,50.0,9361203124
STU091,Arjun Kapoor,3,3,A,IT,4,Python,Week 7,100.0,9361203124
STU091,Arjun Kapoor,3,4,A,IT,4,Python,Week 8,75.0,9361203124
STU091,Arjun Kapoor,2,3,A,IT,4,AI,Week 1,66.67,9361203124
STU091,Arjun Kapoor,2,2,A,IT,4,AI,Week 2,100.0,9361203124
STU091,Arjun Kapoor,3,3,A,IT,4,AI,Week 3,100.0,9361203124
STU091,Arjun Kapoor,3,3,A,IT,4,AI,Week 4,100.0,9361203124
STU091,Arjun Kapoor,3,3,A,IT,4,AI,Week 5,100.0,9361203124
STU091,Arjun Kapoor,4,4,A,IT,4,AI,Week 6,100.0,9361203124
STU091,Arjun Kapoor,2,3,A,IT,4,AI,Week 7,66.67,9361203124
STU091,Arjun Kapoor,2,2,A,IT,4,AI,Week 8,100.0,9361203124
STU091,Arjun Kapoor,3,4,A,IT,4,DSA,Week 1,75.0,9361203124
STU091,Arjun Kapoor,3,3,A,IT,4,DSA,Week 2,100.0,9361203124
STU091,Arjun Kapoor,4,4,A,IT,4,DSA,Week 3,100.0,9361203124
STU091,Arjun Kapoor,3,3,A,IT,4,DSA,Week 4,100.0,9361203124
STU091,Arjun Kapoor,3,4,A,IT,4,DSA,Week 5,75.0,9361203124
STU091,Arjun Kapoor,4,4,A,IT,4,DSA,Week 6,100.0,9361203124
STU091,Arjun Kapoor,1,3,A,IT,4,DSA,Week 7,33.33,9361203124
STU091,Arjun Kapoor,3,3,A,IT,4,DSA,Week 8,100.0,9361203124
STU091,Arjun Kapoor,2,2,A,IT,4,Code Lab,Week 1,100.0,9361203124
STU091,Arjun Kapoor,1,2,A,IT,4,Code Lab,Week 2,50.0,9361203124
STU091,Arjun Kapoor,2,2,A,IT,4,Code Lab,Week 3,100.0,9361203124
STU091,Arjun Kapoor,1,1,A,IT,4,Code Lab,Week 4,100.0,9361203124
STU091,Arjun Kapoor,2,2,A,IT,4,Code Lab,Week 5,100.0,9361203124
STU091,Arjun Kapoor,2,2,A,IT,4,Code Lab,Week 6,100.0,9361203124
STU091,Arjun Kapoor,2,2,A,IT,4,Code Lab,Week 7,100.0,9361203124
STU091,Arjun Kapoor,3,3,A,IT,4,Code Lab,Week 8,100.0,9361203124
STU091,Arjun Kapoor,2,2,A,IT,4,Communication Skills,Week 1,100.0,9361203124
STU091,Arjun Kapoor,2,3,A,IT,4,Communication Skills,Week 2,66.67,9361203124
STU091,Arjun Kapoor,1,1,A,IT,4,Communication Skills,Week 3,100.0,9361203124
STU091,Arjun Kapoor,1,2,A,IT,4,Communication Skills,Week 4,50.0,9361203124
STU091,Arjun Kapoor,1,1,A,IT,4,Communication Skills,Week 5,100.0,9361203124
STU091,Arjun Kapoor,2,2,A,IT,4,Communication Skills,Week 6,100.0,9361203124
STU091,Arjun Kapoor,0,2,A,IT,4,Communication Skills,Week 7,0.0,9361203124
STU091,Arjun Kapoor,1,2,A,IT,4,Communication Skills,Week 8,50.0,9361203124
STU092,Kavya Gupta,5,5,A,IT,4,Maths,Week 1,100.0,8365436049
STU092,Kavya Gupta,3,4,A,IT,4,Maths,Week 2,75.0,8365436049
STU092,Kavya Gupta,4,4,A,IT,4,Maths,Week 3,100.0,8365436049
STU092,Kavya Gupta,4,4,A,IT,4,Maths,Week 4,100.0,8365436049
STU092,Kavya Gupta,3,3,A,IT,4,Maths,Week 5,100.0,8365436049
STU092,Kavya Gupta,3,4,A,IT,4,Maths,Week 6,75.0,8365436049
STU092,Kavya Gupta,5,5,A,IT,4,Maths,Week 7,100.0,8365436049
STU092,Kavya Gupta,2,3,A,IT,4,Maths,Week 8,66.67,8365436049
STU092,Kavya Gupta,3,3,A,IT,4,Python,Week 1,100.0,8365436049
STU092,Kavya Gupta,2,2,A,IT,4,Python,Week 2,100.0,8365436049
STU092,Kavya Gupta,2,2,A,IT,4,Python,Week 3,100.0,8365436049
STU092,Kavya Gupta,3,3,A,IT,4,Python,Week 4,100.0,8365436049
STU092,Kavya Gupta,4,4,A,IT,4,Python,Week 5,100.0,8365436049
STU092,Kavya Gupta,2,2,A,IT,4,Python,Week 6,100.0,8365436049
STU092,Kavya Gupta,3,3,A,IT,4,Python,Week 7,100.0,8365436049
STU092,Kavya Gupta,4,4,A,IT,4,Python,Week 8,100.0,8365436049
STU092,Kavya Gupta,4,4,A,IT,4,AI,Week 1,100.0,8365436049
STU092,Kavya Gupta,3,3,A,IT,4,AI,Week 2,100.0,8365436049
STU092,Kavya Gupta,3,3,A,IT,4,AI,Week 3,100.0,8365436049
STU092,Kavya Gupta,4,4,A,IT,4,AI,Week 4,100.0,8365436049
STU092,Kavya Gupta,2,3,A,IT,4,AI,Week 5,66.67,8365436049
STU092,Kavya Gupta,3,3,A,IT,4,AI,Week 6,100.0,8365436049
STU092,Kavya Gupta,2,2,A,IT,4,AI,Week 7,100.0,8365436049
STU092,Kavya Gupta,3,3,A,IT,4,AI,Week 8,100.0,8365436049
STU092,Kavya Gupta,4,4,A,IT,4,DSA,Week 1,100.0,8365436049
STU092,Kavya Gupta,3,4,A,IT,4,DSA,Week 2,75.0,8365436049
STU092,Kavya Gupta,3,3,A,IT,4,DSA,Week 3,100.0,8365436049
STU092,Kavya Gupta,2,4,A,IT,4,DSA,Week 4,50.0,8365436049
STU092,Kavya Gupta,4,4,A,IT,4,DSA,Week 5,100.0,8365436049
STU092,Kavya Gupta,3,4,A,IT,4,DSA,Week 6,75.0,8365436049
STU092,Kavya Gupta,3,4,A,IT,4,DSA,Week 7,75.0,8365436049
STU092,Kavya Gupta,0,5,A,IT,4,DSA,Week 8,0.0,8365436049
STU092,Kavya Gupta,1,2,A,IT,4,Code Lab,Week 1,50.0,8365436049
STU092,Kavya Gupta,2,2,A,IT,4,Code Lab,Week 2,100.0,8365436049
STU092,Kavya Gupta,2,3,A,IT,4,Code Lab,Week 3,66.67,8365436049
STU092,Kavya Gupta,3,3,A,IT,4,Code Lab,Week 4,100.0,8365436049
STU092,Kavya Gupta,3,3,A,IT,4,Code Lab,Week 5,100.0,8365436049
STU092,Kavya Gupta,2,2,A,IT,4,Code Lab,Week 6,100.0,8365436049
STU092,Kavya Gupta,2,2,A,IT,4,Code Lab,Week 7,100.0,8365436049
STU092,Kavya Gupta,3,3,A,IT,4,Code Lab,Week 8,100.0,8365436049
STU092,Kavya Gupta,1,2,A,IT,4,Communication Skills,Week 1,50.0,8365436049
STU092,Kavya Gupta,1,1,A,IT,4,Communication Skills,Week 2,100.0,8365436049
STU092,Kavya Gupta,1,1,A,IT,4,Communication Skills,Week 3,100.0,8365436049
STU092,Kavya Gupta,1,1,A,IT,4,Communication Skills,Week 4,100.0,8365436049
STU092,Kavya Gupta,0,2,A,IT,4,Communication Skills,Week 5,0.0,8365436049
STU092,Kavya Gupta,1,1,A,IT,4,Communication Skills,Week 6,100.0,8365436049
STU092,Kavya Gupta,1,1,A,IT,4,Communication Skills,Week 7,100.0,8365436049
STU092,Kavya Gupta,2,2,A,IT,4,Communication Skills,Week 8,100.0,8365436049
STU093,Swati Kapoor,4,5,A,MECH,5,Maths,Week 1,80.0,7091926217
STU093,Swati Kapoor,3,3,A,MECH,5,Maths,Week 2,100.0,7091926217
STU093,Swati Kapoor,5,5,A,MECH,5,Maths,Week 3,100.0,7091926217
STU093,Swati Kapoor,5,5,A,MECH,5,Maths,Week 4,100.0,7091926217
STU093,Swati Kapoor,4,4,A,MECH,5,Maths,Week 5,100.0,7091926217
STU093,Swati Kapoor,4,5,A,MECH,5,Maths,Week 6,80.0,7091926217
STU093,Swati Kapoor,4,4,A,MECH,5,Maths,Week 7,100.0,7091926217
STU093,Swati Kapoor,4,4,A,MECH,5,Maths,Week 8,100.0,7091926217
STU093,Swati Kapoor,2,2,A,MECH,5,Python,Week 1,100.0,7091926217
STU093,Swati Kapoor,2,3,A,MECH,5,Python,Week 2,66.67,7091926217
STU093,Swati Kapoor,2,3,A,MECH,5,Python,Week 3,66.67,7091926217
STU093,Swati Kapoor,3,3,A,MECH,5,Python,Week 4,100.0,7091926217
STU093,Swati Kapoor,2,3,A,MECH,5,Python,Week 5,66.67,7091926217
STU093,Swati Kapoor,2,2,A,MECH,5,Python,Week 6,100.0,7091926217
STU093,Swati Kapoor,3,3,A,MECH,5,Python,Week 7,100.0,7091926217
STU093,Swati Kapoor,3,4,A,MECH,5,Python,Week 8,75.0,7091926217
STU093,Swati Kapoor,3,3,A,MECH,5,AI,Week 1,100.0,7091926217
STU093,Swati Kapoor,3,4,A,MECH,5,AI,Week 2,75.0,7091926217
STU093,Swati Kapoor,2,2,A,MECH,5,AI,Week 3,100.0,7091926217
STU093,Swati Kapoor,2,3,A,MECH,5,AI,Week 4,66.67,7091926217
STU093,Swati Kapoor,3,3,A,MECH,5,AI,Week 5,100.0,7091926217
STU093,Swati Kapoor,1,3,A,MECH,5,AI,Week 6,33.33,7091926217
STU093,Swati Kapoor,2,3,A,MECH,5,AI,Week 7,66.67,7091926217
STU093,Swati Kapoor,3,3,A,MECH,5,AI,Week 8,100.0,7091926217
STU093,Swati Kapoor,3,4,A,MECH,5,DSA,Week 1,75.0,7091926217
STU093,Swati Kapoor,3,4,A,MECH,5,DSA,Week 2,75.0,7091926217
STU093,Swati Kapoor,4,4,A,MECH,5,DSA,Week 3,100.0,7091926217
STU093,Swati Kapoor,5,5,A,MECH,5,DSA,Week 4,100.0,7091926217
STU093,Swati Kapoor,4,4,A,MECH,5,DSA,Week 5,100.0,7091926217
STU093,Swati Kapoor,4,5,A,MECH,5,DSA,Week 6,80.0,7091926217
STU093,Swati Kapoor,4,4,A,MECH,5,DSA,Week 7,100.0,7091926217
STU093,Swati Kapoor,4,5,A,MECH,5,DSA,Week 8,80.0,7091926217
STU093,Swati Kapoor,3,3,A,MECH,5,Code Lab,Week 1,100.0,7091926217
STU093,Swati Kapoor,2,2,A,MECH,5,Code Lab,Week 2,100.0,7091926217
STU093,Swati Kapoor,2,2,A,MECH,5,Code Lab,Week 3,100.0,7091926217
STU093,Swati Kapoor,2,2,A,MECH,5,Code Lab,Week 4,100.0,7091926217
STU093,Swati Kapoor,3,3,A,MECH,5,Code Lab,Week 5,100.0,7091926217
STU093,Swati Kapoor,2,2,A,MECH,5,Code Lab,Week 6,100.0,7091926217
STU093,Swati Kapoor,1,2,A,MECH,5,Code Lab,Week 7,50.0,7091926217
STU093,Swati Kapoor,2,3,A,MECH,5,Code Lab,Week 8,66.67,7091926217
STU093,Swati Kapoor,3,3,A,MECH,5,Communication Skills,Week 1,100.0,7091926217
STU093,Swati Kapoor,2,2,A,MECH,5,Communication Skills,Week 2,100.0,7091926217
STU093,Swati Kapoor,2,2,A,MECH,5,Communication Skills,Week 3,100.0,7091926217
STU093,Swati Kapoor,2,2,A,MECH,5,Communication Skills,Week 4,100.0,7091926217
STU093,Swati Kapoor,0,1,A,MECH,5,Communication Skills,Week 5,0.0,7091926217
STU093,Swati Kapoor,2,2,A,MECH,5,Communication Skills,Week 6,100.0,7091926217
STU093,Swati Kapoor,2,2,A,MECH,5,Communication Skills,Week 7,100.0,7091926217
STU093,Swati Kapoor,2,2,A,MECH,5,Communication Skills,Week 8,100.0,7091926217
STU094,Anjali Chauhan,1,4,A,MECH,5,Maths,Week 1,25.0,9693532952
STU094,Anjali Chauhan,1,4,A,MECH,5,Maths,Week 2,25.0,9693532952
STU094,Anjali Chauhan,3,4,A,MECH,5,Maths,Week 3,75.0,9693532952
STU094,Anjali Chauhan,3,4,A,MECH,5,Maths,Week 4,75.0,9693532952
STU094,Anjali Chauhan,5,5,A,MECH,5,Maths,Week 5,100.0,9693532952
STU094,Anjali Chauhan,5,5,A,MECH,5,Maths,Week 6,100.0,9693532952
STU094,Anjali Chauhan,2,4,A,MECH,5,Maths,Week 7,50.0,9693532952
STU094,Anjali Chauhan,4,4,A,MECH,5,Maths,Week 8,100.0,9693532952
STU094,Anjali Chauhan,3,3,A,MECH,5,Python,Week 1,100.0,9693532952
STU094,Anjali Chauhan,2,3,A,MECH,5,Python,Week 2,66.67,9693532952
STU094,Anjali Chauhan,2,3,A,MECH,5,Python,Week 3,66.67,9693532952
STU094,Anjali Chauhan,1,4,A,MECH,5,Python,Week 4,25.0,9693532952
STU094,Anjali Chauhan,3,3,A,MECH,5,Python,Week 5,100.0,9693532952
STU094,Anjali Chauhan,3,4,A,MECH,5,Python,Week 6,75.0,9693532952
STU094,Anjali Chauhan,3,3,A,MECH,5,Python,Week 7,100.0,9693532952
STU094,Anjali Chauhan,1,2,A,MECH,5,Python,Week 8,50.0,9693532952
STU094,Anjali Chauhan,2,4,A,MECH,5,AI,Week 1,50.0,9693532952
STU094,Anjali Chauhan,2,3,A,MECH,5,AI,Week 2,66.67,9693532952
STU094,Anjali Chauhan,1,3,A,MECH,5,AI,Week 3,33.33,9693532952
STU094,Anjali Chauhan,2,4,A,MECH,5,AI,Week 4,50.0,9693532952
STU094,Anjali Chauhan,3,3,A,MECH,5,AI,Week 5,100.0,9693532952
STU094,Anjali Chauhan,3,3,A,MECH,5,AI,Week 6,100.0,9693532952
STU094,Anjali Chauhan,1,2,A,MECH,5,AI,Week 7,50.0,9693532952
STU094,Anjali Chauhan,3,3,A,MECH,5,AI,Week 8,100.0,9693532952
STU094,Anjali Chauhan,3,4,A,MECH,5,DSA,Week 1,75.0,9693532952
STU094,Anjali Chauhan,4,5,A,MECH,5,DSA,Week 2,80.0,9693532952
STU094,Anjali Chauhan,2,4,A,MECH,5,DSA,Week 3,50.0,9693532952
STU094,Anjali Chauhan,2,3,A,MECH,5,DSA,Week 4,66.67,9693532952
STU094,Anjali Chauhan,2,4,A,MECH,5,DSA,Week 5,50.0,9693532952
STU094,Anjali Chauhan,3,3,A,MECH,5,DSA,Week 6,100.0,9693532952
STU094,Anjali Chauhan,3,3,A,MECH,5,DSA,Week 7,100.0,9693532952
STU094,Anjali Chauhan,2,4,A,MECH,5,DSA,Week 8,50.0,9693532952
STU094,Anjali Chauhan,0,2,A,MECH,5,Code Lab,Week 1,0.0,9693532952
STU094,Anjali Chauhan,1,2,A,MECH,5,Code Lab,Week 2,50.0,9693532952
STU094,Anjali Chauhan,1,2,A,MECH,5,Code Lab,Week 3,50.0,9693532952
STU094,Anjali Chauhan,1,2,A,MECH,5,Code Lab,Week 4,50.0,9693532952
STU094,Anjali Chauhan,3,3,A,MECH,5,Code Lab,Week 5,100.0,9693532952
STU094,Anjali Chauhan,1,2,A,MECH,5,Code Lab,Week 6,50.0,9693532952
STU094,Anjali Chauhan,1,1,A,MECH,5,Code Lab,Week 7,100.0,9693532952
STU094,Anjali Chauhan,1,2,A,MECH,5,Code Lab,Week 8,50.0,9693532952
STU094,Anjali Chauhan,1,2,A,MECH,5,Communication Skills,Week 1,50.0,9693532952
STU094,Anjali Chauhan,2,2,A,MECH,5,Communication Skills,Week 2,100.0,9693532952
STU094,Anjali Chauhan,2,2,A,MECH,5,Communication Skills,Week 3,100.0,9693532952
STU094,Anjali Chauhan,1,1,A,MECH,5,Communication Skills,Week 4,100.0,9693532952
STU094,Anjali Chauhan,3,3,A,MECH,5,Communication Skills,Week 5,100.0,9693532952
STU094,Anjali Chauhan,2,2,A,MECH,5,Communication Skills,Week 6,100.0,9693532952
STU094,Anjali Chauhan,2,2,A,MECH,5,Communication Skills,Week 7,100.0,9693532952
STU094,Anjali Chauhan,1,2,A,MECH,5,Communication Skills,Week 8,50.0,9693532952
STU095,Kritika Rao,3,3,B,CSE,3,Maths,Week 1,100.0,9742800803
STU095,Kritika Rao,5,5,B,CSE,3,Maths,Week 2,100.0,9742800803
STU095,Kritika Rao,4,4,B,CSE,3,Maths,Week 3,100.0,9742800803
STU095,Kritika Rao,3,4,B,CSE,3,Maths,Week 4,75.0,9742800803
STU095,Kritika Rao,4,4,B,CSE,3,Maths,Week 5,100.0,9742800803
STU095,Kritika Rao,3,4,B,CSE,3,Maths,Week 6,75.0,9742800803
STU095,Kritika Rao,3,3,B,CSE,3,Maths,Week 7,100.0,9742800803
STU095,Kritika Rao,2,3,B,CSE,3,Maths,Week 8,66.67,9742800803
STU095,Kritika Rao,2,3,B,CSE,3,Python,Week 1,66.67,9742800803
STU095,Kritika Rao,2,2,B,CSE,3,Python,Week 2,100.0,9742800803
STU095,Kritika Rao,2,2,B,CSE,3,Python,Week 3,100.0,9742800803
STU095,Kritika Rao,2,2,B,CSE,3,Python,Week 4,100.0,9742800803
STU095,Kritika Rao,4,4,B,CSE,3,Python,Week 5,100.0,9742800803
STU095,Kritika Rao,2,3,B,CSE,3,Python,Week 6,66.67,9742800803
STU095,Kritika Rao,2,2,B,CSE,3,Python,Week 7,100.0,9742800803
STU095,Kritika Rao,2,2,B,CSE,3,Python,Week 8,100.0,9742800803
STU095,Kritika Rao,2,3,B,CSE,3,AI,Week 1,66.67,9742800803
STU095,Kritika Rao,3,3,B,CSE,3,AI,Week 2,100.0,9742800803
STU095,Kritika Rao,3,3,B,CSE,3,AI,Week 3,100.0,9742800803
STU095,Kritika Rao,3,3,B,CSE,3,AI,Week 4,100.0,9742800803
STU095,Kritika Rao,3,3,B,CSE,3,AI,Week 5,100.0,9742800803
STU095,Kritika Rao,4,4,B,CSE,3,AI,Week 6,100.0,9742800803
STU095,Kritika Rao,2,2,B,CSE,3,AI,Week 7,100.0,9742800803
STU095,Kritika Rao,3,3,B,CSE,3,AI,Week 8,100.0,9742800803
STU095,Kritika Rao,4,4,B,CSE,3,DSA,Week 1,100.0,9742800803
STU095,Kritika Rao,5,5,B,CSE,3,DSA,Week 2,100.0,9742800803
STU095,Kritika Rao,4,4,B,CSE,3,DSA,Week 3,100.0,9742800803
STU095,Kritika Rao,4,5,B,CSE,3,DSA,Week 4,80.0,9742800803
STU095,Kritika Rao,5,5,B,CSE,3,DSA,Week 5,100.0,9742800803
STU095,Kritika Rao,4,4,B,CSE,3,DSA,Week 6,100.0,9742800803
STU095,Kritika Rao,4,4,B,CSE,3,DSA,Week 7,100.0,9742800803
STU095,Kritika Rao,4,4,B,CSE,3,DSA,Week 8,100.0,9742800803
STU095,Kritika Rao,2,2,B,CSE,3,Code Lab,Week 1,100.0,9742800803
STU095,Kritika Rao,0,1,B,CSE,3,Code Lab,Week 2,0.0,9742800803
STU095,Kritika Rao,0,2,B,CSE,3,Code Lab,Week 3,0.0,9742800803
STU095,Kritika Rao,1,1,B,CSE,3,Code Lab,Week 4,100.0,9742800803
STU095,Kritika Rao,3,3,B,CSE,3,Code Lab,Week 5,100.0,9742800803
STU095,Kritika Rao,3,3,B,CSE,3,Code Lab,Week 6,100.0,9742800803
STU095,Kritika Rao,1,1,B,CSE,3,Code Lab,Week 7,100.0,9742800803
STU095,Kritika Rao,3,3,B,CSE,3,Code Lab,Week 8,100.0,9742800803
STU095,Kritika Rao,2,2,B,CSE,3,Communication Skills,Week 1,100.0,9742800803
STU095,Kritika Rao,2,2,B,CSE,3,Communication Skills,Week 2,100.0,9742800803
STU095,Kritika Rao,0,2,B,CSE,3,Communication Skills,Week 3,0.0,9742800803
STU095,Kritika Rao,1,1,B,CSE,3,Communication Skills,Week 4,100.0,9742800803
STU095,Kritika Rao,2,2,B,CSE,3,Communication Skills,Week 5,100.0,9742800803
STU095,Kritika Rao,2,2,B,CSE,3,Communication Skills,Week 6,100.0,9742800803
STU095,Kritika Rao,3,3,B,CSE,3,Communication Skills,Week 7,100.0,9742800803
STU095,Kritika Rao,1,1,B,CSE,3,Communication Skills,Week 8,100.0,9742800803
STU096,Amit Singh,2,4,C,IT,5,Maths,Week 1,50.0,8456881239
STU096,Amit Singh,2,5,C,IT,5,Maths,Week 2,40.0,8456881239
STU096,Amit Singh,2,4,C,IT,5,Maths,Week 3,50.0,8456881239
STU096,Amit Singh,4,4,C,IT,5,Maths,Week 4,100.0,8456881239
STU096,Amit Singh,1,3,C,IT,5,Maths,Week 5,33.33,8456881239
STU096,Amit Singh,3,3,C,IT,5,Maths,Week 6,100.0,8456881239
STU096,Amit Singh,1,4,C,IT,5,Maths,Week 7,25.0,8456881239
STU096,Amit Singh,4,4,C,IT,5,Maths,Week 8,100.0,8456881239
STU096,Amit Singh,2,3,C,IT,5,Python,Week 1,66.67,8456881239
STU096,Amit Singh,3,3,C,IT,5,Python,Week 2,100.0,8456881239
STU096,Amit Singh,2,2,C,IT,5,Python,Week 3,100.0,8456881239
STU096,Amit Singh,3,3,C,IT,5,Python,Week 4,100.0,8456881239
STU096,Amit Singh,2,3,C,IT,5,Python,Week 5,66.67,8456881239
STU096,Amit Singh,1,2,C,IT,5,Python,Week 6,50.0,8456881239
STU096,Amit Singh,2,2,C,IT,5,Python,Week 7,100.0,8456881239
STU096,Amit Singh,1,2,C,IT,5,Python,Week 8,50.0,8456881239
STU096,Amit Singh,3,3,C,IT,5,AI,Week 1,100.0,8456881239
STU096,Amit Singh,2,3,C,IT,5,AI,Week 2,66.67,8456881239
STU096,Amit Singh,3,3,C,IT,5,AI,Week 3,100.0,8456881239
STU096,Amit Singh,2,3,C,IT,5,AI,Week 4,66.67,8456881239
STU096,Amit Singh,3,3,C,IT,5,AI,Week 5,100.0,8456881239
STU096,Amit Singh,2,2,C,IT,5,AI,Week 6,100.0,8456881239
STU096,Amit Singh,4,4,C,IT,5,AI,Week 7,100.0,8456881239
STU096,Amit Singh,2,3,C,IT,5,AI,Week 8,66.67,8456881239
STU096,Amit Singh,3,4,C,IT,5,DSA,Week 1,75.0,8456881239
STU096,Amit Singh,4,4,C,IT,5,DSA,Week 2,100.0,8456881239
STU096,Amit Singh,4,4,C,IT,5,DSA,Week 3,100.0,8456881239
STU096,Amit Singh,3,5,C,IT,5,DSA,Week 4,60.0,8456881239
STU096,Amit Singh,3,3,C,IT,5,DSA,Week 5,100.0,8456881239
STU096,Amit Singh,4,4,C,IT,5,DSA,Week 6,100.0,8456881239
STU096,Amit Singh,4,4,C,IT,5,DSA,Week 7,100.0,8456881239
STU096,Amit Singh,2,4,C,IT,5,DSA,Week 8,50.0,8456881239
STU096,Amit Singh,2,2,C,IT,5,Code Lab,Week 1,100.0,8456881239
STU096,Amit Singh,2,3,C,IT,5,Code Lab,Week 2,66.67,8456881239
STU096,Amit Singh,0,2,C,IT,5,Code Lab,Week 3,0.0,8456881239
STU096,Amit Singh,3,3,C,IT,5,Code Lab,Week 4,100.0,8456881239
STU096,Amit Singh,1,2,C,IT,5,Code Lab,Week 5,50.0,8456881239
STU096,Amit Singh,1,2,C,IT,5,Code Lab,Week 6,50.0,8456881239
STU096,Amit Singh,2,2,C,IT,5,Code Lab,Week 7,100.0,8456881239
STU096,Amit Singh,1,2,C,IT,5,Code Lab,Week 8,50.0,8456881239
STU096,Amit Singh,2,2,C,IT,5,Communication Skills,Week 1,100.0,8456881239
STU096,Amit Singh,2,3,C,IT,5,Communication Skills,Week 2,66.67,8456881239
STU096,Amit Singh,1,2,C,IT,5,Communication Skills,Week 3,50.0,8456881239
STU096,Amit Singh,1,1,C,IT,5,Communication Skills,Week 4,100.0,8456881239
STU096,Amit Singh,2,2,C,IT,5,Communication Skills,Week 5,100.0,8456881239
STU096,Amit Singh,1,1,C,IT,5,Communication Skills,Week 6,100.0,8456881239
STU096,Amit Singh,0,1,C,IT,5,Communication Skills,Week 7,0.0,8456881239
STU096,Amit Singh,2,2,C,IT,5,Communication Skills,Week 8,100.0,8456881239
STU097,Vivek Patel,5,5,C,ECE,4,Maths,Week 1,100.0,8329233929
STU097,Vivek Patel,5,5,C,ECE,4,Maths,Week 2,100.0,8329233929
STU097,Vivek Patel,5,5,C,ECE,4,Maths,Week 3,100.0,8329233929
STU097,Vivek Patel,4,4,C,ECE,4,Maths,Week 4,100.0,8329233929
STU097,Vivek Patel,4,4,C,ECE,4,Maths,Week 5,100.0,8329233929
STU097,Vivek Patel,4,4,C,ECE,4,Maths,Week 6,100.0,8329233929
STU097,Vivek Patel,4,4,C,ECE,4,Maths,Week 7,100.0,8329233929
STU097,Vivek Patel,3,4,C,ECE,4,Maths,Week 8,75.0,8329233929
STU097,Vivek Patel,2,2,C,ECE,4,Python,Week 1,100.0,8329233929
STU097,Vivek Patel,4,4,C,ECE,4,Python,Week 2,100.0,8329233929
STU097,Vivek Patel,3,3,C,ECE,4,Python,Week 3,100.0,8329233929
STU097,Vivek Patel,3,4,C,ECE,4,Python,Week 4,75.0,8329233929
STU097,Vivek Patel,2,3,C,ECE,4,Python,Week 5,66.67,8329233929
STU097,Vivek Patel,4,4,C,ECE,4,Python,Week 6,100.0,8329233929
STU097,Vivek Patel,3,3,C,ECE,4,Python,Week 7,100.0,8329233929
STU097,Vivek Patel,3,3,C,ECE,4,Python,Week 8,100.0,8329233929
STU097,Vivek Patel,3,3,C,ECE,4,AI,Week 1,100.0,8329233929
STU097,Vivek Patel,3,3,C,ECE,4,AI,Week 2,100.0,8329233929
STU097,Vivek Patel,3,3,C,ECE,4,AI,Week 3,100.0,8329233929
STU097,Vivek Patel,1,2,C,ECE,4,AI,Week 4,50.0,8329233929
STU097,Vivek Patel,3,3,C,ECE,4,AI,Week 5,100.0,8329233929
STU097,Vivek Patel,3,3,C,ECE,4,AI,Week 6,100.0,8329233929
STU097,Vivek Patel,4,4,C,ECE,4,AI,Week 7,100.0,8329233929
STU097,Vivek Patel,3,3,C,ECE,4,AI,Week 8,100.0,8329233929
STU097,Vivek Patel,4,4,C,ECE,4,DSA,Week 1,100.0,8329233929
STU097,Vivek Patel,5,5,C,ECE,4,DSA,Week 2,100.0,8329233929
STU097,Vivek Patel,3,3,C,ECE,4,DSA,Week 3,100.0,8329233929
STU097,Vivek Patel,4,4,C,ECE,4,DSA,Week 4,100.0,8329233929
STU097,Vivek Patel,2,4,C,ECE,4,DSA,Week 5,50.0,8329233929
STU097,Vivek Patel,4,4,C,ECE,4,DSA,Week 6,100.0,8329233929
STU097,Vivek Patel,4,5,C,ECE,4,DSA,Week 7,80.0,8329233929
STU097,Vivek Patel,4,4,C,ECE,4,DSA,Week 8,100.0,8329233929
STU097,Vivek Patel,1,1,C,ECE,4,Code Lab,Week 1,100.0,8329233929
STU097,Vivek Patel,2,2,C,ECE,4,Code Lab,Week 2,100.0,8329233929
STU097,Vivek Patel,2,2,C,ECE,4,Code Lab,Week 3,100.0,8329233929
STU097,Vivek Patel,2,2,C,ECE,4,Code Lab,Week 4,100.0,8329233929
STU097,Vivek Patel,2,2,C,ECE,4,Code Lab,Week 5,100.0,8329233929
STU097,Vivek Patel,1,1,C,ECE,4,Code Lab,Week 6,100.0,8329233929
STU097,Vivek Patel,3,3,C,ECE,4,Code Lab,Week 7,100.0,8329233929
STU097,Vivek Patel,2,3,C,ECE,4,Code Lab,Week 8,66.67,8329233929
STU097,Vivek Patel,3,3,C,ECE,4,Communication Skills,Week 1,100.0,8329233929
STU097,Vivek Patel,1,2,C,ECE,4,Communication Skills,Week 2,50.0,8329233929
STU097,Vivek Patel,2,2,C,ECE,4,Communication Skills,Week 3,100.0,8329233929
STU097,Vivek Patel,1,1,C,ECE,4,Communication Skills,Week 4,100.0,8329233929
STU097,Vivek Patel,2,2,C,ECE,4,Communication Skills,Week 5,100.0,8329233929
STU097,Vivek Patel,3,3,C,ECE,4,Communication Skills,Week 6,100.0,8329233929
STU097,Vivek Patel,2,2,C,ECE,4,Communication Skills,Week 7,100.0,8329233929
STU097,Vivek Patel,2,2,C,ECE,4,Communication Skills,Week 8,100.0,8329233929
STU098,Vikram Menon,4,4,A,ECE,5,Maths,Week 1,100.0,7205665554
STU098,Vikram Menon,3,4,A,ECE,5,Maths,Week 2,75.0,7205665554
STU098,Vikram Menon,4,5,A,ECE,5,Maths,Week 3,80.0,7205665554
STU098,Vikram Menon,3,3,A,ECE,5,Maths,Week 4,100.0,7205665554
STU098,Vikram Menon,4,4,A,ECE,5,Maths,Week 5,100.0,7205665554
STU098,Vikram Menon,4,4,A,ECE,5,Maths,Week 6,100.0,7205665554
STU098,Vikram Menon,5,5,A,ECE,5,Maths,Week 7,100.0,7205665554
STU098,Vikram Menon,4,4,A,ECE,5,Maths,Week 8,100.0,7205665554
STU098,Vikram Menon,4,4,A,ECE,5,Python,Week 1,100.0,7205665554
STU098,Vikram Menon,2,2,A,ECE,5,Python,Week 2,100.0,7205665554
STU098,Vikram Menon,3,3,A,ECE,5,Python,Week 3,100.0,7205665554
STU098,Vikram Menon,3,3,A,ECE,5,Python,Week 4,100.0,7205665554
STU098,Vikram Menon,3,3,A,ECE,5,Python,Week 5,100.0,7205665554
STU098,Vikram Menon,1,2,A,ECE,5,Python,Week 6,50.0,7205665554
STU098,Vikram Menon,1,2,A,ECE,5,Python,Week 7,50.0,7205665554
STU098,Vikram Menon,4,4,A,ECE,5,Python,Week 8,100.0,7205665554
STU098,Vikram Menon,2,4,A,ECE,5,AI,Week 1,50.0,7205665554
STU098,Vikram Menon,3,3,A,ECE,5,AI,Week 2,100.0,7205665554
STU098,Vikram Menon,2,2,A,ECE,5,AI,Week 3,100.0,7205665554
STU098,Vikram Menon,2,2,A,ECE,5,AI,Week 4,100.0,7205665554
STU098,Vikram Menon,1,2,A,ECE,5,AI,Week 5,50.0,7205665554
STU098,Vikram Menon,2,3,A,ECE,5,AI,Week 6,66.67,7205665554
STU098,Vikram Menon,4,4,A,ECE,5,AI,Week 7,100.0,7205665554
STU098,Vikram Menon,4,4,A,ECE,5,AI,Week 8,100.0,7205665554
STU098,Vikram Menon,3,4,A,ECE,5,DSA,Week 1,75.0,7205665554
STU098,Vikram Menon,4,4,A,ECE,5,DSA,Week 2,100.0,7205665554
STU098,Vikram Menon,3,4,A,ECE,5,DSA,Week 3,75.0,7205665554
STU098,Vikram Menon,4,4,A,ECE,5,DSA,Week 4,100.0,7205665554
STU098,Vikram Menon,4,4,A,ECE,5,DSA,Week 5,100.0,7205665554
STU098,Vikram Menon,4,4,A,ECE,5,DSA,Week 6,100.0,7205665554
STU098,Vikram Menon,3,3,A,ECE,5,DSA,Week 7,100.0,7205665554
STU098,Vikram Menon,4,4,A,ECE,5,DSA,Week 8,100.0,7205665554
STU098,Vikram Menon,2,2,A,ECE,5,Code Lab,Week 1,100.0,7205665554
STU098,Vikram Menon,2,2,A,ECE,5,Code Lab,Week 2,100.0,7205665554
STU098,Vikram Menon,1,2,A,ECE,5,Code Lab,Week 3,50.0,7205665554
STU098,Vikram Menon,1,1,A,ECE,5,Code Lab,Week 4,100.0,7205665554
STU098,Vikram Menon,3,3,A,ECE,5,Code Lab,Week 5,100.0,7205665554
STU098,Vikram Menon,1,1,A,ECE,5,Code Lab,Week 6,100.0,7205665554
STU098,Vikram Menon,2,2,A,ECE,5,Code Lab,Week 7,100.0,7205665554
STU098,Vikram Menon,1,1,A,ECE,5,Code Lab,Week 8,100.0,7205665554
STU098,Vikram Menon,2,2,A,ECE,5,Communication Skills,Week 1,100.0,7205665554
STU098,Vikram Menon,2,2,A,ECE,5,Communication Skills,Week 2,100.0,7205665554
STU098,Vikram Menon,1,1,A,ECE,5,Communication Skills,Week 3,100.0,7205665554
STU098,Vikram Menon,3,3,A,ECE,5,Communication Skills,Week 4,100.0,7205665554
STU098,Vikram Menon,2,2,A,ECE,5,Communication Skills,Week 5,100.0,7205665554
STU098,Vikram Menon,2,2,A,ECE,5,Communication Skills,Week 6,100.0,7205665554
STU098,Vikram Menon,3,3,A,ECE,5,Communication Skills,Week 7,100.0,7205665554
STU098,Vikram Menon,2,2,A,ECE,5,Communication Skills,Week 8,100.0,7205665554
STU099,Ritika Kapoor,5,5,C,MECH,5,Maths,Week 1,100.0,8107939087
STU099,Ritika Kapoor,2,3,C,MECH,5,Maths,Week 2,66.67,8107939087
STU099,Ritika Kapoor,3,5,C,MECH,5,Maths,Week 3,60.0,8107939087
STU099,Ritika Kapoor,5,5,C,MECH,5,Maths,Week 4,100.0,8107939087
STU099,Ritika Kapoor,4,5,C,MECH,5,Maths,Week 5,80.0,8107939087
STU099,Ritika Kapoor,3,3,C,MECH,5,Maths,Week 6,100.0,8107939087
STU099,Ritika Kapoor,3,4,C,MECH,5,Maths,Week 7,75.0,8107939087
STU099,Ritika Kapoor,3,4,C,MECH,5,Maths,Week 8,75.0,8107939087
STU099,Ritika Kapoor,3,3,C,MECH,5,Python,Week 1,100.0,8107939087
STU099,Ritika Kapoor,3,3,C,MECH,5,Python,Week 2,100.0,8107939087
STU099,Ritika Kapoor,2,3,C,MECH,5,Python,Week 3,66.67,8107939087
STU099,Ritika Kapoor,3,4,C,MECH,5,Python,Week 4,75.0,8107939087
STU099,Ritika Kapoor,2,3,C,MECH,5,Python,Week 5,66.67,8107939087
STU099,Ritika Kapoor,2,4,C,MECH,5,Python,Week 6,50.0,8107939087
STU099,Ritika Kapoor,0,3,C,MECH,5,Python,Week 7,0.0,8107939087
STU099,Ritika Kapoor,2,3,C,MECH,5,Python,Week 8,66.67,8107939087
STU099,Ritika Kapoor,2,3,C,MECH,5,AI,Week 1,66.67,8107939087
STU099,Ritika Kapoor,3,3,C,MECH,5,AI,Week 2,100.0,8107939087
STU099,Ritika Kapoor,1,2,C,MECH,5,AI,Week 3,50.0,8107939087
STU099,Ritika Kapoor,3,3,C,MECH,5,AI,Week 4,100.0,8107939087
STU099,Ritika Kapoor,3,3,C,MECH,5,AI,Week 5,100.0,8107939087
STU099,Ritika Kapoor,2,4,C,MECH,5,AI,Week 6,50.0,8107939087
STU099,Ritika Kapoor,2,2,C,MECH,5,AI,Week 7,100.0,8107939087
STU099,Ritika Kapoor,2,3,C,MECH,5,AI,Week 8,66.67,8107939087
STU099,Ritika Kapoor,2,4,C,MECH,5,DSA,Week 1,50.0,8107939087
STU099,Ritika Kapoor,4,5,C,MECH,5,DSA,Week 2,80.0,8107939087
STU099,Ritika Kapoor,5,5,C,MECH,5,DSA,Week 3,100.0,8107939087
STU099,Ritika Kapoor,3,3,C,MECH,5,DSA,Week 4,100.0,8107939087
STU099,Ritika Kapoor,3,4,C,MECH,5,DSA,Week 5,75.0,8107939087
STU099,Ritika Kapoor,2,4,C,MECH,5,DSA,Week 6,50.0,8107939087
STU099,Ritika Kapoor,1,4,C,MECH,5,DSA,Week 7,25.0,8107939087
STU099,Ritika Kapoor,3,3,C,MECH,5,DSA,Week 8,100.0,8107939087
STU099,Ritika Kapoor,2,2,C,MECH,5,Code Lab,Week 1,100.0,8107939087
STU099,Ritika Kapoor,2,3,C,MECH,5,Code Lab,Week 2,66.67,8107939087
STU099,Ritika Kapoor,2,2,C,MECH,5,Code Lab,Week 3,100.0,8107939087
STU099,Ritika Kapoor,2,2,C,MECH,5,Code Lab,Week 4,100.0,8107939087
STU099,Ritika Kapoor,1,2,C,MECH,5,Code Lab,Week 5,50.0,8107939087
STU099,Ritika Kapoor,2,2,C,MECH,5,Code Lab,Week 6,100.0,8107939087
STU099,Ritika Kapoor,0,2,C,MECH,5,Code Lab,Week 7,0.0,8107939087
STU099,Ritika Kapoor,2,2,C,MECH,5,Code Lab,Week 8,100.0,8107939087
STU099,Ritika Kapoor,1,3,C,MECH,5,Communication Skills,Week 1,33.33,8107939087
STU099,Ritika Kapoor,1,1,C,MECH,5,Communication Skills,Week 2,100.0,8107939087
STU099,Ritika Kapoor,1,2,C,MECH,5,Communication Skills,Week 3,50.0,8107939087
STU099,Ritika Kapoor,2,2,C,MECH,5,Communication Skills,Week 4,100.0,8107939087
STU099,Ritika Kapoor,1,1,C,MECH,5,Communication Skills,Week 5,100.0,8107939087
STU099,Ritika Kapoor,1,2,C,MECH,5,Communication Skills,Week 6,50.0,8107939087
STU099,Ritika Kapoor,1,2,C,MECH,5,Communication Skills,Week 7,50.0,8107939087
STU099,Ritika Kapoor,2,3,C,MECH,5,Communication Skills,Week 8,66.67,8107939087
STU100,Riya Reddy,4,4,A,ECE,4,Maths,Week 1,100.0,6760229059
STU100,Riya Reddy,3,4,A,ECE,4,Maths,Week 2,75.0,6760229059
STU100,Riya Reddy,5,5,A,ECE,4,Maths,Week 3,100.0,6760229059
STU100,Riya Reddy,4,4,A,ECE,4,Maths,Week 4,100.0,6760229059
STU100,Riya Reddy,1,3,A,ECE,4,Maths,Week 5,33.33,6760229059
STU100,Riya Reddy,2,4,A,ECE,4,Maths,Week 6,50.0,6760229059
STU100,Riya Reddy,4,4,A,ECE,4,Maths,Week 7,100.0,6760229059
STU100,Riya Reddy,2,4,A,ECE,4,Maths,Week 8,50.0,6760229059
STU100,Riya Reddy,3,3,A,ECE,4,Python,Week 1,100.0,6760229059
STU100,Riya Reddy,1,3,A,ECE,4,Python,Week 2,33.33,6760229059
STU100,Riya Reddy,2,3,A,ECE,4,Python,Week 3,66.67,6760229059
STU100,Riya Reddy,1,2,A,ECE,4,Python,Week 4,50.0,6760229059
STU100,Riya Reddy,2,4,A,ECE,4,Python,Week 5,50.0,6760229059
STU100,Riya Reddy,2,3,A,ECE,4,Python,Week 6,66.67,6760229059
STU100,Riya Reddy,1,3,A,ECE,4,Python,Week 7,33.33,6760229059
STU100,Riya Reddy,1,3,A,ECE,4,Python,Week 8,33.33,6760229059
STU100,Riya Reddy,3,3,A,ECE,4,AI,Week 1,100.0,6760229059
STU100,Riya Reddy,3,3,A,ECE,4,AI,Week 2,100.0,6760229059
STU100,Riya Reddy,2,3,A,ECE,4,AI,Week 3,66.67,6760229059
STU100,Riya Reddy,1,2,A,ECE,4,AI,Week 4,50.0,6760229059
STU100,Riya Reddy,3,3,A,ECE,4,AI,Week 5,100.0,6760229059
STU100,Riya Reddy,0,2,A,ECE,4,AI,Week 6,0.0,6760229059
STU100,Riya Reddy,2,3,A,ECE,4,AI,Week 7,66.67,6760229059
STU100,Riya Reddy,2,2,A,ECE,4,AI,Week 8,100.0,6760229059
STU100,Riya Reddy,3,4,A,ECE,4,DSA,Week 1,75.0,6760229059
STU100,Riya Reddy,3,3,A,ECE,4,DSA,Week 2,100.0,6760229059
STU100,Riya Reddy,4,4,A,ECE,4,DSA,Week 3,100.0,6760229059
STU100,Riya Reddy,3,4,A,ECE,4,DSA,Week 4,75.0,6760229059
STU100,Riya Reddy,2,4,A,ECE,4,DSA,Week 5,50.0,6760229059
STU100,Riya Reddy,3,4,A,ECE,4,DSA,Week 6,75.0,6760229059
STU100,Riya Reddy,2,4,A,ECE,4,DSA,Week 7,50.0,6760229059
STU100,Riya Reddy,2,4,A,ECE,4,DSA,Week 8,50.0,6760229059
STU100,Riya Reddy,3,3,A,ECE,4,Code Lab,Week 1,100.0,6760229059
STU100,Riya Reddy,1,1,A,ECE,4,Code Lab,Week 2,100.0,6760229059
STU100,Riya Reddy,2,2,A,ECE,4,Code Lab,Week 3,100.0,6760229059
STU100,Riya Reddy,1,1,A,ECE,4,Code Lab,Week 4,100.0,6760229059
STU100,Riya Reddy,1,2,A,ECE,4,Code Lab,Week 5,50.0,6760229059
STU100,Riya Reddy,0,2,A,ECE,4,Code Lab,Week 6,0.0,6760229059
STU100,Riya Reddy,0,1,A,ECE,4,Code Lab,Week 7,0.0,6760229059
STU100,Riya Reddy,1,1,A,ECE,4,Code Lab,Week 8,100.0,6760229059
STU100,Riya Reddy,2,2,A,ECE,4,Communication Skills,Week 1,100.0,6760229059
STU100,Riya Reddy,3,3,A,ECE,4,Communication Skills,Week 2,100.0,6760229059
STU100,Riya Reddy,2,2,A,ECE,4,Communication Skills,Week 3,100.0,6760229059
STU100,Riya Reddy,2,2,A,ECE,4,Communication Skills,Week 4,100.0,6760229059
STU100,Riya Reddy,0,1,A,ECE,4,Communication Skills,Week 5,0.0,6760229059
STU100,Riya Reddy,1,1,A,ECE,4,Communication Skills,Week 6,100.0,6760229059
STU100,Riya Reddy,1,2,A,ECE,4,Communication Skills,Week 7,50.0,6760229059
STU100,Riya Reddy,0,3,A,ECE,4,Communication Skills,Week 8,0.0,6760229059
STU101,Nikhil Sharma,2,4,C,CSE,4,Maths,Week 1,50.0,7684907325
STU101,Nikhil Sharma,3,4,C,CSE,4,Maths,Week 2,75.0,7684907325
STU101,Nikhil Sharma,2,4,C,CSE,4,Maths,Week 3,50.0,7684907325
STU101,Nikhil Sharma,3,3,C,CSE,4,Maths,Week 4,100.0,7684907325
STU101,Nikhil Sharma,2,4,C,CSE,4,Maths,Week 5,50.0,7684907325
STU101,Nikhil Sharma,3,5,C,CSE,4,Maths,Week 6,60.0,7684907325
STU101,Nikhil Sharma,2,4,C,CSE,4,Maths,Week 7,50.0,7684907325
STU101,Nikhil Sharma,2,3,C,CSE,4,Maths,Week 8,66.67,7684907325
STU101,Nikhil Sharma,4,4,C,CSE,4,Python,Week 1,100.0,7684907325
STU101,Nikhil Sharma,3,3,C,CSE,4,Python,Week 2,100.0,7684907325
STU101,Nikhil Sharma,2,2,C,CSE,4,Python,Week 3,100.0,7684907325
STU101,Nikhil Sharma,2,4,C,CSE,4,Python,Week 4,50.0,7684907325
STU101,Nikhil Sharma,2,3,C,CSE,4,Python,Week 5,66.67,7684907325
STU101,Nikhil Sharma,2,4,C,CSE,4,Python,Week 6,50.0,7684907325
STU101,Nikhil Sharma,2,3,C,CSE,4,Python,Week 7,66.67,7684907325
STU101,Nikhil Sharma,3,4,C,CSE,4,Python,Week 8,75.0,7684907325
STU101,Nikhil Sharma,2,3,C,CSE,4,AI,Week 1,66.67,7684907325
STU101,Nikhil Sharma,4,4,C,CSE,4,AI,Week 2,100.0,7684907325
STU101,Nikhil Sharma,4,4,C,CSE,4,AI,Week 3,100.0,7684907325
STU101,Nikhil Sharma,1,3,C,CSE,4,AI,Week 4,33.33,7684907325
STU101,Nikhil Sharma,0,3,C,CSE,4,AI,Week 5,0.0,7684907325
STU101,Nikhil Sharma,1,2,C,CSE,4,AI,Week 6,50.0,7684907325
STU101,Nikhil Sharma,1,3,C,CSE,4,AI,Week 7,33.33,7684907325
STU101,Nikhil Sharma,1,4,C,CSE,4,AI,Week 8,25.0,7684907325
STU101,Nikhil Sharma,3,4,C,CSE,4,DSA,Week 1,75.0,7684907325
STU101,Nikhil Sharma,2,3,C,CSE,4,DSA,Week 2,66.67,7684907325
STU101,Nikhil Sharma,4,4,C,CSE,4,DSA,Week 3,100.0,7684907325
STU101,Nikhil Sharma,1,3,C,CSE,4,DSA,Week 4,33.33,7684907325
STU101,Nikhil Sharma,2,4,C,CSE,4,DSA,Week 5,50.0,7684907325
STU101,Nikhil Sharma,4,5,C,CSE,4,DSA,Week 6,80.0,7684907325
STU101,Nikhil Sharma,3,5,C,CSE,4,DSA,Week 7,60.0,7684907325
STU101,Nikhil Sharma,4,4,C,CSE,4,DSA,Week 8,100.0,7684907325
STU101,Nikhil Sharma,1,1,C,CSE,4,Code Lab,Week 1,100.0,7684907325
STU101,Nikhil Sharma,1,2,C,CSE,4,Code Lab,Week 2,50.0,7684907325
STU101,Nikhil Sharma,2,2,C,CSE,4,Code Lab,Week 3,100.0,7684907325
STU101,Nikhil Sharma,2,2,C,CSE,4,Code Lab,Week 4,100.0,7684907325
STU101,Nikhil Sharma,2,2,C,CSE,4,Code Lab,Week 5,100.0,7684907325
STU101,Nikhil Sharma,2,3,C,CSE,4,Code Lab,Week 6,66.67,7684907325
STU101,Nikhil Sharma,2,3,C,CSE,4,Code Lab,Week 7,66.67,7684907325
STU101,Nikhil Sharma,1,3,C,CSE,4,Code Lab,Week 8,33.33,7684907325
STU101,Nikhil Sharma,2,2,C,CSE,4,Communication Skills,Week 1,100.0,7684907325
STU101,Nikhil Sharma,1,1,C,CSE,4,Communication Skills,Week 2,100.0,7684907325
STU101,Nikhil Sharma,0,1,C,CSE,4,Communication Skills,Week 3,0.0,7684907325
STU101,Nikhil Sharma,3,3,C,CSE,4,Communication Skills,Week 4,100.0,7684907325
STU101,Nikhil Sharma,0,1,C,CSE,4,Communication Skills,Week 5,0.0,7684907325
STU101,Nikhil Sharma,2,2,C,CSE,4,Communication Skills,Week 6,100.0,7684907325
STU101,Nikhil Sharma,2,3,C,CSE,4,Communication Skills,Week 7,66.67,7684907325
STU101,Nikhil Sharma,2,2,C,CSE,4,Communication Skills,Week 8,100.0,7684907325
STU102,Suresh Iyer,2,4,C,CSE,4,Maths,Week 1,50.0,9514015466
STU102,Suresh Iyer,3,5,C,CSE,4,Maths,Week 2,60.0,9514015466
STU102,Suresh Iyer,1,4,C,CSE,4,Maths,Week 3,25.0,9514015466
STU102,Suresh Iyer,2,5,C,CSE,4,Maths,Week 4,40.0,9514015466
STU102,Suresh Iyer,2,3,C,CSE,4,Maths,Week 5,66.67,9514015466
STU102,Suresh Iyer,2,5,C,CSE,4,Maths,Week 6,40.0,9514015466
STU102,Suresh Iyer,3,5,C,CSE,4,Maths,Week 7,60.0,9514015466
STU102,Suresh Iyer,3,5,C,CSE,4,Maths,Week 8,60.0,9514015466
STU102,Suresh Iyer,3,3,C,CSE,4,Python,Week 1,100.0,9514015466
STU102,Suresh Iyer,1,3,C,CSE,4,Python,Week 2,33.33,9514015466
STU102,Suresh Iyer,1,2,C,CSE,4,Python,Week 3,50.0,9514015466
STU102,Suresh Iyer,0,3,C,CSE,4,Python,Week 4,0.0,9514015466
STU102,Suresh Iyer,0,3,C,CSE,4,Python,Week 5,0.0,9514015466
STU102,Suresh Iyer,3,3,C,CSE,4,Python,Week 6,100.0,9514015466
STU102,Suresh Iyer,3,4,C,CSE,4,Python,Week 7,75.0,9514015466
STU102,Suresh Iyer,2,3,C,CSE,4,Python,Week 8,66.67,9514015466
STU102,Suresh Iyer,1,3,C,CSE,4,AI,Week 1,33.33,9514015466
STU102,Suresh Iyer,1,2,C,CSE,4,AI,Week 2,50.0,9514015466
STU102,Suresh Iyer,2,3,C,CSE,4,AI,Week 3,66.67,9514015466
STU102,Suresh Iyer,1,3,C,CSE,4,AI,Week 4,33.33,9514015466
STU102,Suresh Iyer,3,4,C,CSE,4,AI,Week 5,75.0,9514015466
STU102,Suresh Iyer,2,3,C,CSE,4,AI,Week 6,66.67,9514015466
STU102,Suresh Iyer,1,3,C,CSE,4,AI,Week 7,33.33,9514015466
STU102,Suresh Iyer,1,2,C,CSE,4,AI,Week 8,50.0,9514015466
STU102,Suresh Iyer,0,4,C,CSE,4,DSA,Week 1,0.0,9514015466
STU102,Suresh Iyer,2,4,C,CSE,4,DSA,Week 2,50.0,9514015466
STU102,Suresh Iyer,1,4,C,CSE,4,DSA,Week 3,25.0,9514015466
STU102,Suresh Iyer,2,3,C,CSE,4,DSA,Week 4,66.67,9514015466
STU102,Suresh Iyer,3,5,C,CSE,4,DSA,Week 5,60.0,9514015466
STU102,Suresh Iyer,3,3,C,CSE,4,DSA,Week 6,100.0,9514015466
STU102,Suresh Iyer,0,4,C,CSE,4,DSA,Week 7,0.0,9514015466
STU102,Suresh Iyer,2,3,C,CSE,4,DSA,Week 8,66.67,9514015466
STU102,Suresh Iyer,0,2,C,CSE,4,Code Lab,Week 1,0.0,9514015466
STU102,Suresh Iyer,2,2,C,CSE,4,Code Lab,Week 2,100.0,9514015466
STU102,Suresh Iyer,3,3,C,CSE,4,Code Lab,Week 3,100.0,9514015466
STU102,Suresh Iyer,1,2,C,CSE,4,Code Lab,Week 4,50.0,9514015466
STU102,Suresh Iyer,0,1,C,CSE,4,Code Lab,Week 5,0.0,9514015466
STU102,Suresh Iyer,1,2,C,CSE,4,Code Lab,Week 6,50.0,9514015466
STU102,Suresh Iyer,0,2,C,CSE,4,Code Lab,Week 7,0.0,9514015466
STU102,Suresh Iyer,0,3,C,CSE,4,Code Lab,Week 8,0.0,9514015466
STU102,Suresh Iyer,1,2,C,CSE,4,Communication Skills,Week 1,50.0,9514015466
STU102,Suresh Iyer,0,2,C,CSE,4,Communication Skills,Week 2,0.0,9514015466
STU102,Suresh Iyer,2,3,C,CSE,4,Communication Skills,Week 3,66.67,9514015466
STU102,Suresh Iyer,1,2,C,CSE,4,Communication Skills,Week 4,50.0,9514015466
STU102,Suresh Iyer,1,2,C,CSE,4,Communication Skills,Week 5,50.0,9514015466
STU102,Suresh Iyer,1,1,C,CSE,4,Communication Skills,Week 6,100.0,9514015466
STU102,Suresh Iyer,2,3,C,CSE,4,Communication Skills,Week 7,66.67,9514015466
STU102,Suresh Iyer,2,2,C,CSE,4,Communication Skills,Week 8,100.0,9514015466
STU103,Sanjay Sharma,4,4,B,ECE,3,Maths,Week 1,100.0,6430256336
STU103,Sanjay Sharma,5,5,B,ECE,3,Maths,Week 2,100.0,6430256336
STU103,Sanjay Sharma,3,4,B,ECE,3,Maths,Week 3,75.0,6430256336
STU103,Sanjay Sharma,3,4,B,ECE,3,Maths,Week 4,75.0,6430256336
STU103,Sanjay Sharma,1,4,B,ECE,3,Maths,Week 5,25.0,6430256336
STU103,Sanjay Sharma,2,4,B,ECE,3,Maths,Week 6,50.0,6430256336
STU103,Sanjay Sharma,2,3,B,ECE,3,Maths,Week 7,66.67,6430256336
STU103,Sanjay Sharma,4,4,B,ECE,3,Maths,Week 8,100.0,6430256336
STU103,Sanjay Sharma,1,3,B,ECE,3,Python,Week 1,33.33,6430256336
STU103,Sanjay Sharma,2,3,B,ECE,3,Python,Week 2,66.67,6430256336
STU103,Sanjay Sharma,3,3,B,ECE,3,Python,Week 3,100.0,6430256336
STU103,Sanjay Sharma,4,4,B,ECE,3,Python,Week 4,100.0,6430256336
STU103,Sanjay Sharma,3,3,B,ECE,3,Python,Week 5,100.0,6430256336
STU103,Sanjay Sharma,1,3,B,ECE,3,Python,Week 6,33.33,6430256336
STU103,Sanjay Sharma,2,3,B,ECE,3,Python,Week 7,66.67,6430256336
STU103,Sanjay Sharma,1,3,B,ECE,3,Python,Week 8,33.33,6430256336
STU103,Sanjay Sharma,1,4,B,ECE,3,AI,Week 1,25.0,6430256336
STU103,Sanjay Sharma,1,3,B,ECE,3,AI,Week 2,33.33,6430256336
STU103,Sanjay Sharma,2,2,B,ECE,3,AI,Week 3,100.0,6430256336
STU103,Sanjay Sharma,1,3,B,ECE,3,AI,Week 4,33.33,6430256336
STU103,Sanjay Sharma,1,3,B,ECE,3,AI,Week 5,33.33,6430256336
STU103,Sanjay Sharma,3,3,B,ECE,3,AI,Week 6,100.0,6430256336
STU103,Sanjay Sharma,1,4,B,ECE,3,AI,Week 7,25.0,6430256336
STU103,Sanjay Sharma,3,3,B,ECE,3,AI,Week 8,100.0,6430256336
STU103,Sanjay Sharma,5,5,B,ECE,3,DSA,Week 1,100.0,6430256336
STU103,Sanjay Sharma,3,4,B,ECE,3,DSA,Week 2,75.0,6430256336
STU103,Sanjay Sharma,3,4,B,ECE,3,DSA,Week 3,75.0,6430256336
STU103,Sanjay Sharma,3,4,B,ECE,3,DSA,Week 4,75.0,6430256336
STU103,Sanjay Sharma,0,4,B,ECE,3,DSA,Week 5,0.0,6430256336
STU103,Sanjay Sharma,2,4,B,ECE,3,DSA,Week 6,50.0,6430256336
STU103,Sanjay Sharma,3,4,B,ECE,3,DSA,Week 7,75.0,6430256336
STU103,Sanjay Sharma,2,4,B,ECE,3,DSA,Week 8,50.0,6430256336
STU103,Sanjay Sharma,2,3,B,ECE,3,Code Lab,Week 1,66.67,6430256336
STU103,Sanjay Sharma,1,1,B,ECE,3,Code Lab,Week 2,100.0,6430256336
STU103,Sanjay Sharma,1,3,B,ECE,3,Code Lab,Week 3,33.33,6430256336
STU103,Sanjay Sharma,2,2,B,ECE,3,Code Lab,Week 4,100.0,6430256336
STU103,Sanjay Sharma,2,2,B,ECE,3,Code Lab,Week 5,100.0,6430256336
STU103,Sanjay Sharma,1,2,B,ECE,3,Code Lab,Week 6,50.0,6430256336
STU103,Sanjay Sharma,1,2,B,ECE,3,Code Lab,Week 7,50.0,6430256336
STU103,Sanjay Sharma,1,2,B,ECE,3,Code Lab,Week 8,50.0,6430256336
STU103,Sanjay Sharma,2,3,B,ECE,3,Communication Skills,Week 1,66.67,6430256336
STU103,Sanjay Sharma,2,2,B,ECE,3,Communication Skills,Week 2,100.0,6430256336
STU103,Sanjay Sharma,1,2,B,ECE,3,Communication Skills,Week 3,50.0,6430256336
STU103,Sanjay Sharma,2,2,B,ECE,3,Communication Skills,Week 4,100.0,6430256336
STU103,Sanjay Sharma,3,3,B,ECE,3,Communication Skills,Week 5,100.0,6430256336
STU103,Sanjay Sharma,2,3,B,ECE,3,Communication Skills,Week 6,66.67,6430256336
STU103,Sanjay Sharma,2,2,B,ECE,3,Communication Skills,Week 7,100.0,6430256336
STU103,Sanjay Sharma,1,1,B,ECE,3,Communication Skills,Week 8,100.0,6430256336
STU104,Nidhi Sharma,4,4,A,AI&DS,5,Maths,Week 1,100.0,8091462297
STU104,Nidhi Sharma,1,4,A,AI&DS,5,Maths,Week 2,25.0,8091462297
STU104,Nidhi Sharma,4,5,A,AI&DS,5,Maths,Week 3,80.0,8091462297
STU104,Nidhi Sharma,3,4,A,AI&DS,5,Maths,Week 4,75.0,8091462297
STU104,Nidhi Sharma,4,5,A,AI&DS,5,Maths,Week 5,80.0,8091462297
STU104,Nidhi Sharma,3,5,A,AI&DS,5,Maths,Week 6,60.0,8091462297
STU104,Nidhi Sharma,3,4,A,AI&DS,5,Maths,Week 7,75.0,8091462297
STU104,Nidhi Sharma,3,4,A,AI&DS,5,Maths,Week 8,75.0,8091462297
STU104,Nidhi Sharma,2,3,A,AI&DS,5,Python,Week 1,66.67,8091462297
STU104,Nidhi Sharma,2,3,A,AI&DS,5,Python,Week 2,66.67,8091462297
STU104,Nidhi Sharma,4,4,A,AI&DS,5,Python,Week 3,100.0,8091462297
STU104,Nidhi Sharma,1,2,A,AI&DS,5,Python,Week 4,50.0,8091462297
STU104,Nidhi Sharma,3,3,A,AI&DS,5,Python,Week 5,100.0,8091462297
STU104,Nidhi Sharma,3,3,A,AI&DS,5,Python,Week 6,100.0,8091462297
STU104,Nidhi Sharma,2,3,A,AI&DS,5,Python,Week 7,66.67,8091462297
STU104,Nidhi Sharma,2,3,A,AI&DS,5,Python,Week 8,66.67,8091462297
STU104,Nidhi Sharma,2,3,A,AI&DS,5,AI,Week 1,66.67,8091462297
STU104,Nidhi Sharma,2,3,A,AI&DS,5,AI,Week 2,66.67,8091462297
STU104,Nidhi Sharma,3,3,A,AI&DS,5,AI,Week 3,100.0,8091462297
STU104,Nidhi Sharma,2,4,A,AI&DS,5,AI,Week 4,50.0,8091462297
STU104,Nidhi Sharma,3,3,A,AI&DS,5,AI,Week 5,100.0,8091462297
STU104,Nidhi Sharma,2,3,A,AI&DS,5,AI,Week 6,66.67,8091462297
STU104,Nidhi Sharma,3,3,A,AI&DS,5,AI,Week 7,100.0,8091462297
STU104,Nidhi Sharma,3,3,A,AI&DS,5,AI,Week 8,100.0,8091462297
STU104,Nidhi Sharma,4,4,A,AI&DS,5,DSA,Week 1,100.0,8091462297
STU104,Nidhi Sharma,4,4,A,AI&DS,5,DSA,Week 2,100.0,8091462297
STU104,Nidhi Sharma,3,4,A,AI&DS,5,DSA,Week 3,75.0,8091462297
STU104,Nidhi Sharma,2,5,A,AI&DS,5,DSA,Week 4,40.0,8091462297
STU104,Nidhi Sharma,3,4,A,AI&DS,5,DSA,Week 5,75.0,8091462297
STU104,Nidhi Sharma,2,4,A,AI&DS,5,DSA,Week 6,50.0,8091462297
STU104,Nidhi Sharma,2,4,A,AI&DS,5,DSA,Week 7,50.0,8091462297
STU104,Nidhi Sharma,4,4,A,AI&DS,5,DSA,Week 8,100.0,8091462297
STU104,Nidhi Sharma,1,1,A,AI&DS,5,Code Lab,Week 1,100.0,8091462297
STU104,Nidhi Sharma,2,2,A,AI&DS,5,Code Lab,Week 2,100.0,8091462297
STU104,Nidhi Sharma,3,3,A,AI&DS,5,Code Lab,Week 3,100.0,8091462297
STU104,Nidhi Sharma,0,1,A,AI&DS,5,Code Lab,Week 4,0.0,8091462297
STU104,Nidhi Sharma,1,1,A,AI&DS,5,Code Lab,Week 5,100.0,8091462297
STU104,Nidhi Sharma,3,3,A,AI&DS,5,Code Lab,Week 6,100.0,8091462297
STU104,Nidhi Sharma,1,2,A,AI&DS,5,Code Lab,Week 7,50.0,8091462297
STU104,Nidhi Sharma,3,3,A,AI&DS,5,Code Lab,Week 8,100.0,8091462297
STU104,Nidhi Sharma,3,3,A,AI&DS,5,Communication Skills,Week 1,100.0,8091462297
STU104,Nidhi Sharma,2,2,A,AI&DS,5,Communication Skills,Week 2,100.0,8091462297
STU104,Nidhi Sharma,2,2,A,AI&DS,5,Communication Skills,Week 3,100.0,8091462297
STU104,Nidhi Sharma,2,2,A,AI&DS,5,Communication Skills,Week 4,100.0,8091462297
STU104,Nidhi Sharma,2,2,A,AI&DS,5,Communication Skills,Week 5,100.0,8091462297
STU104,Nidhi Sharma,1,2,A,AI&DS,5,Communication Skills,Week 6,50.0,8091462297
STU104,Nidhi Sharma,2,2,A,AI&DS,5,Communication Skills,Week 7,100.0,8091462297
STU104,Nidhi Sharma,2,2,A,AI&DS,5,Communication Skills,Week 8,100.0,8091462297
STU105,Vikram Mehta,3,3,C,MECH,5,Maths,Week 1,100.0,7832894596
STU105,Vikram Mehta,2,3,C,MECH,5,Maths,Week 2,66.67,7832894596
STU105,Vikram Mehta,2,4,C,MECH,5,Maths,Week 3,50.0,7832894596
STU105,Vikram Mehta,3,4,C,MECH,5,Maths,Week 4,75.0,7832894596
STU105,Vikram Mehta,3,5,C,MECH,5,Maths,Week 5,60.0,7832894596
STU105,Vikram Mehta,2,4,C,MECH,5,Maths,Week 6,50.0,7832894596
STU105,Vikram Mehta,2,4,C,MECH,5,Maths,Week 7,50.0,7832894596
STU105,Vikram Mehta,2,5,C,MECH,5,Maths,Week 8,40.0,7832894596
STU105,Vikram Mehta,3,3,C,MECH,5,Python,Week 1,100.0,7832894596
STU105,Vikram Mehta,2,4,C,MECH,5,Python,Week 2,50.0,7832894596
STU105,Vikram Mehta,3,4,C,MECH,5,Python,Week 3,75.0,7832894596
STU105,Vikram Mehta,3,3,C,MECH,5,Python,Week 4,100.0,7832894596
STU105,Vikram Mehta,1,3,C,MECH,5,Python,Week 5,33.33,7832894596
STU105,Vikram Mehta,2,3,C,MECH,5,Python,Week 6,66.67,7832894596
STU105,Vikram Mehta,2,3,C,MECH,5,Python,Week 7,66.67,7832894596
STU105,Vikram Mehta,1,3,C,MECH,5,Python,Week 8,33.33,7832894596
STU105,Vikram Mehta,3,3,C,MECH,5,AI,Week 1,100.0,7832894596
STU105,Vikram Mehta,3,3,C,MECH,5,AI,Week 2,100.0,7832894596
STU105,Vikram Mehta,1,3,C,MECH,5,AI,Week 3,33.33,7832894596
STU105,Vikram Mehta,2,3,C,MECH,5,AI,Week 4,66.67,7832894596
STU105,Vikram Mehta,3,3,C,MECH,5,AI,Week 5,100.0,7832894596
STU105,Vikram Mehta,2,4,C,MECH,5,AI,Week 6,50.0,7832894596
STU105,Vikram Mehta,2,3,C,MECH,5,AI,Week 7,66.67,7832894596
STU105,Vikram Mehta,0,2,C,MECH,5,AI,Week 8,0.0,7832894596
STU105,Vikram Mehta,5,5,C,MECH,5,DSA,Week 1,100.0,7832894596
STU105,Vikram Mehta,3,4,C,MECH,5,DSA,Week 2,75.0,7832894596
STU105,Vikram Mehta,3,4,C,MECH,5,DSA,Week 3,75.0,7832894596
STU105,Vikram Mehta,4,4,C,MECH,5,DSA,Week 4,100.0,7832894596
STU105,Vikram Mehta,2,4,C,MECH,5,DSA,Week 5,50.0,7832894596
STU105,Vikram Mehta,2,4,C,MECH,5,DSA,Week 6,50.0,7832894596
STU105,Vikram Mehta,2,4,C,MECH,5,DSA,Week 7,50.0,7832894596
STU105,Vikram Mehta,0,3,C,MECH,5,DSA,Week 8,0.0,7832894596
STU105,Vikram Mehta,1,2,C,MECH,5,Code Lab,Week 1,50.0,7832894596
STU105,Vikram Mehta,1,2,C,MECH,5,Code Lab,Week 2,50.0,7832894596
STU105,Vikram Mehta,2,3,C,MECH,5,Code Lab,Week 3,66.67,7832894596
STU105,Vikram Mehta,2,2,C,MECH,5,Code Lab,Week 4,100.0,7832894596
STU105,Vikram Mehta,1,1,C,MECH,5,Code Lab,Week 5,100.0,7832894596
STU105,Vikram Mehta,0,2,C,MECH,5,Code Lab,Week 6,0.0,7832894596
STU105,Vikram Mehta,1,2,C,MECH,5,Code Lab,Week 7,50.0,7832894596
STU105,Vikram Mehta,0,2,C,MECH,5,Code Lab,Week 8,0.0,7832894596
STU105,Vikram Mehta,1,1,C,MECH,5,Communication Skills,Week 1,100.0,7832894596
STU105,Vikram Mehta,1,1,C,MECH,5,Communication Skills,Week 2,100.0,7832894596
STU105,Vikram Mehta,0,2,C,MECH,5,Communication Skills,Week 3,0.0,7832894596
STU105,Vikram Mehta,2,3,C,MECH,5,Communication Skills,Week 4,66.67,7832894596
STU105,Vikram Mehta,1,2,C,MECH,5,Communication Skills,Week 5,50.0,7832894596
STU105,Vikram Mehta,1,1,C,MECH,5,Communication Skills,Week 6,100.0,7832894596
STU105,Vikram Mehta,1,2,C,MECH,5,Communication Skills,Week 7,50.0,7832894596
STU105,Vikram Mehta,2,2,C,MECH,5,Communication Skills,Week 8,100.0,7832894596
STU106,Kritika Pillai,4,4,C,ECE,4,Maths,Week 1,100.0,8610561240
STU106,Kritika Pillai,2,3,C,ECE,4,Maths,Week 2,66.67,8610561240
STU106,Kritika Pillai,2,4,C,ECE,4,Maths,Week 3,50.0,8610561240
STU106,Kritika Pillai,3,5,C,ECE,4,Maths,Week 4,60.0,8610561240
STU106,Kritika Pillai,2,4,C,ECE,4,Maths,Week 5,50.0,8610561240
STU106,Kritika Pillai,2,4,C,ECE,4,Maths,Week 6,50.0,8610561240
STU106,Kritika Pillai,2,5,C,ECE,4,Maths,Week 7,40.0,8610561240
STU106,Kritika Pillai,1,3,C,ECE,4,Maths,Week 8,33.33,8610561240
STU106,Kritika Pillai,2,2,C,ECE,4,Python,Week 1,100.0,8610561240
STU106,Kritika Pillai,3,3,C,ECE,4,Python,Week 2,100.0,8610561240
STU106,Kritika Pillai,2,3,C,ECE,4,Python,Week 3,66.67,8610561240
STU106,Kritika Pillai,2,4,C,ECE,4,Python,Week 4,50.0,8610561240
STU106,Kritika Pillai,1,3,C,ECE,4,Python,Week 5,33.33,8610561240
STU106,Kritika Pillai,1,2,C,ECE,4,Python,Week 6,50.0,8610561240
STU106,Kritika Pillai,1,4,C,ECE,4,Python,Week 7,25.0,8610561240
STU106,Kritika Pillai,2,3,C,ECE,4,Python,Week 8,66.67,8610561240
STU106,Kritika Pillai,3,3,C,ECE,4,AI,Week 1,100.0,8610561240
STU106,Kritika Pillai,2,3,C,ECE,4,AI,Week 2,66.67,8610561240
STU106,Kritika Pillai,2,2,C,ECE,4,AI,Week 3,100.0,8610561240
STU106,Kritika Pillai,2,3,C,ECE,4,AI,Week 4,66.67,8610561240
STU106,Kritika Pillai,1,3,C,ECE,4,AI,Week 5,33.33,8610561240
STU106,Kritika Pillai,1,3,C,ECE,4,AI,Week 6,33.33,8610561240
STU106,Kritika Pillai,2,3,C,ECE,4,AI,Week 7,66.67,8610561240
STU106,Kritika Pillai,3,3,C,ECE,4,AI,Week 8,100.0,8610561240
STU106,Kritika Pillai,3,4,C,ECE,4,DSA,Week 1,75.0,8610561240
STU106,Kritika Pillai,4,4,C,ECE,4,DSA,Week 2,100.0,8610561240
STU106,Kritika Pillai,4,4,C,ECE,4,DSA,Week 3,100.0,8610561240
STU106,Kritika Pillai,4,4,C,ECE,4,DSA,Week 4,100.0,8610561240
STU106,Kritika Pillai,2,4,C,ECE,4,DSA,Week 5,50.0,8610561240
STU106,Kritika Pillai,2,4,C,ECE,4,DSA,Week 6,50.0,8610561240
STU106,Kritika Pillai,2,4,C,ECE,4,DSA,Week 7,50.0,8610561240
STU106,Kritika Pillai,3,4,C,ECE,4,DSA,Week 8,75.0,8610561240
STU106,Kritika Pillai,2,2,C,ECE,4,Code Lab,Week 1,100.0,8610561240
STU106,Kritika Pillai,2,2,C,ECE,4,Code Lab,Week 2,100.0,8610561240
STU106,Kritika Pillai,1,1,C,ECE,4,Code Lab,Week 3,100.0,8610561240
STU106,Kritika Pillai,1,2,C,ECE,4,Code Lab,Week 4,50.0,8610561240
STU106,Kritika Pillai,2,2,C,ECE,4,Code Lab,Week 5,100.0,8610561240
STU106,Kritika Pillai,2,3,C,ECE,4,Code Lab,Week 6,66.67,8610561240
STU106,Kritika Pillai,1,2,C,ECE,4,Code Lab,Week 7,50.0,8610561240
STU106,Kritika Pillai,1,1,C,ECE,4,Code Lab,Week 8,100.0,8610561240
STU106,Kritika Pillai,1,1,C,ECE,4,Communication Skills,Week 1,100.0,8610561240
STU106,Kritika Pillai,1,1,C,ECE,4,Communication Skills,Week 2,100.0,8610561240
STU106,Kritika Pillai,1,1,C,ECE,4,Communication Skills,Week 3,100.0,8610561240
STU106,Kritika Pillai,0,1,C,ECE,4,Communication Skills,Week 4,0.0,8610561240
STU106,Kritika Pillai,0,1,C,ECE,4,Communication Skills,Week 5,0.0,8610561240
STU106,Kritika Pillai,1,2,C,ECE,4,Communication Skills,Week 6,50.0,8610561240
STU106,Kritika Pillai,1,3,C,ECE,4,Communication Skills,Week 7,33.33,8610561240
STU106,Kritika Pillai,1,2,C,ECE,4,Communication Skills,Week 8,50.0,8610561240
STU107,Ravi Iyer,5,5,C,AI&DS,3,Maths,Week 1,100.0,8709129316
STU107,Ravi Iyer,4,4,C,AI&DS,3,Maths,Week 2,100.0,8709129316
STU107,Ravi Iyer,4,4,C,AI&DS,3,Maths,Week 3,100.0,8709129316
STU107,Ravi Iyer,3,4,C,AI&DS,3,Maths,Week 4,75.0,8709129316
STU107,Ravi Iyer,3,3,C,AI&DS,3,Maths,Week 5,100.0,8709129316
STU107,Ravi Iyer,4,4,C,AI&DS,3,Maths,Week 6,100.0,8709129316
STU107,Ravi Iyer,3,3,C,AI&DS,3,Maths,Week 7,100.0,8709129316
STU107,Ravi Iyer,4,5,C,AI&DS,3,Maths,Week 8,80.0,8709129316
STU107,Ravi Iyer,2,2,C,AI&DS,3,Python,Week 1,100.0,8709129316
STU107,Ravi Iyer,4,4,C,AI&DS,3,Python,Week 2,100.0,8709129316
STU107,Ravi Iyer,2,2,C,AI&DS,3,Python,Week 3,100.0,8709129316
STU107,Ravi Iyer,2,3,C,AI&DS,3,Python,Week 4,66.67,8709129316
STU107,Ravi Iyer,2,3,C,AI&DS,3,Python,Week 5,66.67,8709129316
STU107,Ravi Iyer,3,3,C,AI&DS,3,Python,Week 6,100.0,8709129316
STU107,Ravi Iyer,3,3,C,AI&DS,3,Python,Week 7,100.0,8709129316
STU107,Ravi Iyer,3,3,C,AI&DS,3,Python,Week 8,100.0,8709129316
STU107,Ravi Iyer,4,4,C,AI&DS,3,AI,Week 1,100.0,8709129316
STU107,Ravi Iyer,2,3,C,AI&DS,3,AI,Week 2,66.67,8709129316
STU107,Ravi Iyer,2,3,C,AI&DS,3,AI,Week 3,66.67,8709129316
STU107,Ravi Iyer,3,3,C,AI&DS,3,AI,Week 4,100.0,8709129316
STU107,Ravi Iyer,3,3,C,AI&DS,3,AI,Week 5,100.0,8709129316
STU107,Ravi Iyer,4,4,C,AI&DS,3,AI,Week 6,100.0,8709129316
STU107,Ravi Iyer,3,3,C,AI&DS,3,AI,Week 7,100.0,8709129316
STU107,Ravi Iyer,3,3,C,AI&DS,3,AI,Week 8,100.0,8709129316
STU107,Ravi Iyer,4,4,C,AI&DS,3,DSA,Week 1,100.0,8709129316
STU107,Ravi Iyer,3,4,C,AI&DS,3,DSA,Week 2,75.0,8709129316
STU107,Ravi Iyer,5,5,C,AI&DS,3,DSA,Week 3,100.0,8709129316
STU107,Ravi Iyer,3,3,C,AI&DS,3,DSA,Week 4,100.0,8709129316
STU107,Ravi Iyer,3,3,C,AI&DS,3,DSA,Week 5,100.0,8709129316
STU107,Ravi Iyer,4,4,C,AI&DS,3,DSA,Week 6,100.0,8709129316
STU107,Ravi Iyer,3,3,C,AI&DS,3,DSA,Week 7,100.0,8709129316
STU107,Ravi Iyer,3,5,C,AI&DS,3,DSA,Week 8,60.0,8709129316
STU107,Ravi Iyer,2,2,C,AI&DS,3,Code Lab,Week 1,100.0,8709129316
STU107,Ravi Iyer,2,2,C,AI&DS,3,Code Lab,Week 2,100.0,8709129316
STU107,Ravi Iyer,2,2,C,AI&DS,3,Code Lab,Week 3,100.0,8709129316
STU107,Ravi Iyer,3,3,C,AI&DS,3,Code Lab,Week 4,100.0,8709129316
STU107,Ravi Iyer,1,1,C,AI&DS,3,Code Lab,Week 5,100.0,8709129316
STU107,Ravi Iyer,2,2,C,AI&DS,3,Code Lab,Week 6,100.0,8709129316
STU107,Ravi Iyer,3,3,C,AI&DS,3,Code Lab,Week 7,100.0,8709129316
STU107,Ravi Iyer,2,3,C,AI&DS,3,Code Lab,Week 8,66.67,8709129316
STU107,Ravi Iyer,3,3,C,AI&DS,3,Communication Skills,Week 1,100.0,8709129316
STU107,Ravi Iyer,2,2,C,AI&DS,3,Communication Skills,Week 2,100.0,8709129316
STU107,Ravi Iyer,1,1,C,AI&DS,3,Communication Skills,Week 3,100.0,8709129316
STU107,Ravi Iyer,2,2,C,AI&DS,3,Communication Skills,Week 4,100.0,8709129316
STU107,Ravi Iyer,2,3,C,AI&DS,3,Communication Skills,Week 5,66.67,8709129316
STU107,Ravi Iyer,2,2,C,AI&DS,3,Communication Skills,Week 6,100.0,8709129316
STU107,Ravi Iyer,2,2,C,AI&DS,3,Communication Skills,Week 7,100.0,8709129316
STU107,Ravi Iyer,2,2,C,AI&DS,3,Communication Skills,Week 8,100.0,8709129316
STU108,Varun Gupta,4,4,A,MECH,3,Maths,Week 1,100.0,6438642403
STU108,Varun Gupta,3,5,A,MECH,3,Maths,Week 2,60.0,6438642403
STU108,Varun Gupta,4,5,A,MECH,3,Maths,Week 3,80.0,6438642403
STU108,Varun Gupta,3,4,A,MECH,3,Maths,Week 4,75.0,6438642403
STU108,Varun Gupta,1,4,A,MECH,3,Maths,Week 5,25.0,6438642403
STU108,Varun Gupta,1,3,A,MECH,3,Maths,Week 6,33.33,6438642403
STU108,Varun Gupta,1,5,A,MECH,3,Maths,Week 7,20.0,6438642403
STU108,Varun Gupta,1,5,A,MECH,3,Maths,Week 8,20.0,6438642403
STU108,Varun Gupta,2,3,A,MECH,3,Python,Week 1,66.67,6438642403
STU108,Varun Gupta,2,3,A,MECH,3,Python,Week 2,66.67,6438642403
STU108,Varun Gupta,2,3,A,MECH,3,Python,Week 3,66.67,6438642403
STU108,Varun Gupta,0,3,A,MECH,3,Python,Week 4,0.0,6438642403
STU108,Varun Gupta,3,3,A,MECH,3,Python,Week 5,100.0,6438642403
STU108,Varun Gupta,2,3,A,MECH,3,Python,Week 6,66.67,6438642403
STU108,Varun Gupta,1,3,A,MECH,3,Python,Week 7,33.33,6438642403
STU108,Varun Gupta,1,3,A,MECH,3,Python,Week 8,33.33,6438642403
STU108,Varun Gupta,3,3,A,MECH,3,AI,Week 1,100.0,6438642403
STU108,Varun Gupta,2,3,A,MECH,3,AI,Week 2,66.67,6438642403
STU108,Varun Gupta,0,2,A,MECH,3,AI,Week 3,0.0,6438642403
STU108,Varun Gupta,3,3,A,MECH,3,AI,Week 4,100.0,6438642403
STU108,Varun Gupta,3,4,A,MECH,3,AI,Week 5,75.0,6438642403
STU108,Varun Gupta,0,3,A,MECH,3,AI,Week 6,0.0,6438642403
STU108,Varun Gupta,2,2,A,MECH,3,AI,Week 7,100.0,6438642403
STU108,Varun Gupta,2,3,A,MECH,3,AI,Week 8,66.67,6438642403
STU108,Varun Gupta,2,4,A,MECH,3,DSA,Week 1,50.0,6438642403
STU108,Varun Gupta,3,4,A,MECH,3,DSA,Week 2,75.0,6438642403
STU108,Varun Gupta,2,4,A,MECH,3,DSA,Week 3,50.0,6438642403
STU108,Varun Gupta,4,4,A,MECH,3,DSA,Week 4,100.0,6438642403
STU108,Varun Gupta,3,3,A,MECH,3,DSA,Week 5,100.0,6438642403
STU108,Varun Gupta,3,4,A,MECH,3,DSA,Week 6,75.0,6438642403
STU108,Varun Gupta,1,4,A,MECH,3,DSA,Week 7,25.0,6438642403
STU108,Varun Gupta,0,4,A,MECH,3,DSA,Week 8,0.0,6438642403
STU108,Varun Gupta,2,2,A,MECH,3,Code Lab,Week 1,100.0,6438642403
STU108,Varun Gupta,1,2,A,MECH,3,Code Lab,Week 2,50.0,6438642403
STU108,Varun Gupta,2,2,A,MECH,3,Code Lab,Week 3,100.0,6438642403
STU108,Varun Gupta,1,2,A,MECH,3,Code Lab,Week 4,50.0,6438642403
STU108,Varun Gupta,1,1,A,MECH,3,Code Lab,Week 5,100.0,6438642403
STU108,Varun Gupta,0,2,A,MECH,3,Code Lab,Week 6,0.0,6438642403
STU108,Varun Gupta,1,2,A,MECH,3,Code Lab,Week 7,50.0,6438642403
STU108,Varun Gupta,0,1,A,MECH,3,Code Lab,Week 8,0.0,6438642403
STU108,Varun Gupta,2,2,A,MECH,3,Communication Skills,Week 1,100.0,6438642403
STU108,Varun Gupta,1,1,A,MECH,3,Communication Skills,Week 2,100.0,6438642403
STU108,Varun Gupta,2,2,A,MECH,3,Communication Skills,Week 3,100.0,6438642403
STU108,Varun Gupta,1,1,A,MECH,3,Communication Skills,Week 4,100.0,6438642403
STU108,Varun Gupta,1,3,A,MECH,3,Communication Skills,Week 5,33.33,6438642403
STU108,Varun Gupta,2,3,A,MECH,3,Communication Skills,Week 6,66.67,6438642403
STU108,Varun Gupta,1,2,A,MECH,3,Communication Skills,Week 7,50.0,6438642403
STU108,Varun Gupta,1,2,A,MECH,3,Communication Skills,Week 8,50.0,6438642403
STU109,Swati Chauhan,4,4,A,ECE,3,Maths,Week 1,100.0,8759088046
STU109,Swati Chauhan,3,3,A,ECE,3,Maths,Week 2,100.0,8759088046
STU109,Swati Chauhan,3,3,A,ECE,3,Maths,Week 3,100.0,8759088046
STU109,Swati Chauhan,4,4,A,ECE,3,Maths,Week 4,100.0,8759088046
STU109,Swati Chauhan,5,5,A,ECE,3,Maths,Week 5,100.0,8759088046
STU109,Swati Chauhan,3,3,A,ECE,3,Maths,Week 6,100.0,8759088046
STU109,Swati Chauhan,4,4,A,ECE,3,Maths,Week 7,100.0,8759088046
STU109,Swati Chauhan,4,4,A,ECE,3,Maths,Week 8,100.0,8759088046
STU109,Swati Chauhan,3,3,A,ECE,3,Python,Week 1,100.0,8759088046
STU109,Swati Chauhan,3,3,A,ECE,3,Python,Week 2,100.0,8759088046
STU109,Swati Chauhan,1,2,A,ECE,3,Python,Week 3,50.0,8759088046
STU109,Swati Chauhan,2,3,A,ECE,3,Python,Week 4,66.67,8759088046
STU109,Swati Chauhan,3,3,A,ECE,3,Python,Week 5,100.0,8759088046
STU109,Swati Chauhan,2,2,A,ECE,3,Python,Week 6,100.0,8759088046
STU109,Swati Chauhan,2,2,A,ECE,3,Python,Week 7,100.0,8759088046
STU109,Swati Chauhan,4,4,A,ECE,3,Python,Week 8,100.0,8759088046
STU109,Swati Chauhan,4,4,A,ECE,3,AI,Week 1,100.0,8759088046
STU109,Swati Chauhan,2,2,A,ECE,3,AI,Week 2,100.0,8759088046
STU109,Swati Chauhan,4,4,A,ECE,3,AI,Week 3,100.0,8759088046
STU109,Swati Chauhan,3,3,A,ECE,3,AI,Week 4,100.0,8759088046
STU109,Swati Chauhan,3,3,A,ECE,3,AI,Week 5,100.0,8759088046
STU109,Swati Chauhan,3,3,A,ECE,3,AI,Week 6,100.0,8759088046
STU109,Swati Chauhan,2,3,A,ECE,3,AI,Week 7,66.67,8759088046
STU109,Swati Chauhan,3,3,A,ECE,3,AI,Week 8,100.0,8759088046
STU109,Swati Chauhan,5,5,A,ECE,3,DSA,Week 1,100.0,8759088046
STU109,Swati Chauhan,3,3,A,ECE,3,DSA,Week 2,100.0,8759088046
STU109,Swati Chauhan,4,4,A,ECE,3,DSA,Week 3,100.0,8759088046
STU109,Swati Chauhan,4,4,A,ECE,3,DSA,Week 4,100.0,8759088046
STU109,Swati Chauhan,3,4,A,ECE,3,DSA,Week 5,75.0,8759088046
STU109,Swati Chauhan,5,5,A,ECE,3,DSA,Week 6,100.0,8759088046
STU109,Swati Chauhan,3,3,A,ECE,3,DSA,Week 7,100.0,8759088046
STU109,Swati Chauhan,3,5,A,ECE,3,DSA,Week 8,60.0,8759088046
STU109,Swati Chauhan,3,3,A,ECE,3,Code Lab,Week 1,100.0,8759088046
STU109,Swati Chauhan,3,3,A,ECE,3,Code Lab,Week 2,100.0,8759088046
STU109,Swati Chauhan,2,2,A,ECE,3,Code Lab,Week 3,100.0,8759088046
STU109,Swati Chauhan,2,2,A,ECE,3,Code Lab,Week 4,100.0,8759088046
STU109,Swati Chauhan,2,2,A,ECE,3,Code Lab,Week 5,100.0,8759088046
STU109,Swati Chauhan,2,2,A,ECE,3,Code Lab,Week 6,100.0,8759088046
STU109,Swati Chauhan,1,1,A,ECE,3,Code Lab,Week 7,100.0,8759088046
STU109,Swati Chauhan,2,2,A,ECE,3,Code Lab,Week 8,100.0,8759088046
STU109,Swati Chauhan,2,2,A,ECE,3,Communication Skills,Week 1,100.0,8759088046
STU109,Swati Chauhan,3,3,A,ECE,3,Communication Skills,Week 2,100.0,8759088046
STU109,Swati Chauhan,2,2,A,ECE,3,Communication Skills,Week 3,100.0,8759088046
STU109,Swati Chauhan,3,3,A,ECE,3,Communication Skills,Week 4,100.0,8759088046
STU109,Swati Chauhan,1,1,A,ECE,3,Communication Skills,Week 5,100.0,8759088046
STU109,Swati Chauhan,2,2,A,ECE,3,Communication Skills,Week 6,100.0,8759088046
STU109,Swati Chauhan,2,2,A,ECE,3,Communication Skills,Week 7,100.0,8759088046
STU109,Swati Chauhan,2,2,A,ECE,3,Communication Skills,Week 8,100.0,8759088046
STU110,Harsh Verma,5,5,B,AI&DS,5,Maths,Week 1,100.0,7456489494
STU110,Harsh Verma,4,4,B,AI&DS,5,Maths,Week 2,100.0,7456489494
STU110,Harsh Verma,3,3,B,AI&DS,5,Maths,Week 3,100.0,7456489494
STU110,Harsh Verma,3,3,B,AI&DS,5,Maths,Week 4,100.0,7456489494
STU110,Harsh Verma,4,4,B,AI&DS,5,Maths,Week 5,100.0,7456489494
STU110,Harsh Verma,4,4,B,AI&DS,5,Maths,Week 6,100.0,7456489494
STU110,Harsh Verma,4,4,B,AI&DS,5,Maths,Week 7,100.0,7456489494
STU110,Harsh Verma,4,4,B,AI&DS,5,Maths,Week 8,100.0,7456489494
STU110,Harsh Verma,4,4,B,AI&DS,5,Python,Week 1,100.0,7456489494
STU110,Harsh Verma,1,2,B,AI&DS,5,Python,Week 2,50.0,7456489494
STU110,Harsh Verma,3,3,B,AI&DS,5,Python,Week 3,100.0,7456489494
STU110,Harsh Verma,2,3,B,AI&DS,5,Python,Week 4,66.67,7456489494
STU110,Harsh Verma,3,3,B,AI&DS,5,Python,Week 5,100.0,7456489494
STU110,Harsh Verma,4,4,B,AI&DS,5,Python,Week 6,100.0,7456489494
STU110,Harsh Verma,2,3,B,AI&DS,5,Python,Week 7,66.67,7456489494
STU110,Harsh Verma,3,3,B,AI&DS,5,Python,Week 8,100.0,7456489494
STU110,Harsh Verma,4,4,B,AI&DS,5,AI,Week 1,100.0,7456489494
STU110,Harsh Verma,2,3,B,AI&DS,5,AI,Week 2,66.67,7456489494
STU110,Harsh Verma,3,3,B,AI&DS,5,AI,Week 3,100.0,7456489494
STU110,Harsh Verma,3,3,B,AI&DS,5,AI,Week 4,100.0,7456489494
STU110,Harsh Verma,3,3,B,AI&DS,5,AI,Week 5,100.0,7456489494
STU110,Harsh Verma,4,4,B,AI&DS,5,AI,Week 6,100.0,7456489494
STU110,Harsh Verma,2,2,B,AI&DS,5,AI,Week 7,100.0,7456489494
STU110,Harsh Verma,3,3,B,AI&DS,5,AI,Week 8,100.0,7456489494
STU110,Harsh Verma,5,5,B,AI&DS,5,DSA,Week 1,100.0,7456489494
STU110,Harsh Verma,3,3,B,AI&DS,5,DSA,Week 2,100.0,7456489494
STU110,Harsh Verma,3,3,B,AI&DS,5,DSA,Week 3,100.0,7456489494
STU110,Harsh Verma,4,4,B,AI&DS,5,DSA,Week 4,100.0,7456489494
STU110,Harsh Verma,4,4,B,AI&DS,5,DSA,Week 5,100.0,7456489494
STU110,Harsh Verma,3,4,B,AI&DS,5,DSA,Week 6,75.0,7456489494
STU110,Harsh Verma,4,4,B,AI&DS,5,DSA,Week 7,100.0,7456489494
STU110,Harsh Verma,4,4,B,AI&DS,5,DSA,Week 8,100.0,7456489494
STU110,Harsh Verma,2,2,B,AI&DS,5,Code Lab,Week 1,100.0,7456489494
STU110,Harsh Verma,3,3,B,AI&DS,5,Code Lab,Week 2,100.0,7456489494
STU110,Harsh Verma,2,2,B,AI&DS,5,Code Lab,Week 3,100.0,7456489494
STU110,Harsh Verma,2,2,B,AI&DS,5,Code Lab,Week 4,100.0,7456489494
STU110,Harsh Verma,1,1,B,AI&DS,5,Code Lab,Week 5,100.0,7456489494
STU110,Harsh Verma,3,3,B,AI&DS,5,Code Lab,Week 6,100.0,7456489494
STU110,Harsh Verma,2,2,B,AI&DS,5,Code Lab,Week 7,100.0,7456489494
STU110,Harsh Verma,2,2,B,AI&DS,5,Code Lab,Week 8,100.0,7456489494
STU110,Harsh Verma,1,1,B,AI&DS,5,Communication Skills,Week 1,100.0,7456489494
STU110,Harsh Verma,2,2,B,AI&DS,5,Communication Skills,Week 2,100.0,7456489494
STU110,Harsh Verma,2,2,B,AI&DS,5,Communication Skills,Week 3,100.0,7456489494
STU110,Harsh Verma,2,3,B,AI&DS,5,Communication Skills,Week 4,66.67,7456489494
STU110,Harsh Verma,2,2,B,AI&DS,5,Communication Skills,Week 5,100.0,7456489494
STU110,Harsh Verma,3,3,B,AI&DS,5,Communication Skills,Week 6,100.0,7456489494
STU110,Harsh Verma,2,2,B,AI&DS,5,Communication Skills,Week 7,100.0,7456489494
STU110,Harsh Verma,1,1,B,AI&DS,5,Communication Skills,Week 8,100.0,7456489494
STU111,Isha Nair,2,4,A,ECE,3,Maths,Week 1,50.0,6178158234
STU111,Isha Nair,4,4,A,ECE,3,Maths,Week 2,100.0,6178158234
STU111,Isha Nair,4,5,A,ECE,3,Maths,Week 3,80.0,6178158234
STU111,Isha Nair,4,4,A,ECE,3,Maths,Week 4,100.0,6178158234
STU111,Isha Nair,3,5,A,ECE,3,Maths,Week 5,60.0,6178158234
STU111,Isha Nair,3,3,A,ECE,3,Maths,Week 6,100.0,6178158234
STU111,Isha Nair,5,5,A,ECE,3,Maths,Week 7,100.0,6178158234
STU111,Isha Nair,4,4,A,ECE,3,Maths,Week 8,100.0,6178158234
STU111,Isha Nair,2,2,A,ECE,3,Python,Week 1,100.0,6178158234
STU111,Isha Nair,3,4,A,ECE,3,Python,Week 2,75.0,6178158234
STU111,Isha Nair,2,3,A,ECE,3,Python,Week 3,66.67,6178158234
STU111,Isha Nair,2,2,A,ECE,3,Python,Week 4,100.0,6178158234
STU111,Isha Nair,1,2,A,ECE,3,Python,Week 5,50.0,6178158234
STU111,Isha Nair,1,3,A,ECE,3,Python,Week 6,33.33,6178158234
STU111,Isha Nair,3,3,A,ECE,3,Python,Week 7,100.0,6178158234
STU111,Isha Nair,2,2,A,ECE,3,Python,Week 8,100.0,6178158234
STU111,Isha Nair,2,3,A,ECE,3,AI,Week 1,66.67,6178158234
STU111,Isha Nair,4,4,A,ECE,3,AI,Week 2,100.0,6178158234
STU111,Isha Nair,3,3,A,ECE,3,AI,Week 3,100.0,6178158234
STU111,Isha Nair,2,2,A,ECE,3,AI,Week 4,100.0,6178158234
STU111,Isha Nair,2,3,A,ECE,3,AI,Week 5,66.67,6178158234
STU111,Isha Nair,3,4,A,ECE,3,AI,Week 6,75.0,6178158234
STU111,Isha Nair,1,3,A,ECE,3,AI,Week 7,33.33,6178158234
STU111,Isha Nair,3,3,A,ECE,3,AI,Week 8,100.0,6178158234
STU111,Isha Nair,4,4,A,ECE,3,DSA,Week 1,100.0,6178158234
STU111,Isha Nair,4,4,A,ECE,3,DSA,Week 2,100.0,6178158234
STU111,Isha Nair,3,4,A,ECE,3,DSA,Week 3,75.0,6178158234
STU111,Isha Nair,2,4,A,ECE,3,DSA,Week 4,50.0,6178158234
STU111,Isha Nair,2,3,A,ECE,3,DSA,Week 5,66.67,6178158234
STU111,Isha Nair,3,4,A,ECE,3,DSA,Week 6,75.0,6178158234
STU111,Isha Nair,2,4,A,ECE,3,DSA,Week 7,50.0,6178158234
STU111,Isha Nair,4,4,A,ECE,3,DSA,Week 8,100.0,6178158234
STU111,Isha Nair,1,1,A,ECE,3,Code Lab,Week 1,100.0,6178158234
STU111,Isha Nair,3,3,A,ECE,3,Code Lab,Week 2,100.0,6178158234
STU111,Isha Nair,2,2,A,ECE,3,Code Lab,Week 3,100.0,6178158234
STU111,Isha Nair,1,1,A,ECE,3,Code Lab,Week 4,100.0,6178158234
STU111,Isha Nair,1,1,A,ECE,3,Code Lab,Week 5,100.0,6178158234
STU111,Isha Nair,1,2,A,ECE,3,Code Lab,Week 6,50.0,6178158234
STU111,Isha Nair,0,2,A,ECE,3,Code Lab,Week 7,0.0,6178158234
STU111,Isha Nair,0,2,A,ECE,3,Code Lab,Week 8,0.0,6178158234
STU111,Isha Nair,2,2,A,ECE,3,Communication Skills,Week 1,100.0,6178158234
STU111,Isha Nair,1,2,A,ECE,3,Communication Skills,Week 2,50.0,6178158234
STU111,Isha Nair,2,2,A,ECE,3,Communication Skills,Week 3,100.0,6178158234
STU111,Isha Nair,1,2,A,ECE,3,Communication Skills,Week 4,50.0,6178158234
STU111,Isha Nair,2,2,A,ECE,3,Communication Skills,Week 5,100.0,6178158234
STU111,Isha Nair,0,1,A,ECE,3,Communication Skills,Week 6,0.0,6178158234
STU111,Isha Nair,2,2,A,ECE,3,Communication Skills,Week 7,100.0,6178158234
STU111,Isha Nair,2,2,A,ECE,3,Communication Skills,Week 8,100.0,6178158234
STU112,Swati Joshi,3,5,A,IT,4,Maths,Week 1,60.0,8751333320
STU112,Swati Joshi,1,5,A,IT,4,Maths,Week 2,20.0,8751333320
STU112,Swati Joshi,4,5,A,IT,4,Maths,Week 3,80.0,8751333320
STU112,Swati Joshi,1,4,A,IT,4,Maths,Week 4,25.0,8751333320
STU112,Swati Joshi,3,4,A,IT,4,Maths,Week 5,75.0,8751333320
STU112,Swati Joshi,4,4,A,IT,4,Maths,Week 6,100.0,8751333320
STU112,Swati Joshi,3,4,A,IT,4,Maths,Week 7,75.0,8751333320
STU112,Swati Joshi,2,4,A,IT,4,Maths,Week 8,50.0,8751333320
STU112,Swati Joshi,1,3,A,IT,4,Python,Week 1,33.33,8751333320
STU112,Swati Joshi,2,2,A,IT,4,Python,Week 2,100.0,8751333320
STU112,Swati Joshi,2,2,A,IT,4,Python,Week 3,100.0,8751333320
STU112,Swati Joshi,1,3,A,IT,4,Python,Week 4,33.33,8751333320
STU112,Swati Joshi,3,3,A,IT,4,Python,Week 5,100.0,8751333320
STU112,Swati Joshi,2,3,A,IT,4,Python,Week 6,66.67,8751333320
STU112,Swati Joshi,2,4,A,IT,4,Python,Week 7,50.0,8751333320
STU112,Swati Joshi,1,2,A,IT,4,Python,Week 8,50.0,8751333320
STU112,Swati Joshi,2,3,A,IT,4,AI,Week 1,66.67,8751333320
STU112,Swati Joshi,2,2,A,IT,4,AI,Week 2,100.0,8751333320
STU112,Swati Joshi,1,3,A,IT,4,AI,Week 3,33.33,8751333320
STU112,Swati Joshi,1,3,A,IT,4,AI,Week 4,33.33,8751333320
STU112,Swati Joshi,1,2,A,IT,4,AI,Week 5,50.0,8751333320
STU112,Swati Joshi,1,3,A,IT,4,AI,Week 6,33.33,8751333320
STU112,Swati Joshi,1,2,A,IT,4,AI,Week 7,50.0,8751333320
STU112,Swati Joshi,3,3,A,IT,4,AI,Week 8,100.0,8751333320
STU112,Swati Joshi,2,5,A,IT,4,DSA,Week 1,40.0,8751333320
STU112,Swati Joshi,1,5,A,IT,4,DSA,Week 2,20.0,8751333320
STU112,Swati Joshi,4,4,A,IT,4,DSA,Week 3,100.0,8751333320
STU112,Swati Joshi,0,4,A,IT,4,DSA,Week 4,0.0,8751333320
STU112,Swati Joshi,4,5,A,IT,4,DSA,Week 5,80.0,8751333320
STU112,Swati Joshi,3,4,A,IT,4,DSA,Week 6,75.0,8751333320
STU112,Swati Joshi,1,3,A,IT,4,DSA,Week 7,33.33,8751333320
STU112,Swati Joshi,2,3,A,IT,4,DSA,Week 8,66.67,8751333320
STU112,Swati Joshi,2,2,A,IT,4,Code Lab,Week 1,100.0,8751333320
STU112,Swati Joshi,0,1,A,IT,4,Code Lab,Week 2,0.0,8751333320
STU112,Swati Joshi,1,2,A,IT,4,Code Lab,Week 3,50.0,8751333320
STU112,Swati Joshi,2,2,A,IT,4,Code Lab,Week 4,100.0,8751333320
STU112,Swati Joshi,1,2,A,IT,4,Code Lab,Week 5,50.0,8751333320
STU112,Swati Joshi,0,3,A,IT,4,Code Lab,Week 6,0.0,8751333320
STU112,Swati Joshi,0,2,A,IT,4,Code Lab,Week 7,0.0,8751333320
STU112,Swati Joshi,2,2,A,IT,4,Code Lab,Week 8,100.0,8751333320
STU112,Swati Joshi,3,3,A,IT,4,Communication Skills,Week 1,100.0,8751333320
STU112,Swati Joshi,1,3,A,IT,4,Communication Skills,Week 2,33.33,8751333320
STU112,Swati Joshi,1,1,A,IT,4,Communication Skills,Week 3,100.0,8751333320
STU112,Swati Joshi,1,2,A,IT,4,Communication Skills,Week 4,50.0,8751333320
STU112,Swati Joshi,2,2,A,IT,4,Communication Skills,Week 5,100.0,8751333320
STU112,Swati Joshi,0,2,A,IT,4,Communication Skills,Week 6,0.0,8751333320
STU112,Swati Joshi,2,2,A,IT,4,Communication Skills,Week 7,100.0,8751333320
STU112,Swati Joshi,2,2,A,IT,4,Communication Skills,Week 8,100.0,8751333320
STU113,Nikhil Chauhan,1,4,A,IT,5,Maths,Week 1,25.0,6955010559
STU113,Nikhil Chauhan,1,5,A,IT,5,Maths,Week 2,20.0,6955010559
STU113,Nikhil Chauhan,2,4,A,IT,5,Maths,Week 3,50.0,6955010559
STU113,Nikhil Chauhan,3,4,A,IT,5,Maths,Week 4,75.0,6955010559
STU113,Nikhil Chauhan,3,4,A,IT,5,Maths,Week 5,75.0,6955010559
STU113,Nikhil Chauhan,2,4,A,IT,5,Maths,Week 6,50.0,6955010559
STU113,Nikhil Chauhan,2,5,A,IT,5,Maths,Week 7,40.0,6955010559
STU113,Nikhil Chauhan,1,4,A,IT,5,Maths,Week 8,25.0,6955010559
STU113,Nikhil Chauhan,2,3,A,IT,5,Python,Week 1,66.67,6955010559
STU113,Nikhil Chauhan,1,3,A,IT,5,Python,Week 2,33.33,6955010559
STU113,Nikhil Chauhan,2,4,A,IT,5,Python,Week 3,50.0,6955010559
STU113,Nikhil Chauhan,1,3,A,IT,5,Python,Week 4,33.33,6955010559
STU113,Nikhil Chauhan,1,4,A,IT,5,Python,Week 5,25.0,6955010559
STU113,Nikhil Chauhan,3,3,A,IT,5,Python,Week 6,100.0,6955010559
STU113,Nikhil Chauhan,0,2,A,IT,5,Python,Week 7,0.0,6955010559
STU113,Nikhil Chauhan,2,3,A,IT,5,Python,Week 8,66.67,6955010559
STU113,Nikhil Chauhan,2,4,A,IT,5,AI,Week 1,50.0,6955010559
STU113,Nikhil Chauhan,1,4,A,IT,5,AI,Week 2,25.0,6955010559
STU113,Nikhil Chauhan,1,2,A,IT,5,AI,Week 3,50.0,6955010559
STU113,Nikhil Chauhan,1,4,A,IT,5,AI,Week 4,25.0,6955010559
STU113,Nikhil Chauhan,2,4,A,IT,5,AI,Week 5,50.0,6955010559
STU113,Nikhil Chauhan,1,3,A,IT,5,AI,Week 6,33.33,6955010559
STU113,Nikhil Chauhan,1,2,A,IT,5,AI,Week 7,50.0,6955010559
STU113,Nikhil Chauhan,1,3,A,IT,5,AI,Week 8,33.33,6955010559
STU113,Nikhil Chauhan,2,4,A,IT,5,DSA,Week 1,50.0,6955010559
STU113,Nikhil Chauhan,3,4,A,IT,5,DSA,Week 2,75.0,6955010559
STU113,Nikhil Chauhan,3,5,A,IT,5,DSA,Week 3,60.0,6955010559
STU113,Nikhil Chauhan,1,3,A,IT,5,DSA,Week 4,33.33,6955010559
STU113,Nikhil Chauhan,4,5,A,IT,5,DSA,Week 5,80.0,6955010559
STU113,Nikhil Chauhan,2,4,A,IT,5,DSA,Week 6,50.0,6955010559
STU113,Nikhil Chauhan,2,5,A,IT,5,DSA,Week 7,40.0,6955010559
STU113,Nikhil Chauhan,2,4,A,IT,5,DSA,Week 8,50.0,6955010559
STU113,Nikhil Chauhan,2,3,A,IT,5,Code Lab,Week 1,66.67,6955010559
STU113,Nikhil Chauhan,1,1,A,IT,5,Code Lab,Week 2,100.0,6955010559
STU113,Nikhil Chauhan,1,3,A,IT,5,Code Lab,Week 3,33.33,6955010559
STU113,Nikhil Chauhan,1,2,A,IT,5,Code Lab,Week 4,50.0,6955010559
STU113,Nikhil Chauhan,0,2,A,IT,5,Code Lab,Week 5,0.0,6955010559
STU113,Nikhil Chauhan,2,2,A,IT,5,Code Lab,Week 6,100.0,6955010559
STU113,Nikhil Chauhan,2,2,A,IT,5,Code Lab,Week 7,100.0,6955010559
STU113,Nikhil Chauhan,2,2,A,IT,5,Code Lab,Week 8,100.0,6955010559
STU113,Nikhil Chauhan,0,3,A,IT,5,Communication Skills,Week 1,0.0,6955010559
STU113,Nikhil Chauhan,1,2,A,IT,5,Communication Skills,Week 2,50.0,6955010559
STU113,Nikhil Chauhan,0,2,A,IT,5,Communication Skills,Week 3,0.0,6955010559
STU113,Nikhil Chauhan,2,2,A,IT,5,Communication Skills,Week 4,100.0,6955010559
STU113,Nikhil Chauhan,2,2,A,IT,5,Communication Skills,Week 5,100.0,6955010559
STU113,Nikhil Chauhan,2,2,A,IT,5,Communication Skills,Week 6,100.0,6955010559
STU113,Nikhil Chauhan,2,2,A,IT,5,Communication Skills,Week 7,100.0,6955010559
STU113,Nikhil Chauhan,0,2,A,IT,5,Communication Skills,Week 8,0.0,6955010559
STU114,Kavya Kapoor,4,4,A,CSE,3,Maths,Week 1,100.0,6821155204
STU114,Kavya Kapoor,1,4,A,CSE,3,Maths,Week 2,25.0,6821155204
STU114,Kavya Kapoor,4,4,A,CSE,3,Maths,Week 3,100.0,6821155204
STU114,Kavya Kapoor,2,3,A,CSE,3,Maths,Week 4,66.67,6821155204
STU114,Kavya Kapoor,4,5,A,CSE,3,Maths,Week 5,80.0,6821155204
STU114,Kavya Kapoor,5,5,A,CSE,3,Maths,Week 6,100.0,6821155204
STU114,Kavya Kapoor,2,4,A,CSE,3,Maths,Week 7,50.0,6821155204
STU114,Kavya Kapoor,1,4,A,CSE,3,Maths,Week 8,25.0,6821155204
STU114,Kavya Kapoor,1,2,A,CSE,3,Python,Week 1,50.0,6821155204
STU114,Kavya Kapoor,0,3,A,CSE,3,Python,Week 2,0.0,6821155204
STU114,Kavya Kapoor,2,3,A,CSE,3,Python,Week 3,66.67,6821155204
STU114,Kavya Kapoor,3,4,A,CSE,3,Python,Week 4,75.0,6821155204
STU114,Kavya Kapoor,3,3,A,CSE,3,Python,Week 5,100.0,6821155204
STU114,Kavya Kapoor,4,4,A,CSE,3,Python,Week 6,100.0,6821155204
STU114,Kavya Kapoor,3,3,A,CSE,3,Python,Week 7,100.0,6821155204
STU114,Kavya Kapoor,3,3,A,CSE,3,Python,Week 8,100.0,6821155204
STU114,Kavya Kapoor,2,2,A,CSE,3,AI,Week 1,100.0,6821155204
STU114,Kavya Kapoor,2,3,A,CSE,3,AI,Week 2,66.67,6821155204
STU114,Kavya Kapoor,1,3,A,CSE,3,AI,Week 3,33.33,6821155204
STU114,Kavya Kapoor,2,2,A,CSE,3,AI,Week 4,100.0,6821155204
STU114,Kavya Kapoor,3,3,A,CSE,3,AI,Week 5,100.0,6821155204
STU114,Kavya Kapoor,3,3,A,CSE,3,AI,Week 6,100.0,6821155204
STU114,Kavya Kapoor,1,3,A,CSE,3,AI,Week 7,33.33,6821155204
STU114,Kavya Kapoor,3,4,A,CSE,3,AI,Week 8,75.0,6821155204
STU114,Kavya Kapoor,1,5,A,CSE,3,DSA,Week 1,20.0,6821155204
STU114,Kavya Kapoor,4,5,A,CSE,3,DSA,Week 2,80.0,6821155204
STU114,Kavya Kapoor,3,5,A,CSE,3,DSA,Week 3,60.0,6821155204
STU114,Kavya Kapoor,5,5,A,CSE,3,DSA,Week 4,100.0,6821155204
STU114,Kavya Kapoor,3,4,A,CSE,3,DSA,Week 5,75.0,6821155204
STU114,Kavya Kapoor,3,4,A,CSE,3,DSA,Week 6,75.0,6821155204
STU114,Kavya Kapoor,2,4,A,CSE,3,DSA,Week 7,50.0,6821155204
STU114,Kavya Kapoor,2,3,A,CSE,3,DSA,Week 8,66.67,6821155204
STU114,Kavya Kapoor,1,2,A,CSE,3,Code Lab,Week 1,50.0,6821155204
STU114,Kavya Kapoor,2,2,A,CSE,3,Code Lab,Week 2,100.0,6821155204
STU114,Kavya Kapoor,1,2,A,CSE,3,Code Lab,Week 3,50.0,6821155204
STU114,Kavya Kapoor,0,1,A,CSE,3,Code Lab,Week 4,0.0,6821155204
STU114,Kavya Kapoor,0,2,A,CSE,3,Code Lab,Week 5,0.0,6821155204
STU114,Kavya Kapoor,3,3,A,CSE,3,Code Lab,Week 6,100.0,6821155204
STU114,Kavya Kapoor,1,1,A,CSE,3,Code Lab,Week 7,100.0,6821155204
STU114,Kavya Kapoor,3,3,A,CSE,3,Code Lab,Week 8,100.0,6821155204
STU114,Kavya Kapoor,0,2,A,CSE,3,Communication Skills,Week 1,0.0,6821155204
STU114,Kavya Kapoor,1,1,A,CSE,3,Communication Skills,Week 2,100.0,6821155204
STU114,Kavya Kapoor,0,2,A,CSE,3,Communication Skills,Week 3,0.0,6821155204
STU114,Kavya Kapoor,2,2,A,CSE,3,Communication Skills,Week 4,100.0,6821155204
STU114,Kavya Kapoor,2,2,A,CSE,3,Communication Skills,Week 5,100.0,6821155204
STU114,Kavya Kapoor,2,2,A,CSE,3,Communication Skills,Week 6,100.0,6821155204
STU114,Kavya Kapoor,1,1,A,CSE,3,Communication Skills,Week 7,100.0,6821155204
STU114,Kavya Kapoor,2,2,A,CSE,3,Communication Skills,Week 8,100.0,6821155204
STU115,Nikhil Sharma,5,5,B,AI&DS,5,Maths,Week 1,100.0,9983625664
STU115,Nikhil Sharma,4,4,B,AI&DS,5,Maths,Week 2,100.0,9983625664
STU115,Nikhil Sharma,4,4,B,AI&DS,5,Maths,Week 3,100.0,9983625664
STU115,Nikhil Sharma,4,5,B,AI&DS,5,Maths,Week 4,80.0,9983625664
STU115,Nikhil Sharma,4,4,B,AI&DS,5,Maths,Week 5,100.0,9983625664
STU115,Nikhil Sharma,2,3,B,AI&DS,5,Maths,Week 6,66.67,9983625664
STU115,Nikhil Sharma,3,4,B,AI&DS,5,Maths,Week 7,75.0,9983625664
STU115,Nikhil Sharma,3,4,B,AI&DS,5,Maths,Week 8,75.0,9983625664
STU115,Nikhil Sharma,1,2,B,AI&DS,5,Python,Week 1,50.0,9983625664
STU115,Nikhil Sharma,2,2,B,AI&DS,5,Python,Week 2,100.0,9983625664
STU115,Nikhil Sharma,4,4,B,AI&DS,5,Python,Week 3,100.0,9983625664
STU115,Nikhil Sharma,2,2,B,AI&DS,5,Python,Week 4,100.0,9983625664
STU115,Nikhil Sharma,2,3,B,AI&DS,5,Python,Week 5,66.67,9983625664
STU115,Nikhil Sharma,3,3,B,AI&DS,5,Python,Week 6,100.0,9983625664
STU115,Nikhil Sharma,3,3,B,AI&DS,5,Python,Week 7,100.0,9983625664
STU115,Nikhil Sharma,3,4,B,AI&DS,5,Python,Week 8,75.0,9983625664
STU115,Nikhil Sharma,2,3,B,AI&DS,5,AI,Week 1,66.67,9983625664
STU115,Nikhil Sharma,4,4,B,AI&DS,5,AI,Week 2,100.0,9983625664
STU115,Nikhil Sharma,2,3,B,AI&DS,5,AI,Week 3,66.67,9983625664
STU115,Nikhil Sharma,3,3,B,AI&DS,5,AI,Week 4,100.0,9983625664
STU115,Nikhil Sharma,2,2,B,AI&DS,5,AI,Week 5,100.0,9983625664
STU115,Nikhil Sharma,2,3,B,AI&DS,5,AI,Week 6,66.67,9983625664
STU115,Nikhil Sharma,3,3,B,AI&DS,5,AI,Week 7,100.0,9983625664
STU115,Nikhil Sharma,3,3,B,AI&DS,5,AI,Week 8,100.0,9983625664
STU115,Nikhil Sharma,4,4,B,AI&DS,5,DSA,Week 1,100.0,9983625664
STU115,Nikhil Sharma,4,4,B,AI&DS,5,DSA,Week 2,100.0,9983625664
STU115,Nikhil Sharma,4,4,B,AI&DS,5,DSA,Week 3,100.0,9983625664
STU115,Nikhil Sharma,3,4,B,AI&DS,5,DSA,Week 4,75.0,9983625664
STU115,Nikhil Sharma,4,5,B,AI&DS,5,DSA,Week 5,80.0,9983625664
STU115,Nikhil Sharma,4,4,B,AI&DS,5,DSA,Week 6,100.0,9983625664
STU115,Nikhil Sharma,2,3,B,AI&DS,5,DSA,Week 7,66.67,9983625664
STU115,Nikhil Sharma,3,4,B,AI&DS,5,DSA,Week 8,75.0,9983625664
STU115,Nikhil Sharma,2,2,B,AI&DS,5,Code Lab,Week 1,100.0,9983625664
STU115,Nikhil Sharma,2,2,B,AI&DS,5,Code Lab,Week 2,100.0,9983625664
STU115,Nikhil Sharma,1,1,B,AI&DS,5,Code Lab,Week 3,100.0,9983625664
STU115,Nikhil Sharma,3,3,B,AI&DS,5,Code Lab,Week 4,100.0,9983625664
STU115,Nikhil Sharma,1,3,B,AI&DS,5,Code Lab,Week 5,33.33,9983625664
STU115,Nikhil Sharma,2,2,B,AI&DS,5,Code Lab,Week 6,100.0,9983625664
STU115,Nikhil Sharma,1,1,B,AI&DS,5,Code Lab,Week 7,100.0,9983625664
STU115,Nikhil Sharma,3,3,B,AI&DS,5,Code Lab,Week 8,100.0,9983625664
STU115,Nikhil Sharma,1,1,B,AI&DS,5,Communication Skills,Week 1,100.0,9983625664
STU115,Nikhil Sharma,2,2,B,AI&DS,5,Communication Skills,Week 2,100.0,9983625664
STU115,Nikhil Sharma,2,2,B,AI&DS,5,Communication Skills,Week 3,100.0,9983625664
STU115,Nikhil Sharma,1,2,B,AI&DS,5,Communication Skills,Week 4,50.0,9983625664
STU115,Nikhil Sharma,2,2,B,AI&DS,5,Communication Skills,Week 5,100.0,9983625664
STU115,Nikhil Sharma,2,2,B,AI&DS,5,Communication Skills,Week 6,100.0,9983625664
STU115,Nikhil Sharma,2,2,B,AI&DS,5,Communication Skills,Week 7,100.0,9983625664
STU115,Nikhil Sharma,1,1,B,AI&DS,5,Communication Skills,Week 8,100.0,9983625664
STU116,Amit Mehta,4,5,A,IT,4,Maths,Week 1,80.0,8438460431
STU116,Amit Mehta,2,4,A,IT,4,Maths,Week 2,50.0,8438460431
STU116,Amit Mehta,4,4,A,IT,4,Maths,Week 3,100.0,8438460431
STU116,Amit Mehta,3,5,A,IT,4,Maths,Week 4,60.0,8438460431
STU116,Amit Mehta,3,5,A,IT,4,Maths,Week 5,60.0,8438460431
STU116,Amit Mehta,0,3,A,IT,4,Maths,Week 6,0.0,8438460431
STU116,Amit Mehta,2,4,A,IT,4,Maths,Week 7,50.0,8438460431
STU116,Amit Mehta,3,5,A,IT,4,Maths,Week 8,60.0,8438460431
STU116,Amit Mehta,0,2,A,IT,4,Python,Week 1,0.0,8438460431
STU116,Amit Mehta,1,3,A,IT,4,Python,Week 2,33.33,8438460431
STU116,Amit Mehta,0,3,A,IT,4,Python,Week 3,0.0,8438460431
STU116,Amit Mehta,2,3,A,IT,4,Python,Week 4,66.67,8438460431
STU116,Amit Mehta,2,3,A,IT,4,Python,Week 5,66.67,8438460431
STU116,Amit Mehta,0,3,A,IT,4,Python,Week 6,0.0,8438460431
STU116,Amit Mehta,3,3,A,IT,4,Python,Week 7,100.0,8438460431
STU116,Amit Mehta,0,2,A,IT,4,Python,Week 8,0.0,8438460431
STU116,Amit Mehta,2,2,A,IT,4,AI,Week 1,100.0,8438460431
STU116,Amit Mehta,2,3,A,IT,4,AI,Week 2,66.67,8438460431
STU116,Amit Mehta,1,2,A,IT,4,AI,Week 3,50.0,8438460431
STU116,Amit Mehta,1,3,A,IT,4,AI,Week 4,33.33,8438460431
STU116,Amit Mehta,3,3,A,IT,4,AI,Week 5,100.0,8438460431
STU116,Amit Mehta,2,3,A,IT,4,AI,Week 6,66.67,8438460431
STU116,Amit Mehta,1,3,A,IT,4,AI,Week 7,33.33,8438460431
STU116,Amit Mehta,3,3,A,IT,4,AI,Week 8,100.0,8438460431
STU116,Amit Mehta,5,5,A,IT,4,DSA,Week 1,100.0,8438460431
STU116,Amit Mehta,3,4,A,IT,4,DSA,Week 2,75.0,8438460431
STU116,Amit Mehta,3,4,A,IT,4,DSA,Week 3,75.0,8438460431
STU116,Amit Mehta,2,4,A,IT,4,DSA,Week 4,50.0,8438460431
STU116,Amit Mehta,1,4,A,IT,4,DSA,Week 5,25.0,8438460431
STU116,Amit Mehta,2,4,A,IT,4,DSA,Week 6,50.0,8438460431
STU116,Amit Mehta,3,4,A,IT,4,DSA,Week 7,75.0,8438460431
STU116,Amit Mehta,1,3,A,IT,4,DSA,Week 8,33.33,8438460431
STU116,Amit Mehta,0,1,A,IT,4,Code Lab,Week 1,0.0,8438460431
STU116,Amit Mehta,2,2,A,IT,4,Code Lab,Week 2,100.0,8438460431
STU116,Amit Mehta,2,3,A,IT,4,Code Lab,Week 3,66.67,8438460431
STU116,Amit Mehta,0,3,A,IT,4,Code Lab,Week 4,0.0,8438460431
STU116,Amit Mehta,0,1,A,IT,4,Code Lab,Week 5,0.0,8438460431
STU116,Amit Mehta,0,2,A,IT,4,Code Lab,Week 6,0.0,8438460431
STU116,Amit Mehta,2,2,A,IT,4,Code Lab,Week 7,100.0,8438460431
STU116,Amit Mehta,2,2,A,IT,4,Code Lab,Week 8,100.0,8438460431
STU116,Amit Mehta,1,1,A,IT,4,Communication Skills,Week 1,100.0,8438460431
STU116,Amit Mehta,2,3,A,IT,4,Communication Skills,Week 2,66.67,8438460431
STU116,Amit Mehta,1,3,A,IT,4,Communication Skills,Week 3,33.33,8438460431
STU116,Amit Mehta,2,2,A,IT,4,Communication Skills,Week 4,100.0,8438460431
STU116,Amit Mehta,1,2,A,IT,4,Communication Skills,Week 5,50.0,8438460431
STU116,Amit Mehta,1,3,A,IT,4,Communication Skills,Week 6,33.33,8438460431
STU116,Amit Mehta,1,3,A,IT,4,Communication Skills,Week 7,33.33,8438460431
STU116,Amit Mehta,1,2,A,IT,4,Communication Skills,Week 8,50.0,8438460431
STU117,Neha Gupta,1,4,B,ECE,5,Maths,Week 1,25.0,9309471503
STU117,Neha Gupta,2,4,B,ECE,5,Maths,Week 2,50.0,9309471503
STU117,Neha Gupta,2,3,B,ECE,5,Maths,Week 3,66.67,9309471503
STU117,Neha Gupta,2,4,B,ECE,5,Maths,Week 4,50.0,9309471503
STU117,Neha Gupta,3,4,B,ECE,5,Maths,Week 5,75.0,9309471503
STU117,Neha Gupta,2,4,B,ECE,5,Maths,Week 6,50.0,9309471503
STU117,Neha Gupta,5,5,B,ECE,5,Maths,Week 7,100.0,9309471503
STU117,Neha Gupta,2,4,B,ECE,5,Maths,Week 8,50.0,9309471503
STU117,Neha Gupta,3,3,B,ECE,5,Python,Week 1,100.0,9309471503
STU117,Neha Gupta,1,3,B,ECE,5,Python,Week 2,33.33,9309471503
STU117,Neha Gupta,3,4,B,ECE,5,Python,Week 3,75.0,9309471503
STU117,Neha Gupta,2,3,B,ECE,5,Python,Week 4,66.67,9309471503
STU117,Neha Gupta,2,2,B,ECE,5,Python,Week 5,100.0,9309471503
STU117,Neha Gupta,2,3,B,ECE,5,Python,Week 6,66.67,9309471503
STU117,Neha Gupta,3,3,B,ECE,5,Python,Week 7,100.0,9309471503
STU117,Neha Gupta,3,4,B,ECE,5,Python,Week 8,75.0,9309471503
STU117,Neha Gupta,3,3,B,ECE,5,AI,Week 1,100.0,9309471503
STU117,Neha Gupta,2,4,B,ECE,5,AI,Week 2,50.0,9309471503
STU117,Neha Gupta,2,3,B,ECE,5,AI,Week 3,66.67,9309471503
STU117,Neha Gupta,1,3,B,ECE,5,AI,Week 4,33.33,9309471503
STU117,Neha Gupta,4,4,B,ECE,5,AI,Week 5,100.0,9309471503
STU117,Neha Gupta,3,4,B,ECE,5,AI,Week 6,75.0,9309471503
STU117,Neha Gupta,3,4,B,ECE,5,AI,Week 7,75.0,9309471503
STU117,Neha Gupta,2,2,B,ECE,5,AI,Week 8,100.0,9309471503
STU117,Neha Gupta,3,4,B,ECE,5,DSA,Week 1,75.0,9309471503
STU117,Neha Gupta,3,4,B,ECE,5,DSA,Week 2,75.0,9309471503
STU117,Neha Gupta,1,4,B,ECE,5,DSA,Week 3,25.0,9309471503
STU117,Neha Gupta,2,4,B,ECE,5,DSA,Week 4,50.0,9309471503
STU117,Neha Gupta,3,4,B,ECE,5,DSA,Week 5,75.0,9309471503
STU117,Neha Gupta,3,4,B,ECE,5,DSA,Week 6,75.0,9309471503
STU117,Neha Gupta,3,4,B,ECE,5,DSA,Week 7,75.0,9309471503
STU117,Neha Gupta,5,5,B,ECE,5,DSA,Week 8,100.0,9309471503
STU117,Neha Gupta,2,2,B,ECE,5,Code Lab,Week 1,100.0,9309471503
STU117,Neha Gupta,1,1,B,ECE,5,Code Lab,Week 2,100.0,9309471503
STU117,Neha Gupta,1,2,B,ECE,5,Code Lab,Week 3,50.0,9309471503
STU117,Neha Gupta,1,2,B,ECE,5,Code Lab,Week 4,50.0,9309471503
STU117,Neha Gupta,1,1,B,ECE,5,Code Lab,Week 5,100.0,9309471503
STU117,Neha Gupta,1,2,B,ECE,5,Code Lab,Week 6,50.0,9309471503
STU117,Neha Gupta,2,2,B,ECE,5,Code Lab,Week 7,100.0,9309471503
STU117,Neha Gupta,2,2,B,ECE,5,Code Lab,Week 8,100.0,9309471503
STU117,Neha Gupta,1,3,B,ECE,5,Communication Skills,Week 1,33.33,9309471503
STU117,Neha Gupta,2,2,B,ECE,5,Communication Skills,Week 2,100.0,9309471503
STU117,Neha Gupta,1,2,B,ECE,5,Communication Skills,Week 3,50.0,9309471503
STU117,Neha Gupta,2,2,B,ECE,5,Communication Skills,Week 4,100.0,9309471503
STU117,Neha Gupta,1,1,B,ECE,5,Communication Skills,Week 5,100.0,9309471503
STU117,Neha Gupta,1,2,B,ECE,5,Communication Skills,Week 6,50.0,9309471503
STU117,Neha Gupta,2,2,B,ECE,5,Communication Skills,Week 7,100.0,9309471503
STU117,Neha Gupta,1,1,B,ECE,5,Communication Skills,Week 8,100.0,9309471503
STU118,Abhishek Sharma,5,5,A,IT,4,Maths,Week 1,100.0,8347112584
STU118,Abhishek Sharma,3,4,A,IT,4,Maths,Week 2,75.0,8347112584
STU118,Abhishek Sharma,4,4,A,IT,4,Maths,Week 3,100.0,8347112584
STU118,Abhishek Sharma,3,4,A,IT,4,Maths,Week 4,75.0,8347112584
STU118,Abhishek Sharma,3,4,A,IT,4,Maths,Week 5,75.0,8347112584
STU118,Abhishek Sharma,4,4,A,IT,4,Maths,Week 6,100.0,8347112584
STU118,Abhishek Sharma,3,4,A,IT,4,Maths,Week 7,75.0,8347112584
STU118,Abhishek Sharma,3,3,A,IT,4,Maths,Week 8,100.0,8347112584
STU118,Abhishek Sharma,3,3,A,IT,4,Python,Week 1,100.0,8347112584
STU118,Abhishek Sharma,3,3,A,IT,4,Python,Week 2,100.0,8347112584
STU118,Abhishek Sharma,3,3,A,IT,4,Python,Week 3,100.0,8347112584
STU118,Abhishek Sharma,3,4,A,IT,4,Python,Week 4,75.0,8347112584
STU118,Abhishek Sharma,3,4,A,IT,4,Python,Week 5,75.0,8347112584
STU118,Abhishek Sharma,2,3,A,IT,4,Python,Week 6,66.67,8347112584
STU118,Abhishek Sharma,4,4,A,IT,4,Python,Week 7,100.0,8347112584
STU118,Abhishek Sharma,3,3,A,IT,4,Python,Week 8,100.0,8347112584
STU118,Abhishek Sharma,3,3,A,IT,4,AI,Week 1,100.0,8347112584
STU118,Abhishek Sharma,2,2,A,IT,4,AI,Week 2,100.0,8347112584
STU118,Abhishek Sharma,3,3,A,IT,4,AI,Week 3,100.0,8347112584
STU118,Abhishek Sharma,4,4,A,IT,4,AI,Week 4,100.0,8347112584
STU118,Abhishek Sharma,3,3,A,IT,4,AI,Week 5,100.0,8347112584
STU118,Abhishek Sharma,2,2,A,IT,4,AI,Week 6,100.0,8347112584
STU118,Abhishek Sharma,2,3,A,IT,4,AI,Week 7,66.67,8347112584
STU118,Abhishek Sharma,3,3,A,IT,4,AI,Week 8,100.0,8347112584
STU118,Abhishek Sharma,4,4,A,IT,4,DSA,Week 1,100.0,8347112584
STU118,Abhishek Sharma,3,4,A,IT,4,DSA,Week 2,75.0,8347112584
STU118,Abhishek Sharma,4,4,A,IT,4,DSA,Week 3,100.0,8347112584
STU118,Abhishek Sharma,1,3,A,IT,4,DSA,Week 4,33.33,8347112584
STU118,Abhishek Sharma,3,3,A,IT,4,DSA,Week 5,100.0,8347112584
STU118,Abhishek Sharma,3,4,A,IT,4,DSA,Week 6,75.0,8347112584
STU118,Abhishek Sharma,3,4,A,IT,4,DSA,Week 7,75.0,8347112584
STU118,Abhishek Sharma,4,4,A,IT,4,DSA,Week 8,100.0,8347112584
STU118,Abhishek Sharma,3,3,A,IT,4,Code Lab,Week 1,100.0,8347112584
STU118,Abhishek Sharma,2,2,A,IT,4,Code Lab,Week 2,100.0,8347112584
STU118,Abhishek Sharma,2,2,A,IT,4,Code Lab,Week 3,100.0,8347112584
STU118,Abhishek Sharma,1,2,A,IT,4,Code Lab,Week 4,50.0,8347112584
STU118,Abhishek Sharma,2,2,A,IT,4,Code Lab,Week 5,100.0,8347112584
STU118,Abhishek Sharma,2,2,A,IT,4,Code Lab,Week 6,100.0,8347112584
STU118,Abhishek Sharma,1,2,A,IT,4,Code Lab,Week 7,50.0,8347112584
STU118,Abhishek Sharma,3,3,A,IT,4,Code Lab,Week 8,100.0,8347112584
STU118,Abhishek Sharma,2,2,A,IT,4,Communication Skills,Week 1,100.0,8347112584
STU118,Abhishek Sharma,3,3,A,IT,4,Communication Skills,Week 2,100.0,8347112584
STU118,Abhishek Sharma,3,3,A,IT,4,Communication Skills,Week 3,100.0,8347112584
STU118,Abhishek Sharma,2,2,A,IT,4,Communication Skills,Week 4,100.0,8347112584
STU118,Abhishek Sharma,1,1,A,IT,4,Communication Skills,Week 5,100.0,8347112584
STU118,Abhishek Sharma,3,3,A,IT,4,Communication Skills,Week 6,100.0,8347112584
STU118,Abhishek Sharma,1,1,A,IT,4,Communication Skills,Week 7,100.0,8347112584
STU118,Abhishek Sharma,2,2,A,IT,4,Communication Skills,Week 8,100.0,8347112584
STU119,Abhishek Rao,4,4,B,MECH,4,Maths,Week 1,100.0,6201415220
STU119,Abhishek Rao,4,5,B,MECH,4,Maths,Week 2,80.0,6201415220
STU119,Abhishek Rao,3,3,B,MECH,4,Maths,Week 3,100.0,6201415220
STU119,Abhishek Rao,3,4,B,MECH,4,Maths,Week 4,75.0,6201415220
STU119,Abhishek Rao,3,5,B,MECH,4,Maths,Week 5,60.0,6201415220
STU119,Abhishek Rao,3,5,B,MECH,4,Maths,Week 6,60.0,6201415220
STU119,Abhishek Rao,1,4,B,MECH,4,Maths,Week 7,25.0,6201415220
STU119,Abhishek Rao,2,4,B,MECH,4,Maths,Week 8,50.0,6201415220
STU119,Abhishek Rao,2,3,B,MECH,4,Python,Week 1,66.67,6201415220
STU119,Abhishek Rao,2,2,B,MECH,4,Python,Week 2,100.0,6201415220
STU119,Abhishek Rao,3,3,B,MECH,4,Python,Week 3,100.0,6201415220
STU119,Abhishek Rao,2,3,B,MECH,4,Python,Week 4,66.67,6201415220
STU119,Abhishek Rao,2,4,B,MECH,4,Python,Week 5,50.0,6201415220
STU119,Abhishek Rao,1,3,B,MECH,4,Python,Week 6,33.33,6201415220
STU119,Abhishek Rao,2,2,B,MECH,4,Python,Week 7,100.0,6201415220
STU119,Abhishek Rao,2,3,B,MECH,4,Python,Week 8,66.67,6201415220
STU119,Abhishek Rao,3,4,B,MECH,4,AI,Week 1,75.0,6201415220
STU119,Abhishek Rao,2,3,B,MECH,4,AI,Week 2,66.67,6201415220
STU119,Abhishek Rao,2,3,B,MECH,4,AI,Week 3,66.67,6201415220
STU119,Abhishek Rao,3,4,B,MECH,4,AI,Week 4,75.0,6201415220
STU119,Abhishek Rao,1,3,B,MECH,4,AI,Week 5,33.33,6201415220
STU119,Abhishek Rao,1,3,B,MECH,4,AI,Week 6,33.33,6201415220
STU119,Abhishek Rao,3,3,B,MECH,4,AI,Week 7,100.0,6201415220
STU119,Abhishek Rao,2,2,B,MECH,4,AI,Week 8,100.0,6201415220
STU119,Abhishek Rao,3,4,B,MECH,4,DSA,Week 1,75.0,6201415220
STU119,Abhishek Rao,3,4,B,MECH,4,DSA,Week 2,75.0,6201415220
STU119,Abhishek Rao,4,5,B,MECH,4,DSA,Week 3,80.0,6201415220
STU119,Abhishek Rao,2,3,B,MECH,4,DSA,Week 4,66.67,6201415220
STU119,Abhishek Rao,3,4,B,MECH,4,DSA,Week 5,75.0,6201415220
STU119,Abhishek Rao,3,5,B,MECH,4,DSA,Week 6,60.0,6201415220
STU119,Abhishek Rao,2,5,B,MECH,4,DSA,Week 7,40.0,6201415220
STU119,Abhishek Rao,4,5,B,MECH,4,DSA,Week 8,80.0,6201415220
STU119,Abhishek Rao,1,2,B,MECH,4,Code Lab,Week 1,50.0,6201415220
STU119,Abhishek Rao,2,2,B,MECH,4,Code Lab,Week 2,100.0,6201415220
STU119,Abhishek Rao,2,2,B,MECH,4,Code Lab,Week 3,100.0,6201415220
STU119,Abhishek Rao,2,2,B,MECH,4,Code Lab,Week 4,100.0,6201415220
STU119,Abhishek Rao,0,1,B,MECH,4,Code Lab,Week 5,0.0,6201415220
STU119,Abhishek Rao,1,2,B,MECH,4,Code Lab,Week 6,50.0,6201415220
STU119,Abhishek Rao,2,2,B,MECH,4,Code Lab,Week 7,100.0,6201415220
STU119,Abhishek Rao,1,3,B,MECH,4,Code Lab,Week 8,33.33,6201415220
STU119,Abhishek Rao,2,2,B,MECH,4,Communication Skills,Week 1,100.0,6201415220
STU119,Abhishek Rao,1,2,B,MECH,4,Communication Skills,Week 2,50.0,6201415220
STU119,Abhishek Rao,1,2,B,MECH,4,Communication Skills,Week 3,50.0,6201415220
STU119,Abhishek Rao,2,2,B,MECH,4,Communication Skills,Week 4,100.0,6201415220
STU119,Abhishek Rao,2,3,B,MECH,4,Communication Skills,Week 5,66.67,6201415220
STU119,Abhishek Rao,1,2,B,MECH,4,Communication Skills,Week 6,50.0,6201415220
STU119,Abhishek Rao,1,2,B,MECH,4,Communication Skills,Week 7,50.0,6201415220
STU119,Abhishek Rao,1,2,B,MECH,4,Communication Skills,Week 8,50.0,6201415220
STU120,Ravi Chauhan,5,5,A,IT,3,Maths,Week 1,100.0,8589720101
STU120,Ravi Chauhan,5,5,A,IT,3,Maths,Week 2,100.0,8589720101
STU120,Ravi Chauhan,3,3,A,IT,3,Maths,Week 3,100.0,8589720101
STU120,Ravi Chauhan,3,5,A,IT,3,Maths,Week 4,60.0,8589720101
STU120,Ravi Chauhan,4,4,A,IT,3,Maths,Week 5,100.0,8589720101
STU120,Ravi Chauhan,4,5,A,IT,3,Maths,Week 6,80.0,8589720101
STU120,Ravi Chauhan,3,4,A,IT,3,Maths,Week 7,75.0,8589720101
STU120,Ravi Chauhan,3,4,A,IT,3,Maths,Week 8,75.0,8589720101
STU120,Ravi Chauhan,2,3,A,IT,3,Python,Week 1,66.67,8589720101
STU120,Ravi Chauhan,2,2,A,IT,3,Python,Week 2,100.0,8589720101
STU120,Ravi Chauhan,3,3,A,IT,3,Python,Week 3,100.0,8589720101
STU120,Ravi Chauhan,3,3,A,IT,3,Python,Week 4,100.0,8589720101
STU120,Ravi Chauhan,3,3,A,IT,3,Python,Week 5,100.0,8589720101
STU120,Ravi Chauhan,2,3,A,IT,3,Python,Week 6,66.67,8589720101
STU120,Ravi Chauhan,2,3,A,IT,3,Python,Week 7,66.67,8589720101
STU120,Ravi Chauhan,3,3,A,IT,3,Python,Week 8,100.0,8589720101
STU120,Ravi Chauhan,3,3,A,IT,3,AI,Week 1,100.0,8589720101
STU120,Ravi Chauhan,4,4,A,IT,3,AI,Week 2,100.0,8589720101
STU120,Ravi Chauhan,3,3,A,IT,3,AI,Week 3,100.0,8589720101
STU120,Ravi Chauhan,2,2,A,IT,3,AI,Week 4,100.0,8589720101
STU120,Ravi Chauhan,2,3,A,IT,3,AI,Week 5,66.67,8589720101
STU120,Ravi Chauhan,4,4,A,IT,3,AI,Week 6,100.0,8589720101
STU120,Ravi Chauhan,1,2,A,IT,3,AI,Week 7,50.0,8589720101
STU120,Ravi Chauhan,3,3,A,IT,3,AI,Week 8,100.0,8589720101
STU120,Ravi Chauhan,4,4,A,IT,3,DSA,Week 1,100.0,8589720101
STU120,Ravi Chauhan,3,4,A,IT,3,DSA,Week 2,75.0,8589720101
STU120,Ravi Chauhan,5,5,A,IT,3,DSA,Week 3,100.0,8589720101
STU120,Ravi Chauhan,3,4,A,IT,3,DSA,Week 4,75.0,8589720101
STU120,Ravi Chauhan,3,4,A,IT,3,DSA,Week 5,75.0,8589720101
STU120,Ravi Chauhan,5,5,A,IT,3,DSA,Week 6,100.0,8589720101
STU120,Ravi Chauhan,5,5,A,IT,3,DSA,Week 7,100.0,8589720101
STU120,Ravi Chauhan,4,4,A,IT,3,DSA,Week 8,100.0,8589720101
STU120,Ravi Chauhan,2,2,A,IT,3,Code Lab,Week 1,100.0,8589720101
STU120,Ravi Chauhan,2,2,A,IT,3,Code Lab,Week 2,100.0,8589720101
STU120,Ravi Chauhan,2,2,A,IT,3,Code Lab,Week 3,100.0,8589720101
STU120,Ravi Chauhan,2,2,A,IT,3,Code Lab,Week 4,100.0,8589720101
STU120,Ravi Chauhan,2,2,A,IT,3,Code Lab,Week 5,100.0,8589720101
STU120,Ravi Chauhan,2,2,A,IT,3,Code Lab,Week 6,100.0,8589720101
STU120,Ravi Chauhan,2,3,A,IT,3,Code Lab,Week 7,66.67,8589720101
STU120,Ravi Chauhan,2,2,A,IT,3,Code Lab,Week 8,100.0,8589720101
STU120,Ravi Chauhan,2,2,A,IT,3,Communication Skills,Week 1,100.0,8589720101
STU120,Ravi Chauhan,1,1,A,IT,3,Communication Skills,Week 2,100.0,8589720101
STU120,Ravi Chauhan,2,2,A,IT,3,Communication Skills,Week 3,100.0,8589720101
STU120,Ravi Chauhan,1,1,A,IT,3,Communication Skills,Week 4,100.0,8589720101
STU120,Ravi Chauhan,1,1,A,IT,3,Communication Skills,Week 5,100.0,8589720101
STU120,Ravi Chauhan,2,2,A,IT,3,Communication Skills,Week 6,100.0,8589720101
STU120,Ravi Chauhan,2,2,A,IT,3,Communication Skills,Week 7,100.0,8589720101
STU120,Ravi Chauhan,2,2,A,IT,3,Communication Skills,Week 8,100.0,8589720101
STU121,Riya Pillai,4,4,A,IT,3,Maths,Week 1,100.0,7762123506
STU121,Riya Pillai,5,5,A,IT,3,Maths,Week 2,100.0,7762123506
STU121,Riya Pillai,3,4,A,IT,3,Maths,Week 3,75.0,7762123506
STU121,Riya Pillai,4,4,A,IT,3,Maths,Week 4,100.0,7762123506
STU121,Riya Pillai,3,3,A,IT,3,Maths,Week 5,100.0,7762123506
STU121,Riya Pillai,5,5,A,IT,3,Maths,Week 6,100.0,7762123506
STU121,Riya Pillai,4,4,A,IT,3,Maths,Week 7,100.0,7762123506
STU121,Riya Pillai,2,3,A,IT,3,Maths,Week 8,66.67,7762123506
STU121,Riya Pillai,2,3,A,IT,3,Python,Week 1,66.67,7762123506
STU121,Riya Pillai,2,2,A,IT,3,Python,Week 2,100.0,7762123506
STU121,Riya Pillai,3,3,A,IT,3,Python,Week 3,100.0,7762123506
STU121,Riya Pillai,2,3,A,IT,3,Python,Week 4,66.67,7762123506
STU121,Riya Pillai,4,4,A,IT,3,Python,Week 5,100.0,7762123506
STU121,Riya Pillai,3,3,A,IT,3,Python,Week 6,100.0,7762123506
STU121,Riya Pillai,3,3,A,IT,3,Python,Week 7,100.0,7762123506
STU121,Riya Pillai,3,3,A,IT,3,Python,Week 8,100.0,7762123506
STU121,Riya Pillai,1,3,A,IT,3,AI,Week 1,33.33,7762123506
STU121,Riya Pillai,3,3,A,IT,3,AI,Week 2,100.0,7762123506
STU121,Riya Pillai,3,3,A,IT,3,AI,Week 3,100.0,7762123506
STU121,Riya Pillai,3,3,A,IT,3,AI,Week 4,100.0,7762123506
STU121,Riya Pillai,3,3,A,IT,3,AI,Week 5,100.0,7762123506
STU121,Riya Pillai,2,3,A,IT,3,AI,Week 6,66.67,7762123506
STU121,Riya Pillai,3,3,A,IT,3,AI,Week 7,100.0,7762123506
STU121,Riya Pillai,3,3,A,IT,3,AI,Week 8,100.0,7762123506
STU121,Riya Pillai,5,5,A,IT,3,DSA,Week 1,100.0,7762123506
STU121,Riya Pillai,4,4,A,IT,3,DSA,Week 2,100.0,7762123506
STU121,Riya Pillai,3,3,A,IT,3,DSA,Week 3,100.0,7762123506
STU121,Riya Pillai,4,4,A,IT,3,DSA,Week 4,100.0,7762123506
STU121,Riya Pillai,4,4,A,IT,3,DSA,Week 5,100.0,7762123506
STU121,Riya Pillai,3,4,A,IT,3,DSA,Week 6,75.0,7762123506
STU121,Riya Pillai,4,4,A,IT,3,DSA,Week 7,100.0,7762123506
STU121,Riya Pillai,3,4,A,IT,3,DSA,Week 8,75.0,7762123506
STU121,Riya Pillai,2,2,A,IT,3,Code Lab,Week 1,100.0,7762123506
STU121,Riya Pillai,2,2,A,IT,3,Code Lab,Week 2,100.0,7762123506
STU121,Riya Pillai,2,2,A,IT,3,Code Lab,Week 3,100.0,7762123506
STU121,Riya Pillai,1,2,A,IT,3,Code Lab,Week 4,50.0,7762123506
STU121,Riya Pillai,2,2,A,IT,3,Code Lab,Week 5,100.0,7762123506
STU121,Riya Pillai,3,3,A,IT,3,Code Lab,Week 6,100.0,7762123506
STU121,Riya Pillai,2,2,A,IT,3,Code Lab,Week 7,100.0,7762123506
STU121,Riya Pillai,2,3,A,IT,3,Code Lab,Week 8,66.67,7762123506
STU121,Riya Pillai,3,3,A,IT,3,Communication Skills,Week 1,100.0,7762123506
STU121,Riya Pillai,2,2,A,IT,3,Communication Skills,Week 2,100.0,7762123506
STU121,Riya Pillai,2,2,A,IT,3,Communication Skills,Week 3,100.0,7762123506
STU121,Riya Pillai,1,1,A,IT,3,Communication Skills,Week 4,100.0,7762123506
STU121,Riya Pillai,1,1,A,IT,3,Communication Skills,Week 5,100.0,7762123506
STU121,Riya Pillai,2,2,A,IT,3,Communication Skills,Week 6,100.0,7762123506
STU121,Riya Pillai,3,3,A,IT,3,Communication Skills,Week 7,100.0,7762123506
STU121,Riya Pillai,2,2,A,IT,3,Communication Skills,Week 8,100.0,7762123506
STU122,Vivek Rao,5,5,B,MECH,3,Maths,Week 1,100.0,7903452470
STU122,Vivek Rao,3,3,B,MECH,3,Maths,Week 2,100.0,7903452470
STU122,Vivek Rao,4,4,B,MECH,3,Maths,Week 3,100.0,7903452470
STU122,Vivek Rao,4,5,B,MECH,3,Maths,Week 4,80.0,7903452470
STU122,Vivek Rao,3,4,B,MECH,3,Maths,Week 5,75.0,7903452470
STU122,Vivek Rao,4,4,B,MECH,3,Maths,Week 6,100.0,7903452470
STU122,Vivek Rao,2,4,B,MECH,3,Maths,Week 7,50.0,7903452470
STU122,Vivek Rao,3,4,B,MECH,3,Maths,Week 8,75.0,7903452470
STU122,Vivek Rao,2,3,B,MECH,3,Python,Week 1,66.67,7903452470
STU122,Vivek Rao,3,4,B,MECH,3,Python,Week 2,75.0,7903452470
STU122,Vivek Rao,2,4,B,MECH,3,Python,Week 3,50.0,7903452470
STU122,Vivek Rao,3,4,B,MECH,3,Python,Week 4,75.0,7903452470
STU122,Vivek Rao,3,3,B,MECH,3,Python,Week 5,100.0,7903452470
STU122,Vivek Rao,2,3,B,MECH,3,Python,Week 6,66.67,7903452470
STU122,Vivek Rao,2,3,B,MECH,3,Python,Week 7,66.67,7903452470
STU122,Vivek Rao,1,4,B,MECH,3,Python,Week 8,25.0,7903452470
STU122,Vivek Rao,1,2,B,MECH,3,AI,Week 1,50.0,7903452470
STU122,Vivek Rao,2,3,B,MECH,3,AI,Week 2,66.67,7903452470
STU122,Vivek Rao,1,3,B,MECH,3,AI,Week 3,33.33,7903452470
STU122,Vivek Rao,1,3,B,MECH,3,AI,Week 4,33.33,7903452470
STU122,Vivek Rao,2,3,B,MECH,3,AI,Week 5,66.67,7903452470
STU122,Vivek Rao,3,3,B,MECH,3,AI,Week 6,100.0,7903452470
STU122,Vivek Rao,2,2,B,MECH,3,AI,Week 7,100.0,7903452470
STU122,Vivek Rao,4,4,B,MECH,3,AI,Week 8,100.0,7903452470
STU122,Vivek Rao,3,4,B,MECH,3,DSA,Week 1,75.0,7903452470
STU122,Vivek Rao,3,3,B,MECH,3,DSA,Week 2,100.0,7903452470
STU122,Vivek Rao,3,3,B,MECH,3,DSA,Week 3,100.0,7903452470
STU122,Vivek Rao,2,4,B,MECH,3,DSA,Week 4,50.0,7903452470
STU122,Vivek Rao,4,4,B,MECH,3,DSA,Week 5,100.0,7903452470
STU122,Vivek Rao,3,4,B,MECH,3,DSA,Week 6,75.0,7903452470
STU122,Vivek Rao,1,3,B,MECH,3,DSA,Week 7,33.33,7903452470
STU122,Vivek Rao,2,3,B,MECH,3,DSA,Week 8,66.67,7903452470
STU122,Vivek Rao,1,2,B,MECH,3,Code Lab,Week 1,50.0,7903452470
STU122,Vivek Rao,0,1,B,MECH,3,Code Lab,Week 2,0.0,7903452470
STU122,Vivek Rao,1,2,B,MECH,3,Code Lab,Week 3,50.0,7903452470
STU122,Vivek Rao,1,2,B,MECH,3,Code Lab,Week 4,50.0,7903452470
STU122,Vivek Rao,3,3,B,MECH,3,Code Lab,Week 5,100.0,7903452470
STU122,Vivek Rao,1,2,B,MECH,3,Code Lab,Week 6,50.0,7903452470
STU122,Vivek Rao,1,2,B,MECH,3,Code Lab,Week 7,50.0,7903452470
STU122,Vivek Rao,2,3,B,MECH,3,Code Lab,Week 8,66.67,7903452470
STU122,Vivek Rao,1,2,B,MECH,3,Communication Skills,Week 1,50.0,7903452470
STU122,Vivek Rao,2,3,B,MECH,3,Communication Skills,Week 2,66.67,7903452470
STU122,Vivek Rao,2,2,B,MECH,3,Communication Skills,Week 3,100.0,7903452470
STU122,Vivek Rao,2,2,B,MECH,3,Communication Skills,Week 4,100.0,7903452470
STU122,Vivek Rao,2,3,B,MECH,3,Communication Skills,Week 5,66.67,7903452470
STU122,Vivek Rao,1,2,B,MECH,3,Communication Skills,Week 6,50.0,7903452470
STU122,Vivek Rao,2,2,B,MECH,3,Communication Skills,Week 7,100.0,7903452470
STU122,Vivek Rao,1,1,B,MECH,3,Communication Skills,Week 8,100.0,7903452470
STU123,Harsh Iyer,3,3,B,AI&DS,5,Maths,Week 1,100.0,8546397165
STU123,Harsh Iyer,3,4,B,AI&DS,5,Maths,Week 2,75.0,8546397165
STU123,Harsh Iyer,3,4,B,AI&DS,5,Maths,Week 3,75.0,8546397165
STU123,Harsh Iyer,4,5,B,AI&DS,5,Maths,Week 4,80.0,8546397165
STU123,Harsh Iyer,2,3,B,AI&DS,5,Maths,Week 5,66.67,8546397165
STU123,Harsh Iyer,3,3,B,AI&DS,5,Maths,Week 6,100.0,8546397165
STU123,Harsh Iyer,5,5,B,AI&DS,5,Maths,Week 7,100.0,8546397165
STU123,Harsh Iyer,3,3,B,AI&DS,5,Maths,Week 8,100.0,8546397165
STU123,Harsh Iyer,0,2,B,AI&DS,5,Python,Week 1,0.0,8546397165
STU123,Harsh Iyer,3,3,B,AI&DS,5,Python,Week 2,100.0,8546397165
STU123,Harsh Iyer,1,4,B,AI&DS,5,Python,Week 3,25.0,8546397165
STU123,Harsh Iyer,1,3,B,AI&DS,5,Python,Week 4,33.33,8546397165
STU123,Harsh Iyer,3,3,B,AI&DS,5,Python,Week 5,100.0,8546397165
STU123,Harsh Iyer,4,4,B,AI&DS,5,Python,Week 6,100.0,8546397165
STU123,Harsh Iyer,2,2,B,AI&DS,5,Python,Week 7,100.0,8546397165
STU123,Harsh Iyer,3,3,B,AI&DS,5,Python,Week 8,100.0,8546397165
STU123,Harsh Iyer,4,4,B,AI&DS,5,AI,Week 1,100.0,8546397165
STU123,Harsh Iyer,2,3,B,AI&DS,5,AI,Week 2,66.67,8546397165
STU123,Harsh Iyer,0,3,B,AI&DS,5,AI,Week 3,0.0,8546397165
STU123,Harsh Iyer,4,4,B,AI&DS,5,AI,Week 4,100.0,8546397165
STU123,Harsh Iyer,2,2,B,AI&DS,5,AI,Week 5,100.0,8546397165
STU123,Harsh Iyer,3,3,B,AI&DS,5,AI,Week 6,100.0,8546397165
STU123,Harsh Iyer,4,4,B,AI&DS,5,AI,Week 7,100.0,8546397165
STU123,Harsh Iyer,0,2,B,AI&DS,5,AI,Week 8,0.0,8546397165
STU123,Harsh Iyer,3,4,B,AI&DS,5,DSA,Week 1,75.0,8546397165
STU123,Harsh Iyer,4,4,B,AI&DS,5,DSA,Week 2,100.0,8546397165
STU123,Harsh Iyer,3,4,B,AI&DS,5,DSA,Week 3,75.0,8546397165
STU123,Harsh Iyer,1,4,B,AI&DS,5,DSA,Week 4,25.0,8546397165
STU123,Harsh Iyer,2,4,B,AI&DS,5,DSA,Week 5,50.0,8546397165
STU123,Harsh Iyer,4,4,B,AI&DS,5,DSA,Week 6,100.0,8546397165
STU123,Harsh Iyer,4,4,B,AI&DS,5,DSA,Week 7,100.0,8546397165
STU123,Harsh Iyer,4,4,B,AI&DS,5,DSA,Week 8,100.0,8546397165
STU123,Harsh Iyer,1,1,B,AI&DS,5,Code Lab,Week 1,100.0,8546397165
STU123,Harsh Iyer,2,3,B,AI&DS,5,Code Lab,Week 2,66.67,8546397165
STU123,Harsh Iyer,1,2,B,AI&DS,5,Code Lab,Week 3,50.0,8546397165
STU123,Harsh Iyer,1,1,B,AI&DS,5,Code Lab,Week 4,100.0,8546397165
STU123,Harsh Iyer,1,2,B,AI&DS,5,Code Lab,Week 5,50.0,8546397165
STU123,Harsh Iyer,2,3,B,AI&DS,5,Code Lab,Week 6,66.67,8546397165
STU123,Harsh Iyer,2,2,B,AI&DS,5,Code Lab,Week 7,100.0,8546397165
STU123,Harsh Iyer,2,2,B,AI&DS,5,Code Lab,Week 8,100.0,8546397165
STU123,Harsh Iyer,2,2,B,AI&DS,5,Communication Skills,Week 1,100.0,8546397165
STU123,Harsh Iyer,1,2,B,AI&DS,5,Communication Skills,Week 2,50.0,8546397165
STU123,Harsh Iyer,0,1,B,AI&DS,5,Communication Skills,Week 3,0.0,8546397165
STU123,Harsh Iyer,3,3,B,AI&DS,5,Communication Skills,Week 4,100.0,8546397165
STU123,Harsh Iyer,1,2,B,AI&DS,5,Communication Skills,Week 5,50.0,8546397165
STU123,Harsh Iyer,2,2,B,AI&DS,5,Communication Skills,Week 6,100.0,8546397165
STU123,Harsh Iyer,1,2,B,AI&DS,5,Communication Skills,Week 7,50.0,8546397165
STU123,Harsh Iyer,2,2,B,AI&DS,5,Communication Skills,Week 8,100.0,8546397165
STU124,Anjali Chauhan,4,4,A,IT,4,Maths,Week 1,100.0,7411872350
STU124,Anjali Chauhan,5,5,A,IT,4,Maths,Week 2,100.0,7411872350
STU124,Anjali Chauhan,5,5,A,IT,4,Maths,Week 3,100.0,7411872350
STU124,Anjali Chauhan,3,3,A,IT,4,Maths,Week 4,100.0,7411872350
STU124,Anjali Chauhan,2,3,A,IT,4,Maths,Week 5,66.67,7411872350
STU124,Anjali Chauhan,4,4,A,IT,4,Maths,Week 6,100.0,7411872350
STU124,Anjali Chauhan,4,4,A,IT,4,Maths,Week 7,100.0,7411872350
STU124,Anjali Chauhan,5,5,A,IT,4,Maths,Week 8,100.0,7411872350
STU124,Anjali Chauhan,2,2,A,IT,4,Python,Week 1,100.0,7411872350
STU124,Anjali Chauhan,3,3,A,IT,4,Python,Week 2,100.0,7411872350
STU124,Anjali Chauhan,2,3,A,IT,4,Python,Week 3,66.67,7411872350
STU124,Anjali Chauhan,3,4,A,IT,4,Python,Week 4,75.0,7411872350
STU124,Anjali Chauhan,3,3,A,IT,4,Python,Week 5,100.0,7411872350
STU124,Anjali Chauhan,2,2,A,IT,4,Python,Week 6,100.0,7411872350
STU124,Anjali Chauhan,3,4,A,IT,4,Python,Week 7,75.0,7411872350
STU124,Anjali Chauhan,4,4,A,IT,4,Python,Week 8,100.0,7411872350
STU124,Anjali Chauhan,3,3,A,IT,4,AI,Week 1,100.0,7411872350
STU124,Anjali Chauhan,2,2,A,IT,4,AI,Week 2,100.0,7411872350
STU124,Anjali Chauhan,3,3,A,IT,4,AI,Week 3,100.0,7411872350
STU124,Anjali Chauhan,3,3,A,IT,4,AI,Week 4,100.0,7411872350
STU124,Anjali Chauhan,3,3,A,IT,4,AI,Week 5,100.0,7411872350
STU124,Anjali Chauhan,2,2,A,IT,4,AI,Week 6,100.0,7411872350
STU124,Anjali Chauhan,3,3,A,IT,4,AI,Week 7,100.0,7411872350
STU124,Anjali Chauhan,3,3,A,IT,4,AI,Week 8,100.0,7411872350
STU124,Anjali Chauhan,3,3,A,IT,4,DSA,Week 1,100.0,7411872350
STU124,Anjali Chauhan,2,3,A,IT,4,DSA,Week 2,66.67,7411872350
STU124,Anjali Chauhan,4,4,A,IT,4,DSA,Week 3,100.0,7411872350
STU124,Anjali Chauhan,3,3,A,IT,4,DSA,Week 4,100.0,7411872350
STU124,Anjali Chauhan,3,3,A,IT,4,DSA,Week 5,100.0,7411872350
STU124,Anjali Chauhan,3,3,A,IT,4,DSA,Week 6,100.0,7411872350
STU124,Anjali Chauhan,4,4,A,IT,4,DSA,Week 7,100.0,7411872350
STU124,Anjali Chauhan,3,3,A,IT,4,DSA,Week 8,100.0,7411872350
STU124,Anjali Chauhan,2,2,A,IT,4,Code Lab,Week 1,100.0,7411872350
STU124,Anjali Chauhan,2,2,A,IT,4,Code Lab,Week 2,100.0,7411872350
STU124,Anjali Chauhan,0,2,A,IT,4,Code Lab,Week 3,0.0,7411872350
STU124,Anjali Chauhan,2,2,A,IT,4,Code Lab,Week 4,100.0,7411872350
STU124,Anjali Chauhan,2,2,A,IT,4,Code Lab,Week 5,100.0,7411872350
STU124,Anjali Chauhan,2,2,A,IT,4,Code Lab,Week 6,100.0,7411872350
STU124,Anjali Chauhan,1,2,A,IT,4,Code Lab,Week 7,50.0,7411872350
STU124,Anjali Chauhan,2,2,A,IT,4,Code Lab,Week 8,100.0,7411872350
STU124,Anjali Chauhan,2,2,A,IT,4,Communication Skills,Week 1,100.0,7411872350
STU124,Anjali Chauhan,3,3,A,IT,4,Communication Skills,Week 2,100.0,7411872350
STU124,Anjali Chauhan,2,2,A,IT,4,Communication Skills,Week 3,100.0,7411872350
STU124,Anjali Chauhan,1,2,A,IT,4,Communication Skills,Week 4,50.0,7411872350
STU124,Anjali Chauhan,2,2,A,IT,4,Communication Skills,Week 5,100.0,7411872350
STU124,Anjali Chauhan,2,2,A,IT,4,Communication Skills,Week 6,100.0,7411872350
STU124,Anjali Chauhan,3,3,A,IT,4,Communication Skills,Week 7,100.0,7411872350
STU124,Anjali Chauhan,2,2,A,IT,4,Communication Skills,Week 8,100.0,7411872350
STU125,Swati Nair,3,4,B,CSE,4,Maths,Week 1,75.0,8845805127
STU125,Swati Nair,3,4,B,CSE,4,Maths,Week 2,75.0,8845805127
STU125,Swati Nair,2,4,B,CSE,4,Maths,Week 3,50.0,8845805127
STU125,Swati Nair,3,5,B,CSE,4,Maths,Week 4,60.0,8845805127
STU125,Swati Nair,1,4,B,CSE,4,Maths,Week 5,25.0,8845805127
STU125,Swati Nair,2,4,B,CSE,4,Maths,Week 6,50.0,8845805127
STU125,Swati Nair,4,4,B,CSE,4,Maths,Week 7,100.0,8845805127
STU125,Swati Nair,2,5,B,CSE,4,Maths,Week 8,40.0,8845805127
STU125,Swati Nair,4,4,B,CSE,4,Python,Week 1,100.0,8845805127
STU125,Swati Nair,1,2,B,CSE,4,Python,Week 2,50.0,8845805127
STU125,Swati Nair,3,3,B,CSE,4,Python,Week 3,100.0,8845805127
STU125,Swati Nair,2,3,B,CSE,4,Python,Week 4,66.67,8845805127
STU125,Swati Nair,2,4,B,CSE,4,Python,Week 5,50.0,8845805127
STU125,Swati Nair,2,3,B,CSE,4,Python,Week 6,66.67,8845805127
STU125,Swati Nair,2,3,B,CSE,4,Python,Week 7,66.67,8845805127
STU125,Swati Nair,2,4,B,CSE,4,Python,Week 8,50.0,8845805127
STU125,Swati Nair,3,3,B,CSE,4,AI,Week 1,100.0,8845805127
STU125,Swati Nair,3,3,B,CSE,4,AI,Week 2,100.0,8845805127
STU125,Swati Nair,3,3,B,CSE,4,AI,Week 3,100.0,8845805127
STU125,Swati Nair,2,4,B,CSE,4,AI,Week 4,50.0,8845805127
STU125,Swati Nair,1,2,B,CSE,4,AI,Week 5,50.0,8845805127
STU125,Swati Nair,2,3,B,CSE,4,AI,Week 6,66.67,8845805127
STU125,Swati Nair,2,3,B,CSE,4,AI,Week 7,66.67,8845805127
STU125,Swati Nair,2,3,B,CSE,4,AI,Week 8,66.67,8845805127
STU125,Swati Nair,3,4,B,CSE,4,DSA,Week 1,75.0,8845805127
STU125,Swati Nair,0,3,B,CSE,4,DSA,Week 2,0.0,8845805127
STU125,Swati Nair,3,4,B,CSE,4,DSA,Week 3,75.0,8845805127
STU125,Swati Nair,4,5,B,CSE,4,DSA,Week 4,80.0,8845805127
STU125,Swati Nair,4,5,B,CSE,4,DSA,Week 5,80.0,8845805127
STU125,Swati Nair,2,4,B,CSE,4,DSA,Week 6,50.0,8845805127
STU125,Swati Nair,3,4,B,CSE,4,DSA,Week 7,75.0,8845805127
STU125,Swati Nair,4,5,B,CSE,4,DSA,Week 8,80.0,8845805127
STU125,Swati Nair,0,2,B,CSE,4,Code Lab,Week 1,0.0,8845805127
STU125,Swati Nair,2,3,B,CSE,4,Code Lab,Week 2,66.67,8845805127
STU125,Swati Nair,1,2,B,CSE,4,Code Lab,Week 3,50.0,8845805127
STU125,Swati Nair,2,3,B,CSE,4,Code Lab,Week 4,66.67,8845805127
STU125,Swati Nair,1,2,B,CSE,4,Code Lab,Week 5,50.0,8845805127
STU125,Swati Nair,3,3,B,CSE,4,Code Lab,Week 6,100.0,8845805127
STU125,Swati Nair,1,3,B,CSE,4,Code Lab,Week 7,33.33,8845805127
STU125,Swati Nair,1,1,B,CSE,4,Code Lab,Week 8,100.0,8845805127
STU125,Swati Nair,1,2,B,CSE,4,Communication Skills,Week 1,50.0,8845805127
STU125,Swati Nair,2,2,B,CSE,4,Communication Skills,Week 2,100.0,8845805127
STU125,Swati Nair,1,1,B,CSE,4,Communication Skills,Week 3,100.0,8845805127
STU125,Swati Nair,1,1,B,CSE,4,Communication Skills,Week 4,100.0,8845805127
STU125,Swati Nair,2,2,B,CSE,4,Communication Skills,Week 5,100.0,8845805127
STU125,Swati Nair,1,2,B,CSE,4,Communication Skills,Week 6,50.0,8845805127
STU125,Swati Nair,2,2,B,CSE,4,Communication Skills,Week 7,100.0,8845805127
STU125,Swati Nair,0,2,B,CSE,4,Communication Skills,Week 8,0.0,8845805127
STU126,Aditi Joshi,4,4,C,ECE,5,Maths,Week 1,100.0,9929066493
STU126,Aditi Joshi,4,4,C,ECE,5,Maths,Week 2,100.0,9929066493
STU126,Aditi Joshi,5,5,C,ECE,5,Maths,Week 3,100.0,9929066493
STU126,Aditi Joshi,5,5,C,ECE,5,Maths,Week 4,100.0,9929066493
STU126,Aditi Joshi,4,5,C,ECE,5,Maths,Week 5,80.0,9929066493
STU126,Aditi Joshi,4,4,C,ECE,5,Maths,Week 6,100.0,9929066493
STU126,Aditi Joshi,4,4,C,ECE,5,Maths,Week 7,100.0,9929066493
STU126,Aditi Joshi,4,4,C,ECE,5,Maths,Week 8,100.0,9929066493
STU126,Aditi Joshi,4,4,C,ECE,5,Python,Week 1,100.0,9929066493
STU126,Aditi Joshi,4,4,C,ECE,5,Python,Week 2,100.0,9929066493
STU126,Aditi Joshi,3,3,C,ECE,5,Python,Week 3,100.0,9929066493
STU126,Aditi Joshi,2,2,C,ECE,5,Python,Week 4,100.0,9929066493
STU126,Aditi Joshi,4,4,C,ECE,5,Python,Week 5,100.0,9929066493
STU126,Aditi Joshi,3,3,C,ECE,5,Python,Week 6,100.0,9929066493
STU126,Aditi Joshi,3,3,C,ECE,5,Python,Week 7,100.0,9929066493
STU126,Aditi Joshi,2,3,C,ECE,5,Python,Week 8,66.67,9929066493
STU126,Aditi Joshi,3,3,C,ECE,5,AI,Week 1,100.0,9929066493
STU126,Aditi Joshi,4,4,C,ECE,5,AI,Week 2,100.0,9929066493
STU126,Aditi Joshi,4,4,C,ECE,5,AI,Week 3,100.0,9929066493
STU126,Aditi Joshi,3,3,C,ECE,5,AI,Week 4,100.0,9929066493
STU126,Aditi Joshi,2,3,C,ECE,5,AI,Week 5,66.67,9929066493
STU126,Aditi Joshi,3,3,C,ECE,5,AI,Week 6,100.0,9929066493
STU126,Aditi Joshi,4,4,C,ECE,5,AI,Week 7,100.0,9929066493
STU126,Aditi Joshi,3,3,C,ECE,5,AI,Week 8,100.0,9929066493
STU126,Aditi Joshi,4,4,C,ECE,5,DSA,Week 1,100.0,9929066493
STU126,Aditi Joshi,3,4,C,ECE,5,DSA,Week 2,75.0,9929066493
STU126,Aditi Joshi,4,4,C,ECE,5,DSA,Week 3,100.0,9929066493
STU126,Aditi Joshi,4,4,C,ECE,5,DSA,Week 4,100.0,9929066493
STU126,Aditi Joshi,4,4,C,ECE,5,DSA,Week 5,100.0,9929066493
STU126,Aditi Joshi,3,4,C,ECE,5,DSA,Week 6,75.0,9929066493
STU126,Aditi Joshi,3,4,C,ECE,5,DSA,Week 7,75.0,9929066493
STU126,Aditi Joshi,5,5,C,ECE,5,DSA,Week 8,100.0,9929066493
STU126,Aditi Joshi,1,1,C,ECE,5,Code Lab,Week 1,100.0,9929066493
STU126,Aditi Joshi,3,3,C,ECE,5,Code Lab,Week 2,100.0,9929066493
STU126,Aditi Joshi,3,3,C,ECE,5,Code Lab,Week 3,100.0,9929066493
STU126,Aditi Joshi,3,3,C,ECE,5,Code Lab,Week 4,100.0,9929066493
STU126,Aditi Joshi,2,2,C,ECE,5,Code Lab,Week 5,100.0,9929066493
STU126,Aditi Joshi,2,2,C,ECE,5,Code Lab,Week 6,100.0,9929066493
STU126,Aditi Joshi,3,3,C,ECE,5,Code Lab,Week 7,100.0,9929066493
STU126,Aditi Joshi,1,2,C,ECE,5,Code Lab,Week 8,50.0,9929066493
STU126,Aditi Joshi,1,2,C,ECE,5,Communication Skills,Week 1,50.0,9929066493
STU126,Aditi Joshi,2,2,C,ECE,5,Communication Skills,Week 2,100.0,9929066493
STU126,Aditi Joshi,2,2,C,ECE,5,Communication Skills,Week 3,100.0,9929066493
STU126,Aditi Joshi,2,2,C,ECE,5,Communication Skills,Week 4,100.0,9929066493
STU126,Aditi Joshi,2,2,C,ECE,5,Communication Skills,Week 5,100.0,9929066493
STU126,Aditi Joshi,2,3,C,ECE,5,Communication Skills,Week 6,66.67,9929066493
STU126,Aditi Joshi,2,2,C,ECE,5,Communication Skills,Week 7,100.0,9929066493
STU126,Aditi Joshi,3,3,C,ECE,5,Communication Skills,Week 8,100.0,9929066493
STU127,Simran Chauhan,3,3,B,ECE,5,Maths,Week 1,100.0,9488922557
STU127,Simran Chauhan,2,4,B,ECE,5,Maths,Week 2,50.0,9488922557
STU127,Simran Chauhan,3,4,B,ECE,5,Maths,Week 3,75.0,9488922557
STU127,Simran Chauhan,4,5,B,ECE,5,Maths,Week 4,80.0,9488922557
STU127,Simran Chauhan,3,4,B,ECE,5,Maths,Week 5,75.0,9488922557
STU127,Simran Chauhan,3,4,B,ECE,5,Maths,Week 6,75.0,9488922557
STU127,Simran Chauhan,2,4,B,ECE,5,Maths,Week 7,50.0,9488922557
STU127,Simran Chauhan,3,3,B,ECE,5,Maths,Week 8,100.0,9488922557
STU127,Simran Chauhan,3,3,B,ECE,5,Python,Week 1,100.0,9488922557
STU127,Simran Chauhan,2,3,B,ECE,5,Python,Week 2,66.67,9488922557
STU127,Simran Chauhan,2,4,B,ECE,5,Python,Week 3,50.0,9488922557
STU127,Simran Chauhan,2,3,B,ECE,5,Python,Week 4,66.67,9488922557
STU127,Simran Chauhan,3,3,B,ECE,5,Python,Week 5,100.0,9488922557
STU127,Simran Chauhan,4,4,B,ECE,5,Python,Week 6,100.0,9488922557
STU127,Simran Chauhan,3,3,B,ECE,5,Python,Week 7,100.0,9488922557
STU127,Simran Chauhan,3,3,B,ECE,5,Python,Week 8,100.0,9488922557
STU127,Simran Chauhan,3,3,B,ECE,5,AI,Week 1,100.0,9488922557
STU127,Simran Chauhan,2,2,B,ECE,5,AI,Week 2,100.0,9488922557
STU127,Simran Chauhan,2,2,B,ECE,5,AI,Week 3,100.0,9488922557
STU127,Simran Chauhan,3,3,B,ECE,5,AI,Week 4,100.0,9488922557
STU127,Simran Chauhan,3,3,B,ECE,5,AI,Week 5,100.0,9488922557
STU127,Simran Chauhan,3,3,B,ECE,5,AI,Week 6,100.0,9488922557
STU127,Simran Chauhan,2,2,B,ECE,5,AI,Week 7,100.0,9488922557
STU127,Simran Chauhan,2,3,B,ECE,5,AI,Week 8,66.67,9488922557
STU127,Simran Chauhan,2,4,B,ECE,5,DSA,Week 1,50.0,9488922557
STU127,Simran Chauhan,3,4,B,ECE,5,DSA,Week 2,75.0,9488922557
STU127,Simran Chauhan,3,4,B,ECE,5,DSA,Week 3,75.0,9488922557
STU127,Simran Chauhan,3,4,B,ECE,5,DSA,Week 4,75.0,9488922557
STU127,Simran Chauhan,4,4,B,ECE,5,DSA,Week 5,100.0,9488922557
STU127,Simran Chauhan,3,3,B,ECE,5,DSA,Week 6,100.0,9488922557
STU127,Simran Chauhan,4,4,B,ECE,5,DSA,Week 7,100.0,9488922557
STU127,Simran Chauhan,4,5,B,ECE,5,DSA,Week 8,80.0,9488922557
STU127,Simran Chauhan,2,3,B,ECE,5,Code Lab,Week 1,66.67,9488922557
STU127,Simran Chauhan,2,2,B,ECE,5,Code Lab,Week 2,100.0,9488922557
STU127,Simran Chauhan,2,2,B,ECE,5,Code Lab,Week 3,100.0,9488922557
STU127,Simran Chauhan,3,3,B,ECE,5,Code Lab,Week 4,100.0,9488922557
STU127,Simran Chauhan,1,2,B,ECE,5,Code Lab,Week 5,50.0,9488922557
STU127,Simran Chauhan,2,2,B,ECE,5,Code Lab,Week 6,100.0,9488922557
STU127,Simran Chauhan,2,2,B,ECE,5,Code Lab,Week 7,100.0,9488922557
STU127,Simran Chauhan,1,3,B,ECE,5,Code Lab,Week 8,33.33,9488922557
STU127,Simran Chauhan,1,1,B,ECE,5,Communication Skills,Week 1,100.0,9488922557
STU127,Simran Chauhan,1,2,B,ECE,5,Communication Skills,Week 2,50.0,9488922557
STU127,Simran Chauhan,1,3,B,ECE,5,Communication Skills,Week 3,33.33,9488922557
STU127,Simran Chauhan,0,1,B,ECE,5,Communication Skills,Week 4,0.0,9488922557
STU127,Simran Chauhan,1,1,B,ECE,5,Communication Skills,Week 5,100.0,9488922557
STU127,Simran Chauhan,0,1,B,ECE,5,Communication Skills,Week 6,0.0,9488922557
STU127,Simran Chauhan,1,1,B,ECE,5,Communication Skills,Week 7,100.0,9488922557
STU127,Simran Chauhan,1,2,B,ECE,5,Communication Skills,Week 8,50.0,9488922557
STU128,Meera Reddy,2,3,B,MECH,3,Maths,Week 1,66.67,9046865930
STU128,Meera Reddy,4,5,B,MECH,3,Maths,Week 2,80.0,9046865930
STU128,Meera Reddy,2,3,B,MECH,3,Maths,Week 3,66.67,9046865930
STU128,Meera Reddy,4,4,B,MECH,3,Maths,Week 4,100.0,9046865930
STU128,Meera Reddy,4,4,B,MECH,3,Maths,Week 5,100.0,9046865930
STU128,Meera Reddy,3,4,B,MECH,3,Maths,Week 6,75.0,9046865930
STU128,Meera Reddy,2,4,B,MECH,3,Maths,Week 7,50.0,9046865930
STU128,Meera Reddy,2,4,B,MECH,3,Maths,Week 8,50.0,9046865930
STU128,Meera Reddy,3,3,B,MECH,3,Python,Week 1,100.0,9046865930
STU128,Meera Reddy,0,2,B,MECH,3,Python,Week 2,0.0,9046865930
STU128,Meera Reddy,1,2,B,MECH,3,Python,Week 3,50.0,9046865930
STU128,Meera Reddy,1,2,B,MECH,3,Python,Week 4,50.0,9046865930
STU128,Meera Reddy,2,3,B,MECH,3,Python,Week 5,66.67,9046865930
STU128,Meera Reddy,1,3,B,MECH,3,Python,Week 6,33.33,9046865930
STU128,Meera Reddy,2,3,B,MECH,3,Python,Week 7,66.67,9046865930
STU128,Meera Reddy,2,3,B,MECH,3,Python,Week 8,66.67,9046865930
STU128,Meera Reddy,2,3,B,MECH,3,AI,Week 1,66.67,9046865930
STU128,Meera Reddy,1,3,B,MECH,3,AI,Week 2,33.33,9046865930
STU128,Meera Reddy,2,3,B,MECH,3,AI,Week 3,66.67,9046865930
STU128,Meera Reddy,2,3,B,MECH,3,AI,Week 4,66.67,9046865930
STU128,Meera Reddy,1,3,B,MECH,3,AI,Week 5,33.33,9046865930
STU128,Meera Reddy,2,3,B,MECH,3,AI,Week 6,66.67,9046865930
STU128,Meera Reddy,0,2,B,MECH,3,AI,Week 7,0.0,9046865930
STU128,Meera Reddy,3,3,B,MECH,3,AI,Week 8,100.0,9046865930
STU128,Meera Reddy,3,4,B,MECH,3,DSA,Week 1,75.0,9046865930
STU128,Meera Reddy,0,3,B,MECH,3,DSA,Week 2,0.0,9046865930
STU128,Meera Reddy,3,3,B,MECH,3,DSA,Week 3,100.0,9046865930
STU128,Meera Reddy,1,4,B,MECH,3,DSA,Week 4,25.0,9046865930
STU128,Meera Reddy,3,4,B,MECH,3,DSA,Week 5,75.0,9046865930
STU128,Meera Reddy,2,3,B,MECH,3,DSA,Week 6,66.67,9046865930
STU128,Meera Reddy,2,4,B,MECH,3,DSA,Week 7,50.0,9046865930
STU128,Meera Reddy,1,3,B,MECH,3,DSA,Week 8,33.33,9046865930
STU128,Meera Reddy,1,2,B,MECH,3,Code Lab,Week 1,50.0,9046865930
STU128,Meera Reddy,0,1,B,MECH,3,Code Lab,Week 2,0.0,9046865930
STU128,Meera Reddy,2,2,B,MECH,3,Code Lab,Week 3,100.0,9046865930
STU128,Meera Reddy,1,3,B,MECH,3,Code Lab,Week 4,33.33,9046865930
STU128,Meera Reddy,2,3,B,MECH,3,Code Lab,Week 5,66.67,9046865930
STU128,Meera Reddy,1,2,B,MECH,3,Code Lab,Week 6,50.0,9046865930
STU128,Meera Reddy,0,2,B,MECH,3,Code Lab,Week 7,0.0,9046865930
STU128,Meera Reddy,2,2,B,MECH,3,Code Lab,Week 8,100.0,9046865930
STU128,Meera Reddy,1,2,B,MECH,3,Communication Skills,Week 1,50.0,9046865930
STU128,Meera Reddy,2,2,B,MECH,3,Communication Skills,Week 2,100.0,9046865930
STU128,Meera Reddy,0,2,B,MECH,3,Communication Skills,Week 3,0.0,9046865930
STU128,Meera Reddy,1,2,B,MECH,3,Communication Skills,Week 4,50.0,9046865930
STU128,Meera Reddy,1,2,B,MECH,3,Communication Skills,Week 5,50.0,9046865930
STU128,Meera Reddy,2,2,B,MECH,3,Communication Skills,Week 6,100.0,9046865930
STU128,Meera Reddy,2,2,B,MECH,3,Communication Skills,Week 7,100.0,9046865930
STU128,Meera Reddy,0,2,B,MECH,3,Communication Skills,Week 8,0.0,9046865930
STU129,Ritika Desai,4,4,C,IT,5,Maths,Week 1,100.0,7531855083
STU129,Ritika Desai,4,4,C,IT,5,Maths,Week 2,100.0,7531855083
STU129,Ritika Desai,3,4,C,IT,5,Maths,Week 3,75.0,7531855083
STU129,Ritika Desai,3,4,C,IT,5,Maths,Week 4,75.0,7531855083
STU129,Ritika Desai,1,4,C,IT,5,Maths,Week 5,25.0,7531855083
STU129,Ritika Desai,2,4,C,IT,5,Maths,Week 6,50.0,7531855083
STU129,Ritika Desai,4,4,C,IT,5,Maths,Week 7,100.0,7531855083
STU129,Ritika Desai,4,5,C,IT,5,Maths,Week 8,80.0,7531855083
STU129,Ritika Desai,2,3,C,IT,5,Python,Week 1,66.67,7531855083
STU129,Ritika Desai,3,3,C,IT,5,Python,Week 2,100.0,7531855083
STU129,Ritika Desai,3,3,C,IT,5,Python,Week 3,100.0,7531855083
STU129,Ritika Desai,2,3,C,IT,5,Python,Week 4,66.67,7531855083
STU129,Ritika Desai,1,3,C,IT,5,Python,Week 5,33.33,7531855083
STU129,Ritika Desai,3,3,C,IT,5,Python,Week 6,100.0,7531855083
STU129,Ritika Desai,3,3,C,IT,5,Python,Week 7,100.0,7531855083
STU129,Ritika Desai,3,3,C,IT,5,Python,Week 8,100.0,7531855083
STU129,Ritika Desai,3,3,C,IT,5,AI,Week 1,100.0,7531855083
STU129,Ritika Desai,3,3,C,IT,5,AI,Week 2,100.0,7531855083
STU129,Ritika Desai,3,3,C,IT,5,AI,Week 3,100.0,7531855083
STU129,Ritika Desai,2,3,C,IT,5,AI,Week 4,66.67,7531855083
STU129,Ritika Desai,1,2,C,IT,5,AI,Week 5,50.0,7531855083
STU129,Ritika Desai,3,3,C,IT,5,AI,Week 6,100.0,7531855083
STU129,Ritika Desai,1,3,C,IT,5,AI,Week 7,33.33,7531855083
STU129,Ritika Desai,2,4,C,IT,5,AI,Week 8,50.0,7531855083
STU129,Ritika Desai,4,5,C,IT,5,DSA,Week 1,80.0,7531855083
STU129,Ritika Desai,3,3,C,IT,5,DSA,Week 2,100.0,7531855083
STU129,Ritika Desai,4,4,C,IT,5,DSA,Week 3,100.0,7531855083
STU129,Ritika Desai,3,4,C,IT,5,DSA,Week 4,75.0,7531855083
STU129,Ritika Desai,5,5,C,IT,5,DSA,Week 5,100.0,7531855083
STU129,Ritika Desai,3,4,C,IT,5,DSA,Week 6,75.0,7531855083
STU129,Ritika Desai,4,5,C,IT,5,DSA,Week 7,80.0,7531855083
STU129,Ritika Desai,2,4,C,IT,5,DSA,Week 8,50.0,7531855083
STU129,Ritika Desai,0,3,C,IT,5,Code Lab,Week 1,0.0,7531855083
STU129,Ritika Desai,2,2,C,IT,5,Code Lab,Week 2,100.0,7531855083
STU129,Ritika Desai,3,3,C,IT,5,Code Lab,Week 3,100.0,7531855083
STU129,Ritika Desai,2,3,C,IT,5,Code Lab,Week 4,66.67,7531855083
STU129,Ritika Desai,1,3,C,IT,5,Code Lab,Week 5,33.33,7531855083
STU129,Ritika Desai,0,1,C,IT,5,Code Lab,Week 6,0.0,7531855083
STU129,Ritika Desai,1,1,C,IT,5,Code Lab,Week 7,100.0,7531855083
STU129,Ritika Desai,1,2,C,IT,5,Code Lab,Week 8,50.0,7531855083
STU129,Ritika Desai,1,3,C,IT,5,Communication Skills,Week 1,33.33,7531855083
STU129,Ritika Desai,1,2,C,IT,5,Communication Skills,Week 2,50.0,7531855083
STU129,Ritika Desai,2,2,C,IT,5,Communication Skills,Week 3,100.0,7531855083
STU129,Ritika Desai,1,2,C,IT,5,Communication Skills,Week 4,50.0,7531855083
STU129,Ritika Desai,0,3,C,IT,5,Communication Skills,Week 5,0.0,7531855083
STU129,Ritika Desai,2,2,C,IT,5,Communication Skills,Week 6,100.0,7531855083
STU129,Ritika Desai,1,2,C,IT,5,Communication Skills,Week 7,50.0,7531855083
STU129,Ritika Desai,2,2,C,IT,5,Communication Skills,Week 8,100.0,7531855083
STU130,Ananya Patel,2,4,B,CSE,3,Maths,Week 1,50.0,9016479358
STU130,Ananya Patel,1,3,B,CSE,3,Maths,Week 2,33.33,9016479358
STU130,Ananya Patel,2,4,B,CSE,3,Maths,Week 3,50.0,9016479358
STU130,Ananya Patel,3,4,B,CSE,3,Maths,Week 4,75.0,9016479358
STU130,Ananya Patel,4,4,B,CSE,3,Maths,Week 5,100.0,9016479358
STU130,Ananya Patel,4,5,B,CSE,3,Maths,Week 6,80.0,9016479358
STU130,Ananya Patel,4,4,B,CSE,3,Maths,Week 7,100.0,9016479358
STU130,Ananya Patel,1,3,B,CSE,3,Maths,Week 8,33.33,9016479358
STU130,Ananya Patel,1,3,B,CSE,3,Python,Week 1,33.33,9016479358
STU130,Ananya Patel,3,4,B,CSE,3,Python,Week 2,75.0,9016479358
STU130,Ananya Patel,1,4,B,CSE,3,Python,Week 3,25.0,9016479358
STU130,Ananya Patel,1,3,B,CSE,3,Python,Week 4,33.33,9016479358
STU130,Ananya Patel,2,3,B,CSE,3,Python,Week 5,66.67,9016479358
STU130,Ananya Patel,4,4,B,CSE,3,Python,Week 6,100.0,9016479358
STU130,Ananya Patel,1,3,B,CSE,3,Python,Week 7,33.33,9016479358
STU130,Ananya Patel,1,2,B,CSE,3,Python,Week 8,50.0,9016479358
STU130,Ananya Patel,2,3,B,CSE,3,AI,Week 1,66.67,9016479358
STU130,Ananya Patel,2,4,B,CSE,3,AI,Week 2,50.0,9016479358
STU130,Ananya Patel,3,3,B,CSE,3,AI,Week 3,100.0,9016479358
STU130,Ananya Patel,2,3,B,CSE,3,AI,Week 4,66.67,9016479358
STU130,Ananya Patel,1,3,B,CSE,3,AI,Week 5,33.33,9016479358
STU130,Ananya Patel,3,3,B,CSE,3,AI,Week 6,100.0,9016479358
STU130,Ananya Patel,3,3,B,CSE,3,AI,Week 7,100.0,9016479358
STU130,Ananya Patel,3,3,B,CSE,3,AI,Week 8,100.0,9016479358
STU130,Ananya Patel,2,4,B,CSE,3,DSA,Week 1,50.0,9016479358
STU130,Ananya Patel,2,5,B,CSE,3,DSA,Week 2,40.0,9016479358
STU130,Ananya Patel,1,4,B,CSE,3,DSA,Week 3,25.0,9016479358
STU130,Ananya Patel,2,4,B,CSE,3,DSA,Week 4,50.0,9016479358
STU130,Ananya Patel,2,3,B,CSE,3,DSA,Week 5,66.67,9016479358
STU130,Ananya Patel,4,4,B,CSE,3,DSA,Week 6,100.0,9016479358
STU130,Ananya Patel,2,3,B,CSE,3,DSA,Week 7,66.67,9016479358
STU130,Ananya Patel,4,5,B,CSE,3,DSA,Week 8,80.0,9016479358
STU130,Ananya Patel,1,2,B,CSE,3,Code Lab,Week 1,50.0,9016479358
STU130,Ananya Patel,1,2,B,CSE,3,Code Lab,Week 2,50.0,9016479358
STU130,Ananya Patel,1,2,B,CSE,3,Code Lab,Week 3,50.0,9016479358
STU130,Ananya Patel,1,2,B,CSE,3,Code Lab,Week 4,50.0,9016479358
STU130,Ananya Patel,2,2,B,CSE,3,Code Lab,Week 5,100.0,9016479358
STU130,Ananya Patel,1,1,B,CSE,3,Code Lab,Week 6,100.0,9016479358
STU130,Ananya Patel,2,3,B,CSE,3,Code Lab,Week 7,66.67,9016479358
STU130,Ananya Patel,2,2,B,CSE,3,Code Lab,Week 8,100.0,9016479358
STU130,Ananya Patel,1,1,B,CSE,3,Communication Skills,Week 1,100.0,9016479358
STU130,Ananya Patel,1,2,B,CSE,3,Communication Skills,Week 2,50.0,9016479358
STU130,Ananya Patel,0,1,B,CSE,3,Communication Skills,Week 3,0.0,9016479358
STU130,Ananya Patel,2,2,B,CSE,3,Communication Skills,Week 4,100.0,9016479358
STU130,Ananya Patel,1,2,B,CSE,3,Communication Skills,Week 5,50.0,9016479358
STU130,Ananya Patel,1,1,B,CSE,3,Communication Skills,Week 6,100.0,9016479358
STU130,Ananya Patel,1,1,B,CSE,3,Communication Skills,Week 7,100.0,9016479358
STU130,Ananya Patel,3,3,B,CSE,3,Communication Skills,Week 8,100.0,9016479358
STU131,Anjali Nair,1,4,B,CSE,4,Maths,Week 1,25.0,8669219685
STU131,Anjali Nair,2,4,B,CSE,4,Maths,Week 2,50.0,8669219685
STU131,Anjali Nair,3,4,B,CSE,4,Maths,Week 3,75.0,8669219685
STU131,Anjali Nair,3,4,B,CSE,4,Maths,Week 4,75.0,8669219685
STU131,Anjali Nair,2,4,B,CSE,4,Maths,Week 5,50.0,8669219685
STU131,Anjali Nair,4,4,B,CSE,4,Maths,Week 6,100.0,8669219685
STU131,Anjali Nair,2,4,B,CSE,4,Maths,Week 7,50.0,8669219685
STU131,Anjali Nair,4,5,B,CSE,4,Maths,Week 8,80.0,8669219685
STU131,Anjali Nair,2,3,B,CSE,4,Python,Week 1,66.67,8669219685
STU131,Anjali Nair,2,3,B,CSE,4,Python,Week 2,66.67,8669219685
STU131,Anjali Nair,2,4,B,CSE,4,Python,Week 3,50.0,8669219685
STU131,Anjali Nair,1,4,B,CSE,4,Python,Week 4,25.0,8669219685
STU131,Anjali Nair,1,3,B,CSE,4,Python,Week 5,33.33,8669219685
STU131,Anjali Nair,2,2,B,CSE,4,Python,Week 6,100.0,8669219685
STU131,Anjali Nair,2,3,B,CSE,4,Python,Week 7,66.67,8669219685
STU131,Anjali Nair,3,3,B,CSE,4,Python,Week 8,100.0,8669219685
STU131,Anjali Nair,3,4,B,CSE,4,AI,Week 1,75.0,8669219685
STU131,Anjali Nair,1,3,B,CSE,4,AI,Week 2,33.33,8669219685
STU131,Anjali Nair,2,3,B,CSE,4,AI,Week 3,66.67,8669219685
STU131,Anjali Nair,3,3,B,CSE,4,AI,Week 4,100.0,8669219685
STU131,Anjali Nair,2,3,B,CSE,4,AI,Week 5,66.67,8669219685
STU131,Anjali Nair,3,4,B,CSE,4,AI,Week 6,75.0,8669219685
STU131,Anjali Nair,3,4,B,CSE,4,AI,Week 7,75.0,8669219685
STU131,Anjali Nair,2,2,B,CSE,4,AI,Week 8,100.0,8669219685
STU131,Anjali Nair,2,4,B,CSE,4,DSA,Week 1,50.0,8669219685
STU131,Anjali Nair,3,3,B,CSE,4,DSA,Week 2,100.0,8669219685
STU131,Anjali Nair,1,3,B,CSE,4,DSA,Week 3,33.33,8669219685
STU131,Anjali Nair,4,4,B,CSE,4,DSA,Week 4,100.0,8669219685
STU131,Anjali Nair,3,4,B,CSE,4,DSA,Week 5,75.0,8669219685
STU131,Anjali Nair,3,4,B,CSE,4,DSA,Week 6,75.0,8669219685
STU131,Anjali Nair,4,4,B,CSE,4,DSA,Week 7,100.0,8669219685
STU131,Anjali Nair,4,5,B,CSE,4,DSA,Week 8,80.0,8669219685
STU131,Anjali Nair,0,2,B,CSE,4,Code Lab,Week 1,0.0,8669219685
STU131,Anjali Nair,2,3,B,CSE,4,Code Lab,Week 2,66.67,8669219685
STU131,Anjali Nair,1,1,B,CSE,4,Code Lab,Week 3,100.0,8669219685
STU131,Anjali Nair,0,2,B,CSE,4,Code Lab,Week 4,0.0,8669219685
STU131,Anjali Nair,1,2,B,CSE,4,Code Lab,Week 5,50.0,8669219685
STU131,Anjali Nair,2,3,B,CSE,4,Code Lab,Week 6,66.67,8669219685
STU131,Anjali Nair,2,3,B,CSE,4,Code Lab,Week 7,66.67,8669219685
STU131,Anjali Nair,2,2,B,CSE,4,Code Lab,Week 8,100.0,8669219685
STU131,Anjali Nair,1,1,B,CSE,4,Communication Skills,Week 1,100.0,8669219685
STU131,Anjali Nair,1,2,B,CSE,4,Communication Skills,Week 2,50.0,8669219685
STU131,Anjali Nair,2,2,B,CSE,4,Communication Skills,Week 3,100.0,8669219685
STU131,Anjali Nair,3,3,B,CSE,4,Communication Skills,Week 4,100.0,8669219685
STU131,Anjali Nair,2,3,B,CSE,4,Communication Skills,Week 5,66.67,8669219685
STU131,Anjali Nair,1,2,B,CSE,4,Communication Skills,Week 6,50.0,8669219685
STU131,Anjali Nair,2,2,B,CSE,4,Communication Skills,Week 7,100.0,8669219685
STU131,Anjali Nair,1,1,B,CSE,4,Communication Skills,Week 8,100.0,8669219685
STU132,Arjun Patel,3,4,B,MECH,4,Maths,Week 1,75.0,9936714132
STU132,Arjun Patel,3,4,B,MECH,4,Maths,Week 2,75.0,9936714132
STU132,Arjun Patel,3,4,B,MECH,4,Maths,Week 3,75.0,9936714132
STU132,Arjun Patel,4,5,B,MECH,4,Maths,Week 4,80.0,9936714132
STU132,Arjun Patel,2,4,B,MECH,4,Maths,Week 5,50.0,9936714132
STU132,Arjun Patel,5,5,B,MECH,4,Maths,Week 6,100.0,9936714132
STU132,Arjun Patel,2,4,B,MECH,4,Maths,Week 7,50.0,9936714132
STU132,Arjun Patel,2,5,B,MECH,4,Maths,Week 8,40.0,9936714132
STU132,Arjun Patel,3,3,B,MECH,4,Python,Week 1,100.0,9936714132
STU132,Arjun Patel,0,2,B,MECH,4,Python,Week 2,0.0,9936714132
STU132,Arjun Patel,1,4,B,MECH,4,Python,Week 3,25.0,9936714132
STU132,Arjun Patel,2,2,B,MECH,4,Python,Week 4,100.0,9936714132
STU132,Arjun Patel,3,4,B,MECH,4,Python,Week 5,75.0,9936714132
STU132,Arjun Patel,1,3,B,MECH,4,Python,Week 6,33.33,9936714132
STU132,Arjun Patel,2,2,B,MECH,4,Python,Week 7,100.0,9936714132
STU132,Arjun Patel,2,3,B,MECH,4,Python,Week 8,66.67,9936714132
STU132,Arjun Patel,3,3,B,MECH,4,AI,Week 1,100.0,9936714132
STU132,Arjun Patel,3,3,B,MECH,4,AI,Week 2,100.0,9936714132
STU132,Arjun Patel,2,2,B,MECH,4,AI,Week 3,100.0,9936714132
STU132,Arjun Patel,2,3,B,MECH,4,AI,Week 4,66.67,9936714132
STU132,Arjun Patel,1,3,B,MECH,4,AI,Week 5,33.33,9936714132
STU132,Arjun Patel,3,3,B,MECH,4,AI,Week 6,100.0,9936714132
STU132,Arjun Patel,2,3,B,MECH,4,AI,Week 7,66.67,9936714132
STU132,Arjun Patel,2,3,B,MECH,4,AI,Week 8,66.67,9936714132
STU132,Arjun Patel,4,4,B,MECH,4,DSA,Week 1,100.0,9936714132
STU132,Arjun Patel,3,4,B,MECH,4,DSA,Week 2,75.0,9936714132
STU132,Arjun Patel,4,5,B,MECH,4,DSA,Week 3,80.0,9936714132
STU132,Arjun Patel,1,5,B,MECH,4,DSA,Week 4,20.0,9936714132
STU132,Arjun Patel,3,4,B,MECH,4,DSA,Week 5,75.0,9936714132
STU132,Arjun Patel,2,4,B,MECH,4,DSA,Week 6,50.0,9936714132
STU132,Arjun Patel,3,5,B,MECH,4,DSA,Week 7,60.0,9936714132
STU132,Arjun Patel,2,4,B,MECH,4,DSA,Week 8,50.0,9936714132
STU132,Arjun Patel,2,2,B,MECH,4,Code Lab,Week 1,100.0,9936714132
STU132,Arjun Patel,1,1,B,MECH,4,Code Lab,Week 2,100.0,9936714132
STU132,Arjun Patel,2,2,B,MECH,4,Code Lab,Week 3,100.0,9936714132
STU132,Arjun Patel,2,3,B,MECH,4,Code Lab,Week 4,66.67,9936714132
STU132,Arjun Patel,1,2,B,MECH,4,Code Lab,Week 5,50.0,9936714132
STU132,Arjun Patel,1,1,B,MECH,4,Code Lab,Week 6,100.0,9936714132
STU132,Arjun Patel,3,3,B,MECH,4,Code Lab,Week 7,100.0,9936714132
STU132,Arjun Patel,0,1,B,MECH,4,Code Lab,Week 8,0.0,9936714132
STU132,Arjun Patel,2,2,B,MECH,4,Communication Skills,Week 1,100.0,9936714132
STU132,Arjun Patel,1,1,B,MECH,4,Communication Skills,Week 2,100.0,9936714132
STU132,Arjun Patel,2,2,B,MECH,4,Communication Skills,Week 3,100.0,9936714132
STU132,Arjun Patel,1,2,B,MECH,4,Communication Skills,Week 4,50.0,9936714132
STU132,Arjun Patel,2,2,B,MECH,4,Communication Skills,Week 5,100.0,9936714132
STU132,Arjun Patel,0,3,B,MECH,4,Communication Skills,Week 6,0.0,9936714132
STU132,Arjun Patel,1,1,B,MECH,4,Communication Skills,Week 7,100.0,9936714132
STU132,Arjun Patel,0,2,B,MECH,4,Communication Skills,Week 8,0.0,9936714132
STU133,Ravi Verma,2,3,C,AI&DS,5,Maths,Week 1,66.67,8244261532
STU133,Ravi Verma,3,4,C,AI&DS,5,Maths,Week 2,75.0,8244261532
STU133,Ravi Verma,2,4,C,AI&DS,5,Maths,Week 3,50.0,8244261532
STU133,Ravi Verma,2,4,C,AI&DS,5,Maths,Week 4,50.0,8244261532
STU133,Ravi Verma,5,5,C,AI&DS,5,Maths,Week 5,100.0,8244261532
STU133,Ravi Verma,1,3,C,AI&DS,5,Maths,Week 6,33.33,8244261532
STU133,Ravi Verma,3,3,C,AI&DS,5,Maths,Week 7,100.0,8244261532
STU133,Ravi Verma,2,3,C,AI&DS,5,Maths,Week 8,66.67,8244261532
STU133,Ravi Verma,3,3,C,AI&DS,5,Python,Week 1,100.0,8244261532
STU133,Ravi Verma,2,3,C,AI&DS,5,Python,Week 2,66.67,8244261532
STU133,Ravi Verma,1,3,C,AI&DS,5,Python,Week 3,33.33,8244261532
STU133,Ravi Verma,2,3,C,AI&DS,5,Python,Week 4,66.67,8244261532
STU133,Ravi Verma,1,3,C,AI&DS,5,Python,Week 5,33.33,8244261532
STU133,Ravi Verma,2,3,C,AI&DS,5,Python,Week 6,66.67,8244261532
STU133,Ravi Verma,3,3,C,AI&DS,5,Python,Week 7,100.0,8244261532
STU133,Ravi Verma,2,3,C,AI&DS,5,Python,Week 8,66.67,8244261532
STU133,Ravi Verma,2,2,C,AI&DS,5,AI,Week 1,100.0,8244261532
STU133,Ravi Verma,2,3,C,AI&DS,5,AI,Week 2,66.67,8244261532
STU133,Ravi Verma,3,3,C,AI&DS,5,AI,Week 3,100.0,8244261532
STU133,Ravi Verma,0,4,C,AI&DS,5,AI,Week 4,0.0,8244261532
STU133,Ravi Verma,2,3,C,AI&DS,5,AI,Week 5,66.67,8244261532
STU133,Ravi Verma,2,2,C,AI&DS,5,AI,Week 6,100.0,8244261532
STU133,Ravi Verma,2,3,C,AI&DS,5,AI,Week 7,66.67,8244261532
STU133,Ravi Verma,2,3,C,AI&DS,5,AI,Week 8,66.67,8244261532
STU133,Ravi Verma,2,3,C,AI&DS,5,DSA,Week 1,66.67,8244261532
STU133,Ravi Verma,3,4,C,AI&DS,5,DSA,Week 2,75.0,8244261532
STU133,Ravi Verma,2,4,C,AI&DS,5,DSA,Week 3,50.0,8244261532
STU133,Ravi Verma,1,4,C,AI&DS,5,DSA,Week 4,25.0,8244261532
STU133,Ravi Verma,2,5,C,AI&DS,5,DSA,Week 5,40.0,8244261532
STU133,Ravi Verma,4,5,C,AI&DS,5,DSA,Week 6,80.0,8244261532
STU133,Ravi Verma,5,5,C,AI&DS,5,DSA,Week 7,100.0,8244261532
STU133,Ravi Verma,3,3,C,AI&DS,5,DSA,Week 8,100.0,8244261532
STU133,Ravi Verma,0,2,C,AI&DS,5,Code Lab,Week 1,0.0,8244261532
STU133,Ravi Verma,1,3,C,AI&DS,5,Code Lab,Week 2,33.33,8244261532
STU133,Ravi Verma,2,3,C,AI&DS,5,Code Lab,Week 3,66.67,8244261532
STU133,Ravi Verma,0,1,C,AI&DS,5,Code Lab,Week 4,0.0,8244261532
STU133,Ravi Verma,1,1,C,AI&DS,5,Code Lab,Week 5,100.0,8244261532
STU133,Ravi Verma,2,2,C,AI&DS,5,Code Lab,Week 6,100.0,8244261532
STU133,Ravi Verma,0,2,C,AI&DS,5,Code Lab,Week 7,0.0,8244261532
STU133,Ravi Verma,3,3,C,AI&DS,5,Code Lab,Week 8,100.0,8244261532
STU133,Ravi Verma,1,2,C,AI&DS,5,Communication Skills,Week 1,50.0,8244261532
STU133,Ravi Verma,1,2,C,AI&DS,5,Communication Skills,Week 2,50.0,8244261532
STU133,Ravi Verma,1,2,C,AI&DS,5,Communication Skills,Week 3,50.0,8244261532
STU133,Ravi Verma,2,2,C,AI&DS,5,Communication Skills,Week 4,100.0,8244261532
STU133,Ravi Verma,1,3,C,AI&DS,5,Communication Skills,Week 5,33.33,8244261532
STU133,Ravi Verma,2,2,C,AI&DS,5,Communication Skills,Week 6,100.0,8244261532
STU133,Ravi Verma,1,1,C,AI&DS,5,Communication Skills,Week 7,100.0,8244261532
STU133,Ravi Verma,2,2,C,AI&DS,5,Communication Skills,Week 8,100.0,8244261532
STU134,Deepak Iyer,4,4,B,CSE,3,Maths,Week 1,100.0,8970044206
STU134,Deepak Iyer,3,4,B,CSE,3,Maths,Week 2,75.0,8970044206
STU134,Deepak Iyer,1,3,B,CSE,3,Maths,Week 3,33.33,8970044206
STU134,Deepak Iyer,3,4,B,CSE,3,Maths,Week 4,75.0,8970044206
STU134,Deepak Iyer,4,4,B,CSE,3,Maths,Week 5,100.0,8970044206
STU134,Deepak Iyer,4,4,B,CSE,3,Maths,Week 6,100.0,8970044206
STU134,Deepak Iyer,2,4,B,CSE,3,Maths,Week 7,50.0,8970044206
STU134,Deepak Iyer,4,4,B,CSE,3,Maths,Week 8,100.0,8970044206
STU134,Deepak Iyer,4,4,B,CSE,3,Python,Week 1,100.0,8970044206
STU134,Deepak Iyer,3,3,B,CSE,3,Python,Week 2,100.0,8970044206
STU134,Deepak Iyer,3,3,B,CSE,3,Python,Week 3,100.0,8970044206
STU134,Deepak Iyer,4,4,B,CSE,3,Python,Week 4,100.0,8970044206
STU134,Deepak Iyer,2,3,B,CSE,3,Python,Week 5,66.67,8970044206
STU134,Deepak Iyer,3,3,B,CSE,3,Python,Week 6,100.0,8970044206
STU134,Deepak Iyer,3,3,B,CSE,3,Python,Week 7,100.0,8970044206
STU134,Deepak Iyer,3,3,B,CSE,3,Python,Week 8,100.0,8970044206
STU134,Deepak Iyer,2,2,B,CSE,3,AI,Week 1,100.0,8970044206
STU134,Deepak Iyer,2,3,B,CSE,3,AI,Week 2,66.67,8970044206
STU134,Deepak Iyer,2,2,B,CSE,3,AI,Week 3,100.0,8970044206
STU134,Deepak Iyer,3,3,B,CSE,3,AI,Week 4,100.0,8970044206
STU134,Deepak Iyer,4,4,B,CSE,3,AI,Week 5,100.0,8970044206
STU134,Deepak Iyer,4,4,B,CSE,3,AI,Week 6,100.0,8970044206
STU134,Deepak Iyer,2,2,B,CSE,3,AI,Week 7,100.0,8970044206
STU134,Deepak Iyer,4,4,B,CSE,3,AI,Week 8,100.0,8970044206
STU134,Deepak Iyer,1,3,B,CSE,3,DSA,Week 1,33.33,8970044206
STU134,Deepak Iyer,3,4,B,CSE,3,DSA,Week 2,75.0,8970044206
STU134,Deepak Iyer,4,4,B,CSE,3,DSA,Week 3,100.0,8970044206
STU134,Deepak Iyer,3,3,B,CSE,3,DSA,Week 4,100.0,8970044206
STU134,Deepak Iyer,3,4,B,CSE,3,DSA,Week 5,75.0,8970044206
STU134,Deepak Iyer,4,4,B,CSE,3,DSA,Week 6,100.0,8970044206
STU134,Deepak Iyer,4,4,B,CSE,3,DSA,Week 7,100.0,8970044206
STU134,Deepak Iyer,4,4,B,CSE,3,DSA,Week 8,100.0,8970044206
STU134,Deepak Iyer,3,3,B,CSE,3,Code Lab,Week 1,100.0,8970044206
STU134,Deepak Iyer,2,2,B,CSE,3,Code Lab,Week 2,100.0,8970044206
STU134,Deepak Iyer,3,3,B,CSE,3,Code Lab,Week 3,100.0,8970044206
STU134,Deepak Iyer,3,3,B,CSE,3,Code Lab,Week 4,100.0,8970044206
STU134,Deepak Iyer,2,2,B,CSE,3,Code Lab,Week 5,100.0,8970044206
STU134,Deepak Iyer,3,3,B,CSE,3,Code Lab,Week 6,100.0,8970044206
STU134,Deepak Iyer,3,3,B,CSE,3,Code Lab,Week 7,100.0,8970044206
STU134,Deepak Iyer,3,3,B,CSE,3,Code Lab,Week 8,100.0,8970044206
STU134,Deepak Iyer,3,3,B,CSE,3,Communication Skills,Week 1,100.0,8970044206
STU134,Deepak Iyer,1,2,B,CSE,3,Communication Skills,Week 2,50.0,8970044206
STU134,Deepak Iyer,1,2,B,CSE,3,Communication Skills,Week 3,50.0,8970044206
STU134,Deepak Iyer,2,2,B,CSE,3,Communication Skills,Week 4,100.0,8970044206
STU134,Deepak Iyer,2,2,B,CSE,3,Communication Skills,Week 5,100.0,8970044206
STU134,Deepak Iyer,2,2,B,CSE,3,Communication Skills,Week 6,100.0,8970044206
STU134,Deepak Iyer,2,2,B,CSE,3,Communication Skills,Week 7,100.0,8970044206
STU134,Deepak Iyer,1,2,B,CSE,3,Communication Skills,Week 8,50.0,8970044206
STU135,Kavya Sharma,4,4,B,ECE,4,Maths,Week 1,100.0,9156304376
STU135,Kavya Sharma,2,4,B,ECE,4,Maths,Week 2,50.0,9156304376
STU135,Kavya Sharma,4,4,B,ECE,4,Maths,Week 3,100.0,9156304376
STU135,Kavya Sharma,4,4,B,ECE,4,Maths,Week 4,100.0,9156304376
STU135,Kavya Sharma,4,5,B,ECE,4,Maths,Week 5,80.0,9156304376
STU135,Kavya Sharma,4,4,B,ECE,4,Maths,Week 6,100.0,9156304376
STU135,Kavya Sharma,4,4,B,ECE,4,Maths,Week 7,100.0,9156304376
STU135,Kavya Sharma,4,4,B,ECE,4,Maths,Week 8,100.0,9156304376
STU135,Kavya Sharma,3,3,B,ECE,4,Python,Week 1,100.0,9156304376
STU135,Kavya Sharma,1,2,B,ECE,4,Python,Week 2,50.0,9156304376
STU135,Kavya Sharma,3,3,B,ECE,4,Python,Week 3,100.0,9156304376
STU135,Kavya Sharma,0,2,B,ECE,4,Python,Week 4,0.0,9156304376
STU135,Kavya Sharma,2,2,B,ECE,4,Python,Week 5,100.0,9156304376
STU135,Kavya Sharma,4,4,B,ECE,4,Python,Week 6,100.0,9156304376
STU135,Kavya Sharma,4,4,B,ECE,4,Python,Week 7,100.0,9156304376
STU135,Kavya Sharma,3,3,B,ECE,4,Python,Week 8,100.0,9156304376
STU135,Kavya Sharma,4,4,B,ECE,4,AI,Week 1,100.0,9156304376
STU135,Kavya Sharma,3,3,B,ECE,4,AI,Week 2,100.0,9156304376
STU135,Kavya Sharma,3,3,B,ECE,4,AI,Week 3,100.0,9156304376
STU135,Kavya Sharma,3,3,B,ECE,4,AI,Week 4,100.0,9156304376
STU135,Kavya Sharma,3,3,B,ECE,4,AI,Week 5,100.0,9156304376
STU135,Kavya Sharma,2,3,B,ECE,4,AI,Week 6,66.67,9156304376
STU135,Kavya Sharma,3,4,B,ECE,4,AI,Week 7,75.0,9156304376
STU135,Kavya Sharma,4,4,B,ECE,4,AI,Week 8,100.0,9156304376
STU135,Kavya Sharma,4,4,B,ECE,4,DSA,Week 1,100.0,9156304376
STU135,Kavya Sharma,4,4,B,ECE,4,DSA,Week 2,100.0,9156304376
STU135,Kavya Sharma,2,3,B,ECE,4,DSA,Week 3,66.67,9156304376
STU135,Kavya Sharma,3,4,B,ECE,4,DSA,Week 4,75.0,9156304376
STU135,Kavya Sharma,4,4,B,ECE,4,DSA,Week 5,100.0,9156304376
STU135,Kavya Sharma,5,5,B,ECE,4,DSA,Week 6,100.0,9156304376
STU135,Kavya Sharma,4,4,B,ECE,4,DSA,Week 7,100.0,9156304376
STU135,Kavya Sharma,3,4,B,ECE,4,DSA,Week 8,75.0,9156304376
STU135,Kavya Sharma,3,3,B,ECE,4,Code Lab,Week 1,100.0,9156304376
STU135,Kavya Sharma,2,2,B,ECE,4,Code Lab,Week 2,100.0,9156304376
STU135,Kavya Sharma,2,2,B,ECE,4,Code Lab,Week 3,100.0,9156304376
STU135,Kavya Sharma,2,2,B,ECE,4,Code Lab,Week 4,100.0,9156304376
STU135,Kavya Sharma,2,2,B,ECE,4,Code Lab,Week 5,100.0,9156304376
STU135,Kavya Sharma,3,3,B,ECE,4,Code Lab,Week 6,100.0,9156304376
STU135,Kavya Sharma,2,2,B,ECE,4,Code Lab,Week 7,100.0,9156304376
STU135,Kavya Sharma,2,3,B,ECE,4,Code Lab,Week 8,66.67,9156304376
STU135,Kavya Sharma,2,2,B,ECE,4,Communication Skills,Week 1,100.0,9156304376
STU135,Kavya Sharma,1,1,B,ECE,4,Communication Skills,Week 2,100.0,9156304376
STU135,Kavya Sharma,1,1,B,ECE,4,Communication Skills,Week 3,100.0,9156304376
STU135,Kavya Sharma,2,2,B,ECE,4,Communication Skills,Week 4,100.0,9156304376
STU135,Kavya Sharma,2,2,B,ECE,4,Communication Skills,Week 5,100.0,9156304376
STU135,Kavya Sharma,2,2,B,ECE,4,Communication Skills,Week 6,100.0,9156304376
STU135,Kavya Sharma,2,2,B,ECE,4,Communication Skills,Week 7,100.0,9156304376
STU135,Kavya Sharma,2,2,B,ECE,4,Communication Skills,Week 8,100.0,9156304376
STU136,Anjali Gupta,3,4,A,AI&DS,3,Maths,Week 1,75.0,9665408938
STU136,Anjali Gupta,2,4,A,AI&DS,3,Maths,Week 2,50.0,9665408938
STU136,Anjali Gupta,2,3,A,AI&DS,3,Maths,Week 3,66.67,9665408938
STU136,Anjali Gupta,3,4,A,AI&DS,3,Maths,Week 4,75.0,9665408938
STU136,Anjali Gupta,4,4,A,AI&DS,3,Maths,Week 5,100.0,9665408938
STU136,Anjali Gupta,3,5,A,AI&DS,3,Maths,Week 6,60.0,9665408938
STU136,Anjali Gupta,3,4,A,AI&DS,3,Maths,Week 7,75.0,9665408938
STU136,Anjali Gupta,4,4,A,AI&DS,3,Maths,Week 8,100.0,9665408938
STU136,Anjali Gupta,2,3,A,AI&DS,3,Python,Week 1,66.67,9665408938
STU136,Anjali Gupta,2,3,A,AI&DS,3,Python,Week 2,66.67,9665408938
STU136,Anjali Gupta,3,3,A,AI&DS,3,Python,Week 3,100.0,9665408938
STU136,Anjali Gupta,1,3,A,AI&DS,3,Python,Week 4,33.33,9665408938
STU136,Anjali Gupta,0,2,A,AI&DS,3,Python,Week 5,0.0,9665408938
STU136,Anjali Gupta,3,3,A,AI&DS,3,Python,Week 6,100.0,9665408938
STU136,Anjali Gupta,3,4,A,AI&DS,3,Python,Week 7,75.0,9665408938
STU136,Anjali Gupta,2,3,A,AI&DS,3,Python,Week 8,66.67,9665408938
STU136,Anjali Gupta,3,3,A,AI&DS,3,AI,Week 1,100.0,9665408938
STU136,Anjali Gupta,2,3,A,AI&DS,3,AI,Week 2,66.67,9665408938
STU136,Anjali Gupta,2,3,A,AI&DS,3,AI,Week 3,66.67,9665408938
STU136,Anjali Gupta,1,4,A,AI&DS,3,AI,Week 4,25.0,9665408938
STU136,Anjali Gupta,2,3,A,AI&DS,3,AI,Week 5,66.67,9665408938
STU136,Anjali Gupta,3,3,A,AI&DS,3,AI,Week 6,100.0,9665408938
STU136,Anjali Gupta,3,3,A,AI&DS,3,AI,Week 7,100.0,9665408938
STU136,Anjali Gupta,4,4,A,AI&DS,3,AI,Week 8,100.0,9665408938
STU136,Anjali Gupta,1,4,A,AI&DS,3,DSA,Week 1,25.0,9665408938
STU136,Anjali Gupta,3,4,A,AI&DS,3,DSA,Week 2,75.0,9665408938
STU136,Anjali Gupta,2,4,A,AI&DS,3,DSA,Week 3,50.0,9665408938
STU136,Anjali Gupta,4,4,A,AI&DS,3,DSA,Week 4,100.0,9665408938
STU136,Anjali Gupta,1,3,A,AI&DS,3,DSA,Week 5,33.33,9665408938
STU136,Anjali Gupta,2,4,A,AI&DS,3,DSA,Week 6,50.0,9665408938
STU136,Anjali Gupta,3,4,A,AI&DS,3,DSA,Week 7,75.0,9665408938
STU136,Anjali Gupta,4,5,A,AI&DS,3,DSA,Week 8,80.0,9665408938
STU136,Anjali Gupta,0,3,A,AI&DS,3,Code Lab,Week 1,0.0,9665408938
STU136,Anjali Gupta,2,3,A,AI&DS,3,Code Lab,Week 2,66.67,9665408938
STU136,Anjali Gupta,1,2,A,AI&DS,3,Code Lab,Week 3,50.0,9665408938
STU136,Anjali Gupta,2,2,A,AI&DS,3,Code Lab,Week 4,100.0,9665408938
STU136,Anjali Gupta,0,1,A,AI&DS,3,Code Lab,Week 5,0.0,9665408938
STU136,Anjali Gupta,0,1,A,AI&DS,3,Code Lab,Week 6,0.0,9665408938
STU136,Anjali Gupta,1,2,A,AI&DS,3,Code Lab,Week 7,50.0,9665408938
STU136,Anjali Gupta,0,1,A,AI&DS,3,Code Lab,Week 8,0.0,9665408938
STU136,Anjali Gupta,1,3,A,AI&DS,3,Communication Skills,Week 1,33.33,9665408938
STU136,Anjali Gupta,1,1,A,AI&DS,3,Communication Skills,Week 2,100.0,9665408938
STU136,Anjali Gupta,1,1,A,AI&DS,3,Communication Skills,Week 3,100.0,9665408938
STU136,Anjali Gupta,1,1,A,AI&DS,3,Communication Skills,Week 4,100.0,9665408938
STU136,Anjali Gupta,2,2,A,AI&DS,3,Communication Skills,Week 5,100.0,9665408938
STU136,Anjali Gupta,2,3,A,AI&DS,3,Communication Skills,Week 6,66.67,9665408938
STU136,Anjali Gupta,2,3,A,AI&DS,3,Communication Skills,Week 7,66.67,9665408938
STU136,Anjali Gupta,2,2,A,AI&DS,3,Communication Skills,Week 8,100.0,9665408938
STU137,Suresh Nair,3,3,B,AI&DS,5,Maths,Week 1,100.0,8493460064
STU137,Suresh Nair,4,4,B,AI&DS,5,Maths,Week 2,100.0,8493460064
STU137,Suresh Nair,4,4,B,AI&DS,5,Maths,Week 3,100.0,8493460064
STU137,Suresh Nair,4,4,B,AI&DS,5,Maths,Week 4,100.0,8493460064
STU137,Suresh Nair,4,4,B,AI&DS,5,Maths,Week 5,100.0,8493460064
STU137,Suresh Nair,4,4,B,AI&DS,5,Maths,Week 6,100.0,8493460064
STU137,Suresh Nair,3,4,B,AI&DS,5,Maths,Week 7,75.0,8493460064
STU137,Suresh Nair,4,5,B,AI&DS,5,Maths,Week 8,80.0,8493460064
STU137,Suresh Nair,4,4,B,AI&DS,5,Python,Week 1,100.0,8493460064
STU137,Suresh Nair,2,3,B,AI&DS,5,Python,Week 2,66.67,8493460064
STU137,Suresh Nair,4,4,B,AI&DS,5,Python,Week 3,100.0,8493460064
STU137,Suresh Nair,4,4,B,AI&DS,5,Python,Week 4,100.0,8493460064
STU137,Suresh Nair,3,3,B,AI&DS,5,Python,Week 5,100.0,8493460064
STU137,Suresh Nair,2,2,B,AI&DS,5,Python,Week 6,100.0,8493460064
STU137,Suresh Nair,2,2,B,AI&DS,5,Python,Week 7,100.0,8493460064
STU137,Suresh Nair,4,4,B,AI&DS,5,Python,Week 8,100.0,8493460064
STU137,Suresh Nair,3,3,B,AI&DS,5,AI,Week 1,100.0,8493460064
STU137,Suresh Nair,3,3,B,AI&DS,5,AI,Week 2,100.0,8493460064
STU137,Suresh Nair,2,2,B,AI&DS,5,AI,Week 3,100.0,8493460064
STU137,Suresh Nair,2,3,B,AI&DS,5,AI,Week 4,66.67,8493460064
STU137,Suresh Nair,3,3,B,AI&DS,5,AI,Week 5,100.0,8493460064
STU137,Suresh Nair,3,3,B,AI&DS,5,AI,Week 6,100.0,8493460064
STU137,Suresh Nair,4,4,B,AI&DS,5,AI,Week 7,100.0,8493460064
STU137,Suresh Nair,2,2,B,AI&DS,5,AI,Week 8,100.0,8493460064
STU137,Suresh Nair,4,4,B,AI&DS,5,DSA,Week 1,100.0,8493460064
STU137,Suresh Nair,4,4,B,AI&DS,5,DSA,Week 2,100.0,8493460064
STU137,Suresh Nair,3,3,B,AI&DS,5,DSA,Week 3,100.0,8493460064
STU137,Suresh Nair,4,4,B,AI&DS,5,DSA,Week 4,100.0,8493460064
STU137,Suresh Nair,5,5,B,AI&DS,5,DSA,Week 5,100.0,8493460064
STU137,Suresh Nair,3,3,B,AI&DS,5,DSA,Week 6,100.0,8493460064
STU137,Suresh Nair,4,4,B,AI&DS,5,DSA,Week 7,100.0,8493460064
STU137,Suresh Nair,4,4,B,AI&DS,5,DSA,Week 8,100.0,8493460064
STU137,Suresh Nair,2,3,B,AI&DS,5,Code Lab,Week 1,66.67,8493460064
STU137,Suresh Nair,2,2,B,AI&DS,5,Code Lab,Week 2,100.0,8493460064
STU137,Suresh Nair,2,2,B,AI&DS,5,Code Lab,Week 3,100.0,8493460064
STU137,Suresh Nair,1,1,B,AI&DS,5,Code Lab,Week 4,100.0,8493460064
STU137,Suresh Nair,2,2,B,AI&DS,5,Code Lab,Week 5,100.0,8493460064
STU137,Suresh Nair,2,2,B,AI&DS,5,Code Lab,Week 6,100.0,8493460064
STU137,Suresh Nair,2,2,B,AI&DS,5,Code Lab,Week 7,100.0,8493460064
STU137,Suresh Nair,1,1,B,AI&DS,5,Code Lab,Week 8,100.0,8493460064
STU137,Suresh Nair,3,3,B,AI&DS,5,Communication Skills,Week 1,100.0,8493460064
STU137,Suresh Nair,3,3,B,AI&DS,5,Communication Skills,Week 2,100.0,8493460064
STU137,Suresh Nair,2,2,B,AI&DS,5,Communication Skills,Week 3,100.0,8493460064
STU137,Suresh Nair,1,1,B,AI&DS,5,Communication Skills,Week 4,100.0,8493460064
STU137,Suresh Nair,1,2,B,AI&DS,5,Communication Skills,Week 5,50.0,8493460064
STU137,Suresh Nair,2,2,B,AI&DS,5,Communication Skills,Week 6,100.0,8493460064
STU137,Suresh Nair,1,1,B,AI&DS,5,Communication Skills,Week 7,100.0,8493460064
STU137,Suresh Nair,1,1,B,AI&DS,5,Communication Skills,Week 8,100.0,8493460064
STU138,Aditi Pillai,0,3,C,ECE,5,Maths,Week 1,0.0,7079308612
STU138,Aditi Pillai,2,3,C,ECE,5,Maths,Week 2,66.67,7079308612
STU138,Aditi Pillai,1,4,C,ECE,5,Maths,Week 3,25.0,7079308612
STU138,Aditi Pillai,2,3,C,ECE,5,Maths,Week 4,66.67,7079308612
STU138,Aditi Pillai,1,4,C,ECE,5,Maths,Week 5,25.0,7079308612
STU138,Aditi Pillai,2,4,C,ECE,5,Maths,Week 6,50.0,7079308612
STU138,Aditi Pillai,3,4,C,ECE,5,Maths,Week 7,75.0,7079308612
STU138,Aditi Pillai,2,4,C,ECE,5,Maths,Week 8,50.0,7079308612
STU138,Aditi Pillai,2,3,C,ECE,5,Python,Week 1,66.67,7079308612
STU138,Aditi Pillai,3,3,C,ECE,5,Python,Week 2,100.0,7079308612
STU138,Aditi Pillai,1,3,C,ECE,5,Python,Week 3,33.33,7079308612
STU138,Aditi Pillai,3,3,C,ECE,5,Python,Week 4,100.0,7079308612
STU138,Aditi Pillai,2,3,C,ECE,5,Python,Week 5,66.67,7079308612
STU138,Aditi Pillai,2,3,C,ECE,5,Python,Week 6,66.67,7079308612
STU138,Aditi Pillai,2,2,C,ECE,5,Python,Week 7,100.0,7079308612
STU138,Aditi Pillai,3,3,C,ECE,5,Python,Week 8,100.0,7079308612
STU138,Aditi Pillai,2,2,C,ECE,5,AI,Week 1,100.0,7079308612
STU138,Aditi Pillai,3,3,C,ECE,5,AI,Week 2,100.0,7079308612
STU138,Aditi Pillai,3,3,C,ECE,5,AI,Week 3,100.0,7079308612
STU138,Aditi Pillai,2,2,C,ECE,5,AI,Week 4,100.0,7079308612
STU138,Aditi Pillai,3,4,C,ECE,5,AI,Week 5,75.0,7079308612
STU138,Aditi Pillai,1,4,C,ECE,5,AI,Week 6,25.0,7079308612
STU138,Aditi Pillai,1,3,C,ECE,5,AI,Week 7,33.33,7079308612
STU138,Aditi Pillai,2,4,C,ECE,5,AI,Week 8,50.0,7079308612
STU138,Aditi Pillai,1,3,C,ECE,5,DSA,Week 1,33.33,7079308612
STU138,Aditi Pillai,1,4,C,ECE,5,DSA,Week 2,25.0,7079308612
STU138,Aditi Pillai,2,5,C,ECE,5,DSA,Week 3,40.0,7079308612
STU138,Aditi Pillai,4,4,C,ECE,5,DSA,Week 4,100.0,7079308612
STU138,Aditi Pillai,1,3,C,ECE,5,DSA,Week 5,33.33,7079308612
STU138,Aditi Pillai,2,4,C,ECE,5,DSA,Week 6,50.0,7079308612
STU138,Aditi Pillai,2,3,C,ECE,5,DSA,Week 7,66.67,7079308612
STU138,Aditi Pillai,2,4,C,ECE,5,DSA,Week 8,50.0,7079308612
STU138,Aditi Pillai,1,2,C,ECE,5,Code Lab,Week 1,50.0,7079308612
STU138,Aditi Pillai,1,1,C,ECE,5,Code Lab,Week 2,100.0,7079308612
STU138,Aditi Pillai,1,1,C,ECE,5,Code Lab,Week 3,100.0,7079308612
STU138,Aditi Pillai,2,2,C,ECE,5,Code Lab,Week 4,100.0,7079308612
STU138,Aditi Pillai,2,3,C,ECE,5,Code Lab,Week 5,66.67,7079308612
STU138,Aditi Pillai,1,1,C,ECE,5,Code Lab,Week 6,100.0,7079308612
STU138,Aditi Pillai,1,2,C,ECE,5,Code Lab,Week 7,50.0,7079308612
STU138,Aditi Pillai,1,2,C,ECE,5,Code Lab,Week 8,50.0,7079308612
STU138,Aditi Pillai,1,2,C,ECE,5,Communication Skills,Week 1,50.0,7079308612
STU138,Aditi Pillai,2,3,C,ECE,5,Communication Skills,Week 2,66.67,7079308612
STU138,Aditi Pillai,1,2,C,ECE,5,Communication Skills,Week 3,50.0,7079308612
STU138,Aditi Pillai,1,3,C,ECE,5,Communication Skills,Week 4,33.33,7079308612
STU138,Aditi Pillai,1,2,C,ECE,5,Communication Skills,Week 5,50.0,7079308612
STU138,Aditi Pillai,0,1,C,ECE,5,Communication Skills,Week 6,0.0,7079308612
STU138,Aditi Pillai,1,3,C,ECE,5,Communication Skills,Week 7,33.33,7079308612
STU138,Aditi Pillai,1,2,C,ECE,5,Communication Skills,Week 8,50.0,7079308612
STU139,Tanvi Joshi,3,5,C,IT,4,Maths,Week 1,60.0,9907638182
STU139,Tanvi Joshi,0,4,C,IT,4,Maths,Week 2,0.0,9907638182
STU139,Tanvi Joshi,2,5,C,IT,4,Maths,Week 3,40.0,9907638182
STU139,Tanvi Joshi,2,5,C,IT,4,Maths,Week 4,40.0,9907638182
STU139,Tanvi Joshi,0,3,C,IT,4,Maths,Week 5,0.0,9907638182
STU139,Tanvi Joshi,2,4,C,IT,4,Maths,Week 6,50.0,9907638182
STU139,Tanvi Joshi,1,4,C,IT,4,Maths,Week 7,25.0,9907638182
STU139,Tanvi Joshi,2,4,C,IT,4,Maths,Week 8,50.0,9907638182
STU139,Tanvi Joshi,3,4,C,IT,4,Python,Week 1,75.0,9907638182
STU139,Tanvi Joshi,1,3,C,IT,4,Python,Week 2,33.33,9907638182
STU139,Tanvi Joshi,2,2,C,IT,4,Python,Week 3,100.0,9907638182
STU139,Tanvi Joshi,0,3,C,IT,4,Python,Week 4,0.0,9907638182
STU139,Tanvi Joshi,1,2,C,IT,4,Python,Week 5,50.0,9907638182
STU139,Tanvi Joshi,1,3,C,IT,4,Python,Week 6,33.33,9907638182
STU139,Tanvi Joshi,0,2,C,IT,4,Python,Week 7,0.0,9907638182
STU139,Tanvi Joshi,1,3,C,IT,4,Python,Week 8,33.33,9907638182
STU139,Tanvi Joshi,0,3,C,IT,4,AI,Week 1,0.0,9907638182
STU139,Tanvi Joshi,2,3,C,IT,4,AI,Week 2,66.67,9907638182
STU139,Tanvi Joshi,2,3,C,IT,4,AI,Week 3,66.67,9907638182
STU139,Tanvi Joshi,1,2,C,IT,4,AI,Week 4,50.0,9907638182
STU139,Tanvi Joshi,2,3,C,IT,4,AI,Week 5,66.67,9907638182
STU139,Tanvi Joshi,2,2,C,IT,4,AI,Week 6,100.0,9907638182
STU139,Tanvi Joshi,2,3,C,IT,4,AI,Week 7,66.67,9907638182
STU139,Tanvi Joshi,2,3,C,IT,4,AI,Week 8,66.67,9907638182
STU139,Tanvi Joshi,5,5,C,IT,4,DSA,Week 1,100.0,9907638182
STU139,Tanvi Joshi,0,4,C,IT,4,DSA,Week 2,0.0,9907638182
STU139,Tanvi Joshi,1,3,C,IT,4,DSA,Week 3,33.33,9907638182
STU139,Tanvi Joshi,2,4,C,IT,4,DSA,Week 4,50.0,9907638182
STU139,Tanvi Joshi,2,4,C,IT,4,DSA,Week 5,50.0,9907638182
STU139,Tanvi Joshi,2,5,C,IT,4,DSA,Week 6,40.0,9907638182
STU139,Tanvi Joshi,2,4,C,IT,4,DSA,Week 7,50.0,9907638182
STU139,Tanvi Joshi,2,4,C,IT,4,DSA,Week 8,50.0,9907638182
STU139,Tanvi Joshi,0,1,C,IT,4,Code Lab,Week 1,0.0,9907638182
STU139,Tanvi Joshi,0,2,C,IT,4,Code Lab,Week 2,0.0,9907638182
STU139,Tanvi Joshi,1,2,C,IT,4,Code Lab,Week 3,50.0,9907638182
STU139,Tanvi Joshi,1,2,C,IT,4,Code Lab,Week 4,50.0,9907638182
STU139,Tanvi Joshi,1,2,C,IT,4,Code Lab,Week 5,50.0,9907638182
STU139,Tanvi Joshi,1,2,C,IT,4,Code Lab,Week 6,50.0,9907638182
STU139,Tanvi Joshi,1,3,C,IT,4,Code Lab,Week 7,33.33,9907638182
STU139,Tanvi Joshi,1,2,C,IT,4,Code Lab,Week 8,50.0,9907638182
STU139,Tanvi Joshi,1,2,C,IT,4,Communication Skills,Week 1,50.0,9907638182
STU139,Tanvi Joshi,1,1,C,IT,4,Communication Skills,Week 2,100.0,9907638182
STU139,Tanvi Joshi,0,2,C,IT,4,Communication Skills,Week 3,0.0,9907638182
STU139,Tanvi Joshi,2,2,C,IT,4,Communication Skills,Week 4,100.0,9907638182
STU139,Tanvi Joshi,3,3,C,IT,4,Communication Skills,Week 5,100.0,9907638182
STU139,Tanvi Joshi,1,2,C,IT,4,Communication Skills,Week 6,50.0,9907638182
STU139,Tanvi Joshi,0,1,C,IT,4,Communication Skills,Week 7,0.0,9907638182
STU139,Tanvi Joshi,1,2,C,IT,4,Communication Skills,Week 8,50.0,9907638182
STU140,Shreya Chauhan,4,4,A,CSE,4,Maths,Week 1,100.0,8617199615
STU140,Shreya Chauhan,4,4,A,CSE,4,Maths,Week 2,100.0,8617199615
STU140,Shreya Chauhan,5,5,A,CSE,4,Maths,Week 3,100.0,8617199615
STU140,Shreya Chauhan,4,4,A,CSE,4,Maths,Week 4,100.0,8617199615
STU140,Shreya Chauhan,2,4,A,CSE,4,Maths,Week 5,50.0,8617199615
STU140,Shreya Chauhan,3,3,A,CSE,4,Maths,Week 6,100.0,8617199615
STU140,Shreya Chauhan,5,5,A,CSE,4,Maths,Week 7,100.0,8617199615
STU140,Shreya Chauhan,4,4,A,CSE,4,Maths,Week 8,100.0,8617199615
STU140,Shreya Chauhan,3,3,A,CSE,4,Python,Week 1,100.0,8617199615
STU140,Shreya Chauhan,2,2,A,CSE,4,Python,Week 2,100.0,8617199615
STU140,Shreya Chauhan,4,4,A,CSE,4,Python,Week 3,100.0,8617199615
STU140,Shreya Chauhan,3,3,A,CSE,4,Python,Week 4,100.0,8617199615
STU140,Shreya Chauhan,2,2,A,CSE,4,Python,Week 5,100.0,8617199615
STU140,Shreya Chauhan,3,3,A,CSE,4,Python,Week 6,100.0,8617199615
STU140,Shreya Chauhan,2,2,A,CSE,4,Python,Week 7,100.0,8617199615
STU140,Shreya Chauhan,3,4,A,CSE,4,Python,Week 8,75.0,8617199615
STU140,Shreya Chauhan,4,4,A,CSE,4,AI,Week 1,100.0,8617199615
STU140,Shreya Chauhan,4,4,A,CSE,4,AI,Week 2,100.0,8617199615
STU140,Shreya Chauhan,4,4,A,CSE,4,AI,Week 3,100.0,8617199615
STU140,Shreya Chauhan,4,4,A,CSE,4,AI,Week 4,100.0,8617199615
STU140,Shreya Chauhan,2,2,A,CSE,4,AI,Week 5,100.0,8617199615
STU140,Shreya Chauhan,4,4,A,CSE,4,AI,Week 6,100.0,8617199615
STU140,Shreya Chauhan,1,2,A,CSE,4,AI,Week 7,50.0,8617199615
STU140,Shreya Chauhan,3,3,A,CSE,4,AI,Week 8,100.0,8617199615
STU140,Shreya Chauhan,4,4,A,CSE,4,DSA,Week 1,100.0,8617199615
STU140,Shreya Chauhan,3,5,A,CSE,4,DSA,Week 2,60.0,8617199615
STU140,Shreya Chauhan,4,4,A,CSE,4,DSA,Week 3,100.0,8617199615
STU140,Shreya Chauhan,4,4,A,CSE,4,DSA,Week 4,100.0,8617199615
STU140,Shreya Chauhan,4,5,A,CSE,4,DSA,Week 5,80.0,8617199615
STU140,Shreya Chauhan,4,4,A,CSE,4,DSA,Week 6,100.0,8617199615
STU140,Shreya Chauhan,2,3,A,CSE,4,DSA,Week 7,66.67,8617199615
STU140,Shreya Chauhan,3,3,A,CSE,4,DSA,Week 8,100.0,8617199615
STU140,Shreya Chauhan,1,2,A,CSE,4,Code Lab,Week 1,50.0,8617199615
STU140,Shreya Chauhan,2,2,A,CSE,4,Code Lab,Week 2,100.0,8617199615
STU140,Shreya Chauhan,2,3,A,CSE,4,Code Lab,Week 3,66.67,8617199615
STU140,Shreya Chauhan,1,1,A,CSE,4,Code Lab,Week 4,100.0,8617199615
STU140,Shreya Chauhan,3,3,A,CSE,4,Code Lab,Week 5,100.0,8617199615
STU140,Shreya Chauhan,0,1,A,CSE,4,Code Lab,Week 6,0.0,8617199615
STU140,Shreya Chauhan,2,2,A,CSE,4,Code Lab,Week 7,100.0,8617199615
STU140,Shreya Chauhan,2,2,A,CSE,4,Code Lab,Week 8,100.0,8617199615
STU140,Shreya Chauhan,3,3,A,CSE,4,Communication Skills,Week 1,100.0,8617199615
STU140,Shreya Chauhan,1,2,A,CSE,4,Communication Skills,Week 2,50.0,8617199615
STU140,Shreya Chauhan,2,2,A,CSE,4,Communication Skills,Week 3,100.0,8617199615
STU140,Shreya Chauhan,1,2,A,CSE,4,Communication Skills,Week 4,50.0,8617199615
STU140,Shreya Chauhan,1,1,A,CSE,4,Communication Skills,Week 5,100.0,8617199615
STU140,Shreya Chauhan,2,2,A,CSE,4,Communication Skills,Week 6,100.0,8617199615
STU140,Shreya Chauhan,1,1,A,CSE,4,Communication Skills,Week 7,100.0,8617199615
STU140,Shreya Chauhan,2,2,A,CSE,4,Communication Skills,Week 8,100.0,8617199615
STU141,Riya Rao,4,4,B,IT,3,Maths,Week 1,100.0,6977767507
STU141,Riya Rao,3,4,B,IT,3,Maths,Week 2,75.0,6977767507
STU141,Riya Rao,4,4,B,IT,3,Maths,Week 3,100.0,6977767507
STU141,Riya Rao,4,4,B,IT,3,Maths,Week 4,100.0,6977767507
STU141,Riya Rao,4,4,B,IT,3,Maths,Week 5,100.0,6977767507
STU141,Riya Rao,3,4,B,IT,3,Maths,Week 6,75.0,6977767507
STU141,Riya Rao,2,4,B,IT,3,Maths,Week 7,50.0,6977767507
STU141,Riya Rao,2,3,B,IT,3,Maths,Week 8,66.67,6977767507
STU141,Riya Rao,3,3,B,IT,3,Python,Week 1,100.0,6977767507
STU141,Riya Rao,3,3,B,IT,3,Python,Week 2,100.0,6977767507
STU141,Riya Rao,4,4,B,IT,3,Python,Week 3,100.0,6977767507
STU141,Riya Rao,3,3,B,IT,3,Python,Week 4,100.0,6977767507
STU141,Riya Rao,3,3,B,IT,3,Python,Week 5,100.0,6977767507
STU141,Riya Rao,3,3,B,IT,3,Python,Week 6,100.0,6977767507
STU141,Riya Rao,3,3,B,IT,3,Python,Week 7,100.0,6977767507
STU141,Riya Rao,1,3,B,IT,3,Python,Week 8,33.33,6977767507
STU141,Riya Rao,3,3,B,IT,3,AI,Week 1,100.0,6977767507
STU141,Riya Rao,2,2,B,IT,3,AI,Week 2,100.0,6977767507
STU141,Riya Rao,2,3,B,IT,3,AI,Week 3,66.67,6977767507
STU141,Riya Rao,1,2,B,IT,3,AI,Week 4,50.0,6977767507
STU141,Riya Rao,2,3,B,IT,3,AI,Week 5,66.67,6977767507
STU141,Riya Rao,3,3,B,IT,3,AI,Week 6,100.0,6977767507
STU141,Riya Rao,3,4,B,IT,3,AI,Week 7,75.0,6977767507
STU141,Riya Rao,3,3,B,IT,3,AI,Week 8,100.0,6977767507
STU141,Riya Rao,3,4,B,IT,3,DSA,Week 1,75.0,6977767507
STU141,Riya Rao,2,4,B,IT,3,DSA,Week 2,50.0,6977767507
STU141,Riya Rao,4,4,B,IT,3,DSA,Week 3,100.0,6977767507
STU141,Riya Rao,1,3,B,IT,3,DSA,Week 4,33.33,6977767507
STU141,Riya Rao,2,4,B,IT,3,DSA,Week 5,50.0,6977767507
STU141,Riya Rao,3,3,B,IT,3,DSA,Week 6,100.0,6977767507
STU141,Riya Rao,2,3,B,IT,3,DSA,Week 7,66.67,6977767507
STU141,Riya Rao,2,3,B,IT,3,DSA,Week 8,66.67,6977767507
STU141,Riya Rao,2,2,B,IT,3,Code Lab,Week 1,100.0,6977767507
STU141,Riya Rao,2,2,B,IT,3,Code Lab,Week 2,100.0,6977767507
STU141,Riya Rao,1,2,B,IT,3,Code Lab,Week 3,50.0,6977767507
STU141,Riya Rao,1,2,B,IT,3,Code Lab,Week 4,50.0,6977767507
STU141,Riya Rao,2,2,B,IT,3,Code Lab,Week 5,100.0,6977767507
STU141,Riya Rao,1,2,B,IT,3,Code Lab,Week 6,50.0,6977767507
STU141,Riya Rao,1,1,B,IT,3,Code Lab,Week 7,100.0,6977767507
STU141,Riya Rao,1,3,B,IT,3,Code Lab,Week 8,33.33,6977767507
STU141,Riya Rao,1,1,B,IT,3,Communication Skills,Week 1,100.0,6977767507
STU141,Riya Rao,2,2,B,IT,3,Communication Skills,Week 2,100.0,6977767507
STU141,Riya Rao,1,2,B,IT,3,Communication Skills,Week 3,50.0,6977767507
STU141,Riya Rao,2,3,B,IT,3,Communication Skills,Week 4,66.67,6977767507
STU141,Riya Rao,3,3,B,IT,3,Communication Skills,Week 5,100.0,6977767507
STU141,Riya Rao,3,3,B,IT,3,Communication Skills,Week 6,100.0,6977767507
STU141,Riya Rao,3,3,B,IT,3,Communication Skills,Week 7,100.0,6977767507
STU141,Riya Rao,2,2,B,IT,3,Communication Skills,Week 8,100.0,6977767507
STU142,Suresh Joshi,4,4,C,AI&DS,4,Maths,Week 1,100.0,7683563240
STU142,Suresh Joshi,5,5,C,AI&DS,4,Maths,Week 2,100.0,7683563240
STU142,Suresh Joshi,4,4,C,AI&DS,4,Maths,Week 3,100.0,7683563240
STU142,Suresh Joshi,3,3,C,AI&DS,4,Maths,Week 4,100.0,7683563240
STU142,Suresh Joshi,3,4,C,AI&DS,4,Maths,Week 5,75.0,7683563240
STU142,Suresh Joshi,2,3,C,AI&DS,4,Maths,Week 6,66.67,7683563240
STU142,Suresh Joshi,4,4,C,AI&DS,4,Maths,Week 7,100.0,7683563240
STU142,Suresh Joshi,4,4,C,AI&DS,4,Maths,Week 8,100.0,7683563240
STU142,Suresh Joshi,3,3,C,AI&DS,4,Python,Week 1,100.0,7683563240
STU142,Suresh Joshi,2,3,C,AI&DS,4,Python,Week 2,66.67,7683563240
STU142,Suresh Joshi,2,2,C,AI&DS,4,Python,Week 3,100.0,7683563240
STU142,Suresh Joshi,2,3,C,AI&DS,4,Python,Week 4,66.67,7683563240
STU142,Suresh Joshi,4,4,C,AI&DS,4,Python,Week 5,100.0,7683563240
STU142,Suresh Joshi,2,2,C,AI&DS,4,Python,Week 6,100.0,7683563240
STU142,Suresh Joshi,3,3,C,AI&DS,4,Python,Week 7,100.0,7683563240
STU142,Suresh Joshi,3,3,C,AI&DS,4,Python,Week 8,100.0,7683563240
STU142,Suresh Joshi,4,4,C,AI&DS,4,AI,Week 1,100.0,7683563240
STU142,Suresh Joshi,3,3,C,AI&DS,4,AI,Week 2,100.0,7683563240
STU142,Suresh Joshi,2,2,C,AI&DS,4,AI,Week 3,100.0,7683563240
STU142,Suresh Joshi,3,4,C,AI&DS,4,AI,Week 4,75.0,7683563240
STU142,Suresh Joshi,2,3,C,AI&DS,4,AI,Week 5,66.67,7683563240
STU142,Suresh Joshi,2,2,C,AI&DS,4,AI,Week 6,100.0,7683563240
STU142,Suresh Joshi,4,4,C,AI&DS,4,AI,Week 7,100.0,7683563240
STU142,Suresh Joshi,3,3,C,AI&DS,4,AI,Week 8,100.0,7683563240
STU142,Suresh Joshi,4,5,C,AI&DS,4,DSA,Week 1,80.0,7683563240
STU142,Suresh Joshi,4,4,C,AI&DS,4,DSA,Week 2,100.0,7683563240
STU142,Suresh Joshi,4,4,C,AI&DS,4,DSA,Week 3,100.0,7683563240
STU142,Suresh Joshi,3,3,C,AI&DS,4,DSA,Week 4,100.0,7683563240
STU142,Suresh Joshi,2,3,C,AI&DS,4,DSA,Week 5,66.67,7683563240
STU142,Suresh Joshi,3,3,C,AI&DS,4,DSA,Week 6,100.0,7683563240
STU142,Suresh Joshi,3,4,C,AI&DS,4,DSA,Week 7,75.0,7683563240
STU142,Suresh Joshi,3,4,C,AI&DS,4,DSA,Week 8,75.0,7683563240
STU142,Suresh Joshi,1,1,C,AI&DS,4,Code Lab,Week 1,100.0,7683563240
STU142,Suresh Joshi,3,3,C,AI&DS,4,Code Lab,Week 2,100.0,7683563240
STU142,Suresh Joshi,2,2,C,AI&DS,4,Code Lab,Week 3,100.0,7683563240
STU142,Suresh Joshi,2,2,C,AI&DS,4,Code Lab,Week 4,100.0,7683563240
STU142,Suresh Joshi,2,2,C,AI&DS,4,Code Lab,Week 5,100.0,7683563240
STU142,Suresh Joshi,2,2,C,AI&DS,4,Code Lab,Week 6,100.0,7683563240
STU142,Suresh Joshi,1,1,C,AI&DS,4,Code Lab,Week 7,100.0,7683563240
STU142,Suresh Joshi,2,2,C,AI&DS,4,Code Lab,Week 8,100.0,7683563240
STU142,Suresh Joshi,2,2,C,AI&DS,4,Communication Skills,Week 1,100.0,7683563240
STU142,Suresh Joshi,1,1,C,AI&DS,4,Communication Skills,Week 2,100.0,7683563240
STU142,Suresh Joshi,1,1,C,AI&DS,4,Communication Skills,Week 3,100.0,7683563240
STU142,Suresh Joshi,3,3,C,AI&DS,4,Communication Skills,Week 4,100.0,7683563240
STU142,Suresh Joshi,2,2,C,AI&DS,4,Communication Skills,Week 5,100.0,7683563240
STU142,Suresh Joshi,2,2,C,AI&DS,4,Communication Skills,Week 6,100.0,7683563240
STU142,Suresh Joshi,3,3,C,AI&DS,4,Communication Skills,Week 7,100.0,7683563240
STU142,Suresh Joshi,2,2,C,AI&DS,4,Communication Skills,Week 8,100.0,7683563240
STU143,Pooja Nair,5,5,C,CSE,5,Maths,Week 1,100.0,6331714152
STU143,Pooja Nair,5,5,C,CSE,5,Maths,Week 2,100.0,6331714152
STU143,Pooja Nair,1,3,C,CSE,5,Maths,Week 3,33.33,6331714152
STU143,Pooja Nair,2,3,C,CSE,5,Maths,Week 4,66.67,6331714152
STU143,Pooja Nair,3,4,C,CSE,5,Maths,Week 5,75.0,6331714152
STU143,Pooja Nair,4,4,C,CSE,5,Maths,Week 6,100.0,6331714152
STU143,Pooja Nair,2,3,C,CSE,5,Maths,Week 7,66.67,6331714152
STU143,Pooja Nair,2,5,C,CSE,5,Maths,Week 8,40.0,6331714152
STU143,Pooja Nair,3,3,C,CSE,5,Python,Week 1,100.0,6331714152
STU143,Pooja Nair,4,4,C,CSE,5,Python,Week 2,100.0,6331714152
STU143,Pooja Nair,2,3,C,CSE,5,Python,Week 3,66.67,6331714152
STU143,Pooja Nair,4,4,C,CSE,5,Python,Week 4,100.0,6331714152
STU143,Pooja Nair,2,3,C,CSE,5,Python,Week 5,66.67,6331714152
STU143,Pooja Nair,0,2,C,CSE,5,Python,Week 6,0.0,6331714152
STU143,Pooja Nair,1,3,C,CSE,5,Python,Week 7,33.33,6331714152
STU143,Pooja Nair,3,3,C,CSE,5,Python,Week 8,100.0,6331714152
STU143,Pooja Nair,1,2,C,CSE,5,AI,Week 1,50.0,6331714152
STU143,Pooja Nair,3,3,C,CSE,5,AI,Week 2,100.0,6331714152
STU143,Pooja Nair,3,4,C,CSE,5,AI,Week 3,75.0,6331714152
STU143,Pooja Nair,3,3,C,CSE,5,AI,Week 4,100.0,6331714152
STU143,Pooja Nair,3,3,C,CSE,5,AI,Week 5,100.0,6331714152
STU143,Pooja Nair,4,4,C,CSE,5,AI,Week 6,100.0,6331714152
STU143,Pooja Nair,3,4,C,CSE,5,AI,Week 7,75.0,6331714152
STU143,Pooja Nair,3,4,C,CSE,5,AI,Week 8,75.0,6331714152
STU143,Pooja Nair,3,4,C,CSE,5,DSA,Week 1,75.0,6331714152
STU143,Pooja Nair,4,4,C,CSE,5,DSA,Week 2,100.0,6331714152
STU143,Pooja Nair,3,4,C,CSE,5,DSA,Week 3,75.0,6331714152
STU143,Pooja Nair,4,5,C,CSE,5,DSA,Week 4,80.0,6331714152
STU143,Pooja Nair,5,5,C,CSE,5,DSA,Week 5,100.0,6331714152
STU143,Pooja Nair,2,4,C,CSE,5,DSA,Week 6,50.0,6331714152
STU143,Pooja Nair,3,4,C,CSE,5,DSA,Week 7,75.0,6331714152
STU143,Pooja Nair,3,4,C,CSE,5,DSA,Week 8,75.0,6331714152
STU143,Pooja Nair,1,1,C,CSE,5,Code Lab,Week 1,100.0,6331714152
STU143,Pooja Nair,1,2,C,CSE,5,Code Lab,Week 2,50.0,6331714152
STU143,Pooja Nair,2,2,C,CSE,5,Code Lab,Week 3,100.0,6331714152
STU143,Pooja Nair,2,2,C,CSE,5,Code Lab,Week 4,100.0,6331714152
STU143,Pooja Nair,2,2,C,CSE,5,Code Lab,Week 5,100.0,6331714152
STU143,Pooja Nair,1,2,C,CSE,5,Code Lab,Week 6,50.0,6331714152
STU143,Pooja Nair,0,2,C,CSE,5,Code Lab,Week 7,0.0,6331714152
STU143,Pooja Nair,1,1,C,CSE,5,Code Lab,Week 8,100.0,6331714152
STU143,Pooja Nair,2,2,C,CSE,5,Communication Skills,Week 1,100.0,6331714152
STU143,Pooja Nair,2,2,C,CSE,5,Communication Skills,Week 2,100.0,6331714152
STU143,Pooja Nair,2,3,C,CSE,5,Communication Skills,Week 3,66.67,6331714152
STU143,Pooja Nair,2,3,C,CSE,5,Communication Skills,Week 4,66.67,6331714152
STU143,Pooja Nair,0,2,C,CSE,5,Communication Skills,Week 5,0.0,6331714152
STU143,Pooja Nair,0,2,C,CSE,5,Communication Skills,Week 6,0.0,6331714152
STU143,Pooja Nair,2,2,C,CSE,5,Communication Skills,Week 7,100.0,6331714152
STU143,Pooja Nair,1,2,C,CSE,5,Communication Skills,Week 8,50.0,6331714152
STU144,Sneha Singh,3,4,A,AI&DS,4,Maths,Week 1,75.0,8802601465
STU144,Sneha Singh,4,5,A,AI&DS,4,Maths,Week 2,80.0,8802601465
STU144,Sneha Singh,1,4,A,AI&DS,4,Maths,Week 3,25.0,8802601465
STU144,Sneha Singh,3,4,A,AI&DS,4,Maths,Week 4,75.0,8802601465
STU144,Sneha Singh,2,4,A,AI&DS,4,Maths,Week 5,50.0,8802601465
STU144,Sneha Singh,2,4,A,AI&DS,4,Maths,Week 6,50.0,8802601465
STU144,Sneha Singh,1,4,A,AI&DS,4,Maths,Week 7,25.0,8802601465
STU144,Sneha Singh,2,3,A,AI&DS,4,Maths,Week 8,66.67,8802601465
STU144,Sneha Singh,0,3,A,AI&DS,4,Python,Week 1,0.0,8802601465
STU144,Sneha Singh,2,3,A,AI&DS,4,Python,Week 2,66.67,8802601465
STU144,Sneha Singh,1,3,A,AI&DS,4,Python,Week 3,33.33,8802601465
STU144,Sneha Singh,2,4,A,AI&DS,4,Python,Week 4,50.0,8802601465
STU144,Sneha Singh,1,2,A,AI&DS,4,Python,Week 5,50.0,8802601465
STU144,Sneha Singh,1,4,A,AI&DS,4,Python,Week 6,25.0,8802601465
STU144,Sneha Singh,2,2,A,AI&DS,4,Python,Week 7,100.0,8802601465
STU144,Sneha Singh,2,3,A,AI&DS,4,Python,Week 8,66.67,8802601465
STU144,Sneha Singh,1,4,A,AI&DS,4,AI,Week 1,25.0,8802601465
STU144,Sneha Singh,1,3,A,AI&DS,4,AI,Week 2,33.33,8802601465
STU144,Sneha Singh,3,3,A,AI&DS,4,AI,Week 3,100.0,8802601465
STU144,Sneha Singh,3,4,A,AI&DS,4,AI,Week 4,75.0,8802601465
STU144,Sneha Singh,2,3,A,AI&DS,4,AI,Week 5,66.67,8802601465
STU144,Sneha Singh,2,3,A,AI&DS,4,AI,Week 6,66.67,8802601465
STU144,Sneha Singh,3,3,A,AI&DS,4,AI,Week 7,100.0,8802601465
STU144,Sneha Singh,2,3,A,AI&DS,4,AI,Week 8,66.67,8802601465
STU144,Sneha Singh,2,4,A,AI&DS,4,DSA,Week 1,50.0,8802601465
STU144,Sneha Singh,3,4,A,AI&DS,4,DSA,Week 2,75.0,8802601465
STU144,Sneha Singh,3,5,A,AI&DS,4,DSA,Week 3,60.0,8802601465
STU144,Sneha Singh,3,4,A,AI&DS,4,DSA,Week 4,75.0,8802601465
STU144,Sneha Singh,2,4,A,AI&DS,4,DSA,Week 5,50.0,8802601465
STU144,Sneha Singh,1,3,A,AI&DS,4,DSA,Week 6,33.33,8802601465
STU144,Sneha Singh,4,4,A,AI&DS,4,DSA,Week 7,100.0,8802601465
STU144,Sneha Singh,2,4,A,AI&DS,4,DSA,Week 8,50.0,8802601465
STU144,Sneha Singh,1,2,A,AI&DS,4,Code Lab,Week 1,50.0,8802601465
STU144,Sneha Singh,1,2,A,AI&DS,4,Code Lab,Week 2,50.0,8802601465
STU144,Sneha Singh,0,2,A,AI&DS,4,Code Lab,Week 3,0.0,8802601465
STU144,Sneha Singh,1,2,A,AI&DS,4,Code Lab,Week 4,50.0,8802601465
STU144,Sneha Singh,0,3,A,AI&DS,4,Code Lab,Week 5,0.0,8802601465
STU144,Sneha Singh,1,2,A,AI&DS,4,Code Lab,Week 6,50.0,8802601465
STU144,Sneha Singh,2,3,A,AI&DS,4,Code Lab,Week 7,66.67,8802601465
STU144,Sneha Singh,1,1,A,AI&DS,4,Code Lab,Week 8,100.0,8802601465
STU144,Sneha Singh,0,3,A,AI&DS,4,Communication Skills,Week 1,0.0,8802601465
STU144,Sneha Singh,2,3,A,AI&DS,4,Communication Skills,Week 2,66.67,8802601465
STU144,Sneha Singh,1,3,A,AI&DS,4,Communication Skills,Week 3,33.33,8802601465
STU144,Sneha Singh,0,1,A,AI&DS,4,Communication Skills,Week 4,0.0,8802601465
STU144,Sneha Singh,2,2,A,AI&DS,4,Communication Skills,Week 5,100.0,8802601465
STU144,Sneha Singh,1,2,A,AI&DS,4,Communication Skills,Week 6,50.0,8802601465
STU144,Sneha Singh,0,2,A,AI&DS,4,Communication Skills,Week 7,0.0,8802601465
STU144,Sneha Singh,3,3,A,AI&DS,4,Communication Skills,Week 8,100.0,8802601465
STU145,Meera Nair,4,4,B,MECH,5,Maths,Week 1,100.0,8891713190
STU145,Meera Nair,4,4,B,MECH,5,Maths,Week 2,100.0,8891713190
STU145,Meera Nair,3,4,B,MECH,5,Maths,Week 3,75.0,8891713190
STU145,Meera Nair,3,3,B,MECH,5,Maths,Week 4,100.0,8891713190
STU145,Meera Nair,4,4,B,MECH,5,Maths,Week 5,100.0,8891713190
STU145,Meera Nair,3,4,B,MECH,5,Maths,Week 6,75.0,8891713190
STU145,Meera Nair,4,4,B,MECH,5,Maths,Week 7,100.0,8891713190
STU145,Meera Nair,4,5,B,MECH,5,Maths,Week 8,80.0,8891713190
STU145,Meera Nair,2,2,B,MECH,5,Python,Week 1,100.0,8891713190
STU145,Meera Nair,3,3,B,MECH,5,Python,Week 2,100.0,8891713190
STU145,Meera Nair,3,3,B,MECH,5,Python,Week 3,100.0,8891713190
STU145,Meera Nair,3,3,B,MECH,5,Python,Week 4,100.0,8891713190
STU145,Meera Nair,2,3,B,MECH,5,Python,Week 5,66.67,8891713190
STU145,Meera Nair,2,2,B,MECH,5,Python,Week 6,100.0,8891713190
STU145,Meera Nair,3,3,B,MECH,5,Python,Week 7,100.0,8891713190
STU145,Meera Nair,2,2,B,MECH,5,Python,Week 8,100.0,8891713190
STU145,Meera Nair,4,4,B,MECH,5,AI,Week 1,100.0,8891713190
STU145,Meera Nair,3,3,B,MECH,5,AI,Week 2,100.0,8891713190
STU145,Meera Nair,3,3,B,MECH,5,AI,Week 3,100.0,8891713190
STU145,Meera Nair,3,3,B,MECH,5,AI,Week 4,100.0,8891713190
STU145,Meera Nair,3,3,B,MECH,5,AI,Week 5,100.0,8891713190
STU145,Meera Nair,4,4,B,MECH,5,AI,Week 6,100.0,8891713190
STU145,Meera Nair,3,4,B,MECH,5,AI,Week 7,75.0,8891713190
STU145,Meera Nair,2,2,B,MECH,5,AI,Week 8,100.0,8891713190
STU145,Meera Nair,1,3,B,MECH,5,DSA,Week 1,33.33,8891713190
STU145,Meera Nair,4,4,B,MECH,5,DSA,Week 2,100.0,8891713190
STU145,Meera Nair,3,4,B,MECH,5,DSA,Week 3,75.0,8891713190
STU145,Meera Nair,4,4,B,MECH,5,DSA,Week 4,100.0,8891713190
STU145,Meera Nair,2,3,B,MECH,5,DSA,Week 5,66.67,8891713190
STU145,Meera Nair,4,4,B,MECH,5,DSA,Week 6,100.0,8891713190
STU145,Meera Nair,4,4,B,MECH,5,DSA,Week 7,100.0,8891713190
STU145,Meera Nair,4,4,B,MECH,5,DSA,Week 8,100.0,8891713190
STU145,Meera Nair,2,2,B,MECH,5,Code Lab,Week 1,100.0,8891713190
STU145,Meera Nair,2,2,B,MECH,5,Code Lab,Week 2,100.0,8891713190
STU145,Meera Nair,2,2,B,MECH,5,Code Lab,Week 3,100.0,8891713190
STU145,Meera Nair,2,2,B,MECH,5,Code Lab,Week 4,100.0,8891713190
STU145,Meera Nair,1,2,B,MECH,5,Code Lab,Week 5,50.0,8891713190
STU145,Meera Nair,1,1,B,MECH,5,Code Lab,Week 6,100.0,8891713190
STU145,Meera Nair,2,2,B,MECH,5,Code Lab,Week 7,100.0,8891713190
STU145,Meera Nair,1,1,B,MECH,5,Code Lab,Week 8,100.0,8891713190
STU145,Meera Nair,2,3,B,MECH,5,Communication Skills,Week 1,66.67,8891713190
STU145,Meera Nair,3,3,B,MECH,5,Communication Skills,Week 2,100.0,8891713190
STU145,Meera Nair,2,2,B,MECH,5,Communication Skills,Week 3,100.0,8891713190
STU145,Meera Nair,2,2,B,MECH,5,Communication Skills,Week 4,100.0,8891713190
STU145,Meera Nair,2,2,B,MECH,5,Communication Skills,Week 5,100.0,8891713190
STU145,Meera Nair,3,3,B,MECH,5,Communication Skills,Week 6,100.0,8891713190
STU145,Meera Nair,3,3,B,MECH,5,Communication Skills,Week 7,100.0,8891713190
STU145,Meera Nair,3,3,B,MECH,5,Communication Skills,Week 8,100.0,8891713190
STU146,Ritika Joshi,5,5,A,ECE,4,Maths,Week 1,100.0,6151136695
STU146,Ritika Joshi,2,3,A,ECE,4,Maths,Week 2,66.67,6151136695
STU146,Ritika Joshi,2,5,A,ECE,4,Maths,Week 3,40.0,6151136695
STU146,Ritika Joshi,2,4,A,ECE,4,Maths,Week 4,50.0,6151136695
STU146,Ritika Joshi,3,4,A,ECE,4,Maths,Week 5,75.0,6151136695
STU146,Ritika Joshi,5,5,A,ECE,4,Maths,Week 6,100.0,6151136695
STU146,Ritika Joshi,2,4,A,ECE,4,Maths,Week 7,50.0,6151136695
STU146,Ritika Joshi,2,3,A,ECE,4,Maths,Week 8,66.67,6151136695
STU146,Ritika Joshi,2,3,A,ECE,4,Python,Week 1,66.67,6151136695
STU146,Ritika Joshi,2,3,A,ECE,4,Python,Week 2,66.67,6151136695
STU146,Ritika Joshi,3,3,A,ECE,4,Python,Week 3,100.0,6151136695
STU146,Ritika Joshi,1,2,A,ECE,4,Python,Week 4,50.0,6151136695
STU146,Ritika Joshi,2,3,A,ECE,4,Python,Week 5,66.67,6151136695
STU146,Ritika Joshi,2,3,A,ECE,4,Python,Week 6,66.67,6151136695
STU146,Ritika Joshi,3,4,A,ECE,4,Python,Week 7,75.0,6151136695
STU146,Ritika Joshi,1,2,A,ECE,4,Python,Week 8,50.0,6151136695
STU146,Ritika Joshi,3,3,A,ECE,4,AI,Week 1,100.0,6151136695
STU146,Ritika Joshi,3,4,A,ECE,4,AI,Week 2,75.0,6151136695
STU146,Ritika Joshi,2,3,A,ECE,4,AI,Week 3,66.67,6151136695
STU146,Ritika Joshi,2,3,A,ECE,4,AI,Week 4,66.67,6151136695
STU146,Ritika Joshi,0,3,A,ECE,4,AI,Week 5,0.0,6151136695
STU146,Ritika Joshi,1,3,A,ECE,4,AI,Week 6,33.33,6151136695
STU146,Ritika Joshi,2,3,A,ECE,4,AI,Week 7,66.67,6151136695
STU146,Ritika Joshi,3,3,A,ECE,4,AI,Week 8,100.0,6151136695
STU146,Ritika Joshi,1,3,A,ECE,4,DSA,Week 1,33.33,6151136695
STU146,Ritika Joshi,4,5,A,ECE,4,DSA,Week 2,80.0,6151136695
STU146,Ritika Joshi,2,4,A,ECE,4,DSA,Week 3,50.0,6151136695
STU146,Ritika Joshi,4,4,A,ECE,4,DSA,Week 4,100.0,6151136695
STU146,Ritika Joshi,4,4,A,ECE,4,DSA,Week 5,100.0,6151136695
STU146,Ritika Joshi,3,4,A,ECE,4,DSA,Week 6,75.0,6151136695
STU146,Ritika Joshi,4,5,A,ECE,4,DSA,Week 7,80.0,6151136695
STU146,Ritika Joshi,4,4,A,ECE,4,DSA,Week 8,100.0,6151136695
STU146,Ritika Joshi,2,3,A,ECE,4,Code Lab,Week 1,66.67,6151136695
STU146,Ritika Joshi,2,2,A,ECE,4,Code Lab,Week 2,100.0,6151136695
STU146,Ritika Joshi,2,2,A,ECE,4,Code Lab,Week 3,100.0,6151136695
STU146,Ritika Joshi,1,2,A,ECE,4,Code Lab,Week 4,50.0,6151136695
STU146,Ritika Joshi,1,2,A,ECE,4,Code Lab,Week 5,50.0,6151136695
STU146,Ritika Joshi,3,3,A,ECE,4,Code Lab,Week 6,100.0,6151136695
STU146,Ritika Joshi,2,2,A,ECE,4,Code Lab,Week 7,100.0,6151136695
STU146,Ritika Joshi,1,1,A,ECE,4,Code Lab,Week 8,100.0,6151136695
STU146,Ritika Joshi,1,2,A,ECE,4,Communication Skills,Week 1,50.0,6151136695
STU146,Ritika Joshi,2,3,A,ECE,4,Communication Skills,Week 2,66.67,6151136695
STU146,Ritika Joshi,2,2,A,ECE,4,Communication Skills,Week 3,100.0,6151136695
STU146,Ritika Joshi,2,2,A,ECE,4,Communication Skills,Week 4,100.0,6151136695
STU146,Ritika Joshi,1,1,A,ECE,4,Communication Skills,Week 5,100.0,6151136695
STU146,Ritika Joshi,1,2,A,ECE,4,Communication Skills,Week 6,50.0,6151136695
STU146,Ritika Joshi,2,2,A,ECE,4,Communication Skills,Week 7,100.0,6151136695
STU146,Ritika Joshi,1,1,A,ECE,4,Communication Skills,Week 8,100.0,6151136695
STU147,Isha Desai,4,4,B,MECH,3,Maths,Week 1,100.0,9014945047
STU147,Isha Desai,4,4,B,MECH,3,Maths,Week 2,100.0,9014945047
STU147,Isha Desai,4,4,B,MECH,3,Maths,Week 3,100.0,9014945047
STU147,Isha Desai,4,4,B,MECH,3,Maths,Week 4,100.0,9014945047
STU147,Isha Desai,5,5,B,MECH,3,Maths,Week 5,100.0,9014945047
STU147,Isha Desai,3,3,B,MECH,3,Maths,Week 6,100.0,9014945047
STU147,Isha Desai,3,3,B,MECH,3,Maths,Week 7,100.0,9014945047
STU147,Isha Desai,3,3,B,MECH,3,Maths,Week 8,100.0,9014945047
STU147,Isha Desai,3,3,B,MECH,3,Python,Week 1,100.0,9014945047
STU147,Isha Desai,3,3,B,MECH,3,Python,Week 2,100.0,9014945047
STU147,Isha Desai,1,2,B,MECH,3,Python,Week 3,50.0,9014945047
STU147,Isha Desai,2,2,B,MECH,3,Python,Week 4,100.0,9014945047
STU147,Isha Desai,3,3,B,MECH,3,Python,Week 5,100.0,9014945047
STU147,Isha Desai,2,2,B,MECH,3,Python,Week 6,100.0,9014945047
STU147,Isha Desai,3,3,B,MECH,3,Python,Week 7,100.0,9014945047
STU147,Isha Desai,2,2,B,MECH,3,Python,Week 8,100.0,9014945047
STU147,Isha Desai,2,3,B,MECH,3,AI,Week 1,66.67,9014945047
STU147,Isha Desai,3,3,B,MECH,3,AI,Week 2,100.0,9014945047
STU147,Isha Desai,3,3,B,MECH,3,AI,Week 3,100.0,9014945047
STU147,Isha Desai,3,3,B,MECH,3,AI,Week 4,100.0,9014945047
STU147,Isha Desai,3,3,B,MECH,3,AI,Week 5,100.0,9014945047
STU147,Isha Desai,2,3,B,MECH,3,AI,Week 6,66.67,9014945047
STU147,Isha Desai,3,3,B,MECH,3,AI,Week 7,100.0,9014945047
STU147,Isha Desai,3,3,B,MECH,3,AI,Week 8,100.0,9014945047
STU147,Isha Desai,4,5,B,MECH,3,DSA,Week 1,80.0,9014945047
STU147,Isha Desai,4,4,B,MECH,3,DSA,Week 2,100.0,9014945047
STU147,Isha Desai,5,5,B,MECH,3,DSA,Week 3,100.0,9014945047
STU147,Isha Desai,4,4,B,MECH,3,DSA,Week 4,100.0,9014945047
STU147,Isha Desai,4,4,B,MECH,3,DSA,Week 5,100.0,9014945047
STU147,Isha Desai,3,3,B,MECH,3,DSA,Week 6,100.0,9014945047
STU147,Isha Desai,4,4,B,MECH,3,DSA,Week 7,100.0,9014945047
STU147,Isha Desai,4,4,B,MECH,3,DSA,Week 8,100.0,9014945047
STU147,Isha Desai,2,2,B,MECH,3,Code Lab,Week 1,100.0,9014945047
STU147,Isha Desai,2,2,B,MECH,3,Code Lab,Week 2,100.0,9014945047
STU147,Isha Desai,3,3,B,MECH,3,Code Lab,Week 3,100.0,9014945047
STU147,Isha Desai,2,2,B,MECH,3,Code Lab,Week 4,100.0,9014945047
STU147,Isha Desai,1,1,B,MECH,3,Code Lab,Week 5,100.0,9014945047
STU147,Isha Desai,1,2,B,MECH,3,Code Lab,Week 6,50.0,9014945047
STU147,Isha Desai,3,3,B,MECH,3,Code Lab,Week 7,100.0,9014945047
STU147,Isha Desai,2,2,B,MECH,3,Code Lab,Week 8,100.0,9014945047
STU147,Isha Desai,2,2,B,MECH,3,Communication Skills,Week 1,100.0,9014945047
STU147,Isha Desai,2,2,B,MECH,3,Communication Skills,Week 2,100.0,9014945047
STU147,Isha Desai,2,2,B,MECH,3,Communication Skills,Week 3,100.0,9014945047
STU147,Isha Desai,3,3,B,MECH,3,Communication Skills,Week 4,100.0,9014945047
STU147,Isha Desai,2,2,B,MECH,3,Communication Skills,Week 5,100.0,9014945047
STU147,Isha Desai,2,2,B,MECH,3,Communication Skills,Week 6,100.0,9014945047
STU147,Isha Desai,3,3,B,MECH,3,Communication Skills,Week 7,100.0,9014945047
STU147,Isha Desai,2,3,B,MECH,3,Communication Skills,Week 8,66.67,9014945047
STU148,Vikram Pillai,4,4,C,ECE,5,Maths,Week 1,100.0,8627666622
STU148,Vikram Pillai,2,5,C,ECE,5,Maths,Week 2,40.0,8627666622
STU148,Vikram Pillai,0,3,C,ECE,5,Maths,Week 3,0.0,8627666622
STU148,Vikram Pillai,4,5,C,ECE,5,Maths,Week 4,80.0,8627666622
STU148,Vikram Pillai,0,4,C,ECE,5,Maths,Week 5,0.0,8627666622
STU148,Vikram Pillai,2,4,C,ECE,5,Maths,Week 6,50.0,8627666622
STU148,Vikram Pillai,2,4,C,ECE,5,Maths,Week 7,50.0,8627666622
STU148,Vikram Pillai,4,5,C,ECE,5,Maths,Week 8,80.0,8627666622
STU148,Vikram Pillai,0,3,C,ECE,5,Python,Week 1,0.0,8627666622
STU148,Vikram Pillai,2,4,C,ECE,5,Python,Week 2,50.0,8627666622
STU148,Vikram Pillai,2,3,C,ECE,5,Python,Week 3,66.67,8627666622
STU148,Vikram Pillai,2,3,C,ECE,5,Python,Week 4,66.67,8627666622
STU148,Vikram Pillai,3,4,C,ECE,5,Python,Week 5,75.0,8627666622
STU148,Vikram Pillai,2,3,C,ECE,5,Python,Week 6,66.67,8627666622
STU148,Vikram Pillai,1,2,C,ECE,5,Python,Week 7,50.0,8627666622
STU148,Vikram Pillai,3,3,C,ECE,5,Python,Week 8,100.0,8627666622
STU148,Vikram Pillai,1,2,C,ECE,5,AI,Week 1,50.0,8627666622
STU148,Vikram Pillai,0,3,C,ECE,5,AI,Week 2,0.0,8627666622
STU148,Vikram Pillai,2,3,C,ECE,5,AI,Week 3,66.67,8627666622
STU148,Vikram Pillai,1,4,C,ECE,5,AI,Week 4,25.0,8627666622
STU148,Vikram Pillai,3,3,C,ECE,5,AI,Week 5,100.0,8627666622
STU148,Vikram Pillai,1,3,C,ECE,5,AI,Week 6,33.33,8627666622
STU148,Vikram Pillai,1,3,C,ECE,5,AI,Week 7,33.33,8627666622
STU148,Vikram Pillai,1,4,C,ECE,5,AI,Week 8,25.0,8627666622
STU148,Vikram Pillai,3,5,C,ECE,5,DSA,Week 1,60.0,8627666622
STU148,Vikram Pillai,3,4,C,ECE,5,DSA,Week 2,75.0,8627666622
STU148,Vikram Pillai,3,4,C,ECE,5,DSA,Week 3,75.0,8627666622
STU148,Vikram Pillai,2,5,C,ECE,5,DSA,Week 4,40.0,8627666622
STU148,Vikram Pillai,3,5,C,ECE,5,DSA,Week 5,60.0,8627666622
STU148,Vikram Pillai,3,4,C,ECE,5,DSA,Week 6,75.0,8627666622
STU148,Vikram Pillai,3,4,C,ECE,5,DSA,Week 7,75.0,8627666622
STU148,Vikram Pillai,1,4,C,ECE,5,DSA,Week 8,25.0,8627666622
STU148,Vikram Pillai,2,2,C,ECE,5,Code Lab,Week 1,100.0,8627666622
STU148,Vikram Pillai,0,1,C,ECE,5,Code Lab,Week 2,0.0,8627666622
STU148,Vikram Pillai,1,2,C,ECE,5,Code Lab,Week 3,50.0,8627666622
STU148,Vikram Pillai,0,2,C,ECE,5,Code Lab,Week 4,0.0,8627666622
STU148,Vikram Pillai,1,2,C,ECE,5,Code Lab,Week 5,50.0,8627666622
STU148,Vikram Pillai,0,2,C,ECE,5,Code Lab,Week 6,0.0,8627666622
STU148,Vikram Pillai,0,1,C,ECE,5,Code Lab,Week 7,0.0,8627666622
STU148,Vikram Pillai,1,3,C,ECE,5,Code Lab,Week 8,33.33,8627666622
STU148,Vikram Pillai,1,1,C,ECE,5,Communication Skills,Week 1,100.0,8627666622
STU148,Vikram Pillai,1,2,C,ECE,5,Communication Skills,Week 2,50.0,8627666622
STU148,Vikram Pillai,1,2,C,ECE,5,Communication Skills,Week 3,50.0,8627666622
STU148,Vikram Pillai,1,2,C,ECE,5,Communication Skills,Week 4,50.0,8627666622
STU148,Vikram Pillai,0,1,C,ECE,5,Communication Skills,Week 5,0.0,8627666622
STU148,Vikram Pillai,1,2,C,ECE,5,Communication Skills,Week 6,50.0,8627666622
STU148,Vikram Pillai,0,2,C,ECE,5,Communication Skills,Week 7,0.0,8627666622
STU148,Vikram Pillai,1,2,C,ECE,5,Communication Skills,Week 8,50.0,8627666622
STU149,Yash Iyer,4,4,B,AI&DS,3,Maths,Week 1,100.0,8982748549
STU149,Yash Iyer,4,4,B,AI&DS,3,Maths,Week 2,100.0,8982748549
STU149,Yash Iyer,4,4,B,AI&DS,3,Maths,Week 3,100.0,8982748549
STU149,Yash Iyer,3,4,B,AI&DS,3,Maths,Week 4,75.0,8982748549
STU149,Yash Iyer,3,4,B,AI&DS,3,Maths,Week 5,75.0,8982748549
STU149,Yash Iyer,2,4,B,AI&DS,3,Maths,Week 6,50.0,8982748549
STU149,Yash Iyer,4,4,B,AI&DS,3,Maths,Week 7,100.0,8982748549
STU149,Yash Iyer,2,4,B,AI&DS,3,Maths,Week 8,50.0,8982748549
STU149,Yash Iyer,4,4,B,AI&DS,3,Python,Week 1,100.0,8982748549
STU149,Yash Iyer,3,3,B,AI&DS,3,Python,Week 2,100.0,8982748549
STU149,Yash Iyer,1,2,B,AI&DS,3,Python,Week 3,50.0,8982748549
STU149,Yash Iyer,2,3,B,AI&DS,3,Python,Week 4,66.67,8982748549
STU149,Yash Iyer,2,3,B,AI&DS,3,Python,Week 5,66.67,8982748549
STU149,Yash Iyer,2,3,B,AI&DS,3,Python,Week 6,66.67,8982748549
STU149,Yash Iyer,2,2,B,AI&DS,3,Python,Week 7,100.0,8982748549
STU149,Yash Iyer,0,3,B,AI&DS,3,Python,Week 8,0.0,8982748549
STU149,Yash Iyer,2,3,B,AI&DS,3,AI,Week 1,66.67,8982748549
STU149,Yash Iyer,3,3,B,AI&DS,3,AI,Week 2,100.0,8982748549
STU149,Yash Iyer,3,3,B,AI&DS,3,AI,Week 3,100.0,8982748549
STU149,Yash Iyer,4,4,B,AI&DS,3,AI,Week 4,100.0,8982748549
STU149,Yash Iyer,2,3,B,AI&DS,3,AI,Week 5,66.67,8982748549
STU149,Yash Iyer,3,3,B,AI&DS,3,AI,Week 6,100.0,8982748549
STU149,Yash Iyer,3,4,B,AI&DS,3,AI,Week 7,75.0,8982748549
STU149,Yash Iyer,4,4,B,AI&DS,3,AI,Week 8,100.0,8982748549
STU149,Yash Iyer,1,3,B,AI&DS,3,DSA,Week 1,33.33,8982748549
STU149,Yash Iyer,4,4,B,AI&DS,3,DSA,Week 2,100.0,8982748549
STU149,Yash Iyer,4,4,B,AI&DS,3,DSA,Week 3,100.0,8982748549
STU149,Yash Iyer,3,5,B,AI&DS,3,DSA,Week 4,60.0,8982748549
STU149,Yash Iyer,3,4,B,AI&DS,3,DSA,Week 5,75.0,8982748549
STU149,Yash Iyer,4,4,B,AI&DS,3,DSA,Week 6,100.0,8982748549
STU149,Yash Iyer,0,3,B,AI&DS,3,DSA,Week 7,0.0,8982748549
STU149,Yash Iyer,3,5,B,AI&DS,3,DSA,Week 8,60.0,8982748549
STU149,Yash Iyer,2,2,B,AI&DS,3,Code Lab,Week 1,100.0,8982748549
STU149,Yash Iyer,2,2,B,AI&DS,3,Code Lab,Week 2,100.0,8982748549
STU149,Yash Iyer,2,2,B,AI&DS,3,Code Lab,Week 3,100.0,8982748549
STU149,Yash Iyer,1,1,B,AI&DS,3,Code Lab,Week 4,100.0,8982748549
STU149,Yash Iyer,1,3,B,AI&DS,3,Code Lab,Week 5,33.33,8982748549
STU149,Yash Iyer,2,2,B,AI&DS,3,Code Lab,Week 6,100.0,8982748549
STU149,Yash Iyer,1,2,B,AI&DS,3,Code Lab,Week 7,50.0,8982748549
STU149,Yash Iyer,1,2,B,AI&DS,3,Code Lab,Week 8,50.0,8982748549
STU149,Yash Iyer,2,3,B,AI&DS,3,Communication Skills,Week 1,66.67,8982748549
STU149,Yash Iyer,1,1,B,AI&DS,3,Communication Skills,Week 2,100.0,8982748549
STU149,Yash Iyer,1,2,B,AI&DS,3,Communication Skills,Week 3,50.0,8982748549
STU149,Yash Iyer,2,2,B,AI&DS,3,Communication Skills,Week 4,100.0,8982748549
STU149,Yash Iyer,3,3,B,AI&DS,3,Communication Skills,Week 5,100.0,8982748549
STU149,Yash Iyer,1,2,B,AI&DS,3,Communication Skills,Week 6,50.0,8982748549
STU149,Yash Iyer,2,2,B,AI&DS,3,Communication Skills,Week 7,100.0,8982748549
STU149,Yash Iyer,2,3,B,AI&DS,3,Communication Skills,Week 8,66.67,8982748549
STU150,Priya Pillai,4,4,C,ECE,4,Maths,Week 1,100.0,6150084428
STU150,Priya Pillai,4,4,C,ECE,4,Maths,Week 2,100.0,6150084428
STU150,Priya Pillai,4,4,C,ECE,4,Maths,Week 3,100.0,6150084428
STU150,Priya Pillai,3,3,C,ECE,4,Maths,Week 4,100.0,6150084428
STU150,Priya Pillai,5,5,C,ECE,4,Maths,Week 5,100.0,6150084428
STU150,Priya Pillai,3,3,C,ECE,4,Maths,Week 6,100.0,6150084428
STU150,Priya Pillai,4,4,C,ECE,4,Maths,Week 7,100.0,6150084428
STU150,Priya Pillai,4,4,C,ECE,4,Maths,Week 8,100.0,6150084428
STU150,Priya Pillai,2,3,C,ECE,4,Python,Week 1,66.67,6150084428
STU150,Priya Pillai,3,4,C,ECE,4,Python,Week 2,75.0,6150084428
STU150,Priya Pillai,3,3,C,ECE,4,Python,Week 3,100.0,6150084428
STU150,Priya Pillai,3,3,C,ECE,4,Python,Week 4,100.0,6150084428
STU150,Priya Pillai,2,2,C,ECE,4,Python,Week 5,100.0,6150084428
STU150,Priya Pillai,3,4,C,ECE,4,Python,Week 6,75.0,6150084428
STU150,Priya Pillai,2,2,C,ECE,4,Python,Week 7,100.0,6150084428
STU150,Priya Pillai,3,3,C,ECE,4,Python,Week 8,100.0,6150084428
STU150,Priya Pillai,3,3,C,ECE,4,AI,Week 1,100.0,6150084428
STU150,Priya Pillai,3,3,C,ECE,4,AI,Week 2,100.0,6150084428
STU150,Priya Pillai,3,3,C,ECE,4,AI,Week 3,100.0,6150084428
STU150,Priya Pillai,2,2,C,ECE,4,AI,Week 4,100.0,6150084428
STU150,Priya Pillai,4,4,C,ECE,4,AI,Week 5,100.0,6150084428
STU150,Priya Pillai,3,3,C,ECE,4,AI,Week 6,100.0,6150084428
STU150,Priya Pillai,3,3,C,ECE,4,AI,Week 7,100.0,6150084428
STU150,Priya Pillai,4,4,C,ECE,4,AI,Week 8,100.0,6150084428
STU150,Priya Pillai,3,3,C,ECE,4,DSA,Week 1,100.0,6150084428
STU150,Priya Pillai,3,4,C,ECE,4,DSA,Week 2,75.0,6150084428
STU150,Priya Pillai,5,5,C,ECE,4,DSA,Week 3,100.0,6150084428
STU150,Priya Pillai,2,4,C,ECE,4,DSA,Week 4,50.0,6150084428
STU150,Priya Pillai,4,4,C,ECE,4,DSA,Week 5,100.0,6150084428
STU150,Priya Pillai,4,4,C,ECE,4,DSA,Week 6,100.0,6150084428
STU150,Priya Pillai,3,3,C,ECE,4,DSA,Week 7,100.0,6150084428
STU150,Priya Pillai,4,4,C,ECE,4,DSA,Week 8,100.0,6150084428
STU150,Priya Pillai,2,2,C,ECE,4,Code Lab,Week 1,100.0,6150084428
STU150,Priya Pillai,3,3,C,ECE,4,Code Lab,Week 2,100.0,6150084428
STU150,Priya Pillai,1,2,C,ECE,4,Code Lab,Week 3,50.0,6150084428
STU150,Priya Pillai,2,2,C,ECE,4,Code Lab,Week 4,100.0,6150084428
STU150,Priya Pillai,1,2,C,ECE,4,Code Lab,Week 5,50.0,6150084428
STU150,Priya Pillai,1,1,C,ECE,4,Code Lab,Week 6,100.0,6150084428
STU150,Priya Pillai,1,1,C,ECE,4,Code Lab,Week 7,100.0,6150084428
STU150,Priya Pillai,1,2,C,ECE,4,Code Lab,Week 8,50.0,6150084428
STU150,Priya Pillai,2,2,C,ECE,4,Communication Skills,Week 1,100.0,6150084428
STU150,Priya Pillai,1,1,C,ECE,4,Communication Skills,Week 2,100.0,6150084428
STU150,Priya Pillai,2,2,C,ECE,4,Communication Skills,Week 3,100.0,6150084428
STU150,Priya Pillai,1,2,C,ECE,4,Communication Skills,Week 4,50.0,6150084428
STU150,Priya Pillai,2,2,C,ECE,4,Communication Skills,Week 5,100.0,6150084428
STU150,Priya Pillai,2,2,C,ECE,4,Communication Skills,Week 6,100.0,6150084428
STU150,Priya Pillai,1,1,C,ECE,4,Communication Skills,Week 7,100.0,6150084428
STU150,Priya Pillai,3,3,C,ECE,4,Communication Skills,Week 8,100.0,6150084428
